filename,transcript,speaker_id,emotion,dataset
raw_datasets/NonverbalTTS/id00472/id00472_neutral_00_00000.wav,The writing is really good. My lines are just amazing.  The fact that I keep.,Nonverbal_id00472,neutral_breath,NonverbalTTS
raw_datasets/NonverbalTTS/id00373/id00373_sad_00_00001.wav,That you can be strong and confident and you know and and be independent and not have to just go with the flow in high school.,Nonverbal_id00373,sad_breath,NonverbalTTS
raw_datasets/NonverbalTTS/id00616/id00616_sad_00_00002.wav,"I was scrubbing floors at Harvey's and sometimes they were all along the way, every time every step along the way there were those moments.  And then I, you know what? I would remind myself of where I come from, who my people are, who my family is, who believes in me. Ultimately it's about that, about, and then ultimately how I could not let them down. And when I became a mother.",Nonverbal_id00616,sad_breath,NonverbalTTS
raw_datasets/NonverbalTTS/id00264/id00264_neutral_00_00004.wav,"A lot of things that have happened over the last five years, but it's, it's, um,  what can I tell you?",Nonverbal_id00264,neutral_breath,NonverbalTTS
raw_datasets/NonverbalTTS/id00195/id00195_happy_00_00005.wav,Just see the ball and hit it. 😷 Pretty much that's that's what I did. I don't try to think too much.,Nonverbal_id00195,happy,NonverbalTTS
raw_datasets/NonverbalTTS/id00622/id00622_happy_00_00006.wav,"I was breastfeeding.  Don't worry,  she's fine . But yeah, so there was definitely, I mean, I was getting into more layers of space.",Nonverbal_id00622,happy_breath,NonverbalTTS
raw_datasets/NonverbalTTS/id00667/id00667_neutral_00_00008.wav,"I just I was exhilarated, quite frankly, by it. I fell in love with the entire story.  Mike's",Nonverbal_id00667,neutral_breath,NonverbalTTS
raw_datasets/NonverbalTTS/id00620/id00620_neutral_00_00009.wav,"Impatient, I can tell you, to leave it all behind me as quickly as I could.  But of course, as I learned, in politics numbers matter.  And as my political career progressed and I assumed more senior roles,  I had to meet regularly with the party pollsters.  I was delighted to find that I spoke their language  and that I spoke it fluently enough for them not to snow me.",Nonverbal_id00620,neutral_breath,NonverbalTTS
raw_datasets/NonverbalTTS/id00656/id00656_neutral_00_00010.wav,"As a pet, she's not only filling a void in Pippa's life while her children are boarding school and her husband's away working,  but with those natural skills, her.",Nonverbal_id00656,neutral_breath,NonverbalTTS
raw_datasets/NonverbalTTS/id00406/id00406_neutral_00_00011.wav,That's just something you have to make time for. You have to prioritize that.  My top five beauty must have.  One is I've been using this whole line of skin care called the organic pharmacy.  And it's from the UK nd.,Nonverbal_id00406,neutral_breath,NonverbalTTS
raw_datasets/NonverbalTTS/id00313/id00313_neutral_00_00012.wav,"eah,  how was the Bill Hamburger and Hoplick Blaiver in the top cluster?",Nonverbal_id00313,neutral_breath,NonverbalTTS
raw_datasets/NonverbalTTS/id00046/id00046_neutral_00_00014.wav,"Share with the younger guys is,  is it, um, it can be over in a matter of minutes. So you've really got.",Nonverbal_id00046,neutral_breath,NonverbalTTS
raw_datasets/NonverbalTTS/id00585/id00585_neutral_00_00015.wav,"It's still in production,  but it's going to be a lot of Frenchy secret bedrooms. I would give sex at.",Nonverbal_id00585,neutral_breath,NonverbalTTS
raw_datasets/NonverbalTTS/id00088/id00088_neutral_00_00016.wav,"With the director, all the big guns, there was an eight, eight team, was out on this particular episode.  And it's a big speech, right? And I had to deliver it and it's really quick. ey wanted .",Nonverbal_id00088,neutral_breath,NonverbalTTS
raw_datasets/NonverbalTTS/id00695/id00695_neutral_00_00017.wav,The things that are the different style because most guys are kickboxers or boxers. Then I started doing kickboxing so I made it more effective. So I think  my style of attacking is definitely different from my Taekwondo background.,Nonverbal_id00695,neutral_breath,NonverbalTTS
raw_datasets/NonverbalTTS/id00760/id00760_neutral_00_00018.wav,"There's ten barriers and you just never know whoever clears those ten barriers, the most flawless  and has the least amount of mistakes is the one that wins.  And it's really hard because no one always.",Nonverbal_id00760,neutral_breath,NonverbalTTS
raw_datasets/NonverbalTTS/id00543/id00543_neutral_00_00021.wav,"Well, funny you should mention that because .",Nonverbal_id00543,neutral_breath,NonverbalTTS
raw_datasets/NonverbalTTS/id00687/id00687_happy_00_00022.wav,"o  maybe one hand and the other, the policy, to each type of friendship, to have a look at me.",Nonverbal_id00687,happy_breath,NonverbalTTS
raw_datasets/NonverbalTTS/id00517/id00517_happy_00_00023.wav,"Definitely, thank you. It's a great honor to have this award.  But again, as I said, it's not complete. You know  m as older you get, you worry about your team titles.  And tomorrow we have a great chance to win it.  So let's do it.",Nonverbal_id00517,happy_breath,NonverbalTTS
raw_datasets/NonverbalTTS/id00317/id00317_neutral_00_00025.wav,A lot of  ideas circulating around how .,Nonverbal_id00317,neutral_breath,NonverbalTTS
raw_datasets/NonverbalTTS/id00643/id00643_neutral_00_00026.wav,"I'm about to start a film after this one about Margot Fontaine. So the diet starts here.  Yeah, and she's not a mom.",Nonverbal_id00643,neutral_breath,NonverbalTTS
raw_datasets/NonverbalTTS/id00170/id00170_other_00_00027.wav,"You know what my record company said to said said to my manager  a month ago  said, do you think Al would want to do a trio record soon? It's so opposite.",Nonverbal_id00170,other_breath,NonverbalTTS
raw_datasets/NonverbalTTS/id00548/id00548_neutral_00_00028.wav,"From then on, we arrange them at time the ne.",Nonverbal_id00548,neutral_breath,NonverbalTTS
raw_datasets/NonverbalTTS/id00184/id00184_neutral_00_00029.wav,"And we've continued to restructure the business and size the production to the real demand, just like we have in the United States.  So we're in relatively good shape. We're also bringing in new vehicles on our global platforms this year.  So we'll also be able to have the vehicles that people want and value.  So  the really big thing in Europe is how decisively can the leaders move to deal with the sovereign debt crisis so we can get the economy growing again. Because right now it's continuing to slow down.",Nonverbal_id00184,neutral_breath,NonverbalTTS
raw_datasets/NonverbalTTS/id00231/id00231_happy_00_00030.wav,Thing that came out last year at all.  So that's kind of the way that.,Nonverbal_id00231,happy_laugh,NonverbalTTS
raw_datasets/NonverbalTTS/id00770/id00770_neutral_00_00031.wav,"She was practicing over and over again,  and then you see her catapulted to this enormous.",Nonverbal_id00770,neutral_breath,NonverbalTTS
raw_datasets/NonverbalTTS/id00262/id00262_neutral_00_00032.wav,We're from  from that point and I feel like we're  such a better team already in only two weeks  but really we had a chance to have everyone playing preseason  together. I only trained a couple times with the team  as well as the Canadians so it's great to get two weeks of training and it really makes a difference.,Nonverbal_id00262,neutral_breath,NonverbalTTS
raw_datasets/NonverbalTTS/id00090/id00090_neutral_00_00033.wav,"You want to protect your children,  but  I can talk, you know, about like .",Nonverbal_id00090,neutral_breath,NonverbalTTS
raw_datasets/NonverbalTTS/id00529/id00529_happy_00_00034.wav,"I didn't expect it to be so intense, but I sobbed and tears streamed down and I enjoyed it. 😷",Nonverbal_id00529,happy,NonverbalTTS
raw_datasets/NonverbalTTS/id00190/id00190_happy_00_00035.wav,"That's gross.  And we're eating and drinking and, you know, so I don't know, maybe I'm deranged inside, but I feel okay. 😷",Nonverbal_id00190,happy,NonverbalTTS
raw_datasets/NonverbalTTS/id00546/id00546_neutral_00_00036.wav,I could assist from Aiden and Fernando. I was completely free and  today the luck was on my side.,Nonverbal_id00546,neutral_breath,NonverbalTTS
raw_datasets/NonverbalTTS/id00514/id00514_other_00_00038.wav,"Yeah, thinking too much what  what your opponent is is doing and it's.",Nonverbal_id00514,other_breath,NonverbalTTS
raw_datasets/NonverbalTTS/id00380/id00380_neutral_00_00039.wav,"That if you up the amount of protein in your diet, it can actually increase the rate at which the body burns fat. So that's a win win situation all around. 😤 Now, what if you're a vegan or a vegetarian? Well, there are plenty of sources of protein such as eggs, legu",Nonverbal_id00380,neutral,NonverbalTTS
raw_datasets/NonverbalTTS/id00724/id00724_neutral_00_00041.wav,I am happy to see so many representatives of the various sectors providing satellite based services.,Nonverbal_id00724,neutral_breath,NonverbalTTS
raw_datasets/NonverbalTTS/id00149/id00149_neutral_00_00042.wav,"Um, I don't know if hassle is the right word because , that's,  it's been a part of life for a while now and",Nonverbal_id00149,neutral_breath,NonverbalTTS
raw_datasets/NonverbalTTS/id00568/id00568_happy_00_00043.wav,"I said, it's BAFTA  so invisible   m.",Nonverbal_id00568,happy_breath,NonverbalTTS
raw_datasets/NonverbalTTS/id00172/id00172_happy_00_00044.wav,"It's very much like what happens at  our show every day, but  I love.",Nonverbal_id00172,happy_laugh,NonverbalTTS
raw_datasets/NonverbalTTS/id00297/id00297_neutral_00_00045.wav,"But,  but I don't I think people are always capable of change. I mean, I think it's depressing to think.",Nonverbal_id00297,neutral_breath,NonverbalTTS
raw_datasets/NonverbalTTS/ex03/ex03_happy_01_00000.wav,"Hey, hey, stop. Let's not get into what we look like  at 10.",Nonverbal_ex03,happy_laugh,NonverbalTTS
raw_datasets/NonverbalTTS/ex04/ex04_other_01_00001.wav,"I mean, yeah, it makes me a little bit scared, but it also makes me a little bit relaxed in the way that, like,  if the ocean is so vast and we're part of all of that, we are a part of the.",Nonverbal_ex04,other_breath,NonverbalTTS
raw_datasets/NonverbalTTS/id03621/id03621_happy_01_00002.wav,"The entire movie when I was watching it, I was kind of chuckling a little bit  because for me, I was like, oh, I remember that. It was really funny. We were having some jokes afterwards and went out to eat  sandwiches after that. Like little things that made me loo.",Nonverbal_id03621,happy_breath,NonverbalTTS
raw_datasets/NonverbalTTS/id10068/id10068_neutral_01_00003.wav,"I neededed to. I didn't really know, I guess, how to or I didn't really know what to say, but anyways, I know I'm going to Chicago and I'm having a talk at UIC, so  I know that a lot of questions will be ae.",Nonverbal_id10068,neutral_breath,NonverbalTTS
raw_datasets/NonverbalTTS/ex01/ex01_sad_01_00004.wav,watch the sunrise with me and we'd breathe in the  ocean air and,Nonverbal_ex01,sad_breath,NonverbalTTS
raw_datasets/NonverbalTTS/ex01/ex01_happy_01_00005.wav,It was a good time. 😤,Nonverbal_ex01,happy,NonverbalTTS
raw_datasets/NonverbalTTS/id05049/id05049_neutral_01_00006.wav,"Mark is a father from California, Jenny Beth  is a mother from Atlanta.  And I went to their convention just to hang out. I mean, I wasn't speaking, but just to hang out to meet these people and talk to them.  And I saw two thousand people.",Nonverbal_id05049,neutral_breath,NonverbalTTS
raw_datasets/NonverbalTTS/id06368/id06368_neutral_01_00007.wav,"It's no different really and I 😷 also met with a guy named Ethan who was a real, you know, who was a guy who went blind at nineteen and his girlfriend.",Nonverbal_id06368,neutral,NonverbalTTS
raw_datasets/NonverbalTTS/ex02/ex02_other_01_00008.wav,"Oh, that's just boiled chicken. That's boiled chicken.  I was boiling  it down plain because I wasn't feeling well with some rice and now I regret it.",Nonverbal_ex02,other_breath,NonverbalTTS
raw_datasets/NonverbalTTS/id00741/id00741_neutral_01_00009.wav,"Not only brain health from 😷 from a consumer perspective is saying, hey, look, I want to make sure I have.",Nonverbal_id00741,neutral,NonverbalTTS
raw_datasets/NonverbalTTS/ex01/ex01_sad_01_00010.wav,"So, Mom,  how've you been?",Nonverbal_ex01,sad_breath,NonverbalTTS
raw_datasets/NonverbalTTS/ex01/ex01_disgusted_01_00011.wav,"Yeah, I know. Never mind. I think you're going to have the world's most  stinkiest,  just massive, flatulent shit.",Nonverbal_ex01,disgusted_breath,NonverbalTTS
raw_datasets/NonverbalTTS/id10931/id10931_neutral_01_00012.wav,🗣️ There was an interview on sixty minutes with Mike Williams and he talked about that moment.,Nonverbal_id10931,neutral_breath,NonverbalTTS
raw_datasets/NonverbalTTS/id07711/id07711_neutral_01_00013.wav,Where a bank gives you a loan and then they sell it to five hundred different people and bondholders and so there isn't somebody to talk to across the desk if you go to a bank.  So you have mature.,Nonverbal_id07711,neutral_breath,NonverbalTTS
raw_datasets/NonverbalTTS/ex04/ex04_happy_01_00014.wav,"Yes, yes, you're right. I messed up my words there. Thank you.  Yep, thank you.  Good catch. So Hollywood has this thing where they keep making books into movies and they need the need",Nonverbal_ex04,happy_laugh,NonverbalTTS
raw_datasets/NonverbalTTS/id03455/id03455_neutral_01_00015.wav,"So he doesn't care what anyone says about him. And so  I think that the thing to do to succeed in the resistance, as it were, is to be willing to stay in it.",Nonverbal_id03455,neutral_breath,NonverbalTTS
raw_datasets/NonverbalTTS/ex03/ex03_happy_01_00016.wav,"That one, I can't even tell if it's two socks or one sock. Is that a pair? Oh my god, it's like...  It's like they just... It's like just a massive...",Nonverbal_ex03,happy_breath,NonverbalTTS
raw_datasets/NonverbalTTS/ex01/ex01_neutral_01_00017.wav,"Yeah, it soaks into the, not the actual paint, but the overcoat of the paint. It kind of lays the resin.  And so what they do is they remove that resin, they clean the paint. And especially because, you know, we're talking like, this is like the 1400s, 1500s.",Nonverbal_ex01,neutral_breath,NonverbalTTS
raw_datasets/NonverbalTTS/id03272/id03272_other_01_00018.wav,The greatest human being I could have ever met and ever worked with.  And he validated my career.,Nonverbal_id03272,other_breath,NonverbalTTS
raw_datasets/NonverbalTTS/ex01/ex01_other_01_00019.wav,"Mmm, it's like the best. Mmm, so...  🐖",Nonverbal_ex01,other,NonverbalTTS
raw_datasets/NonverbalTTS/ex02/ex02_sad_01_00020.wav,I don't...  Okay.,Nonverbal_ex02,sad_breath,NonverbalTTS
raw_datasets/NonverbalTTS/id08125/id08125_neutral_01_00022.wav,"For example, people could understand Holocaust,  but small nations don't have that.",Nonverbal_id08125,neutral_breath,NonverbalTTS
raw_datasets/NonverbalTTS/ex04/ex04_happy_01_00023.wav,"Yeah, it's a little bit messy, isn't it? 👃",Nonverbal_ex04,happy_laugh,NonverbalTTS
raw_datasets/NonverbalTTS/ex03/ex03_happy_01_00024.wav,"God, it's like my legs are itching now with this crusty, flaky, scaly stuff that's coming out of the seat. Ah! 😖",Nonverbal_ex03,happy,NonverbalTTS
raw_datasets/NonverbalTTS/id04547/id04547_other_01_00025.wav,"But there's a lot of, you know, I paused my Tivo. I had to rewind it.",Nonverbal_id04547,other_breath,NonverbalTTS
raw_datasets/NonverbalTTS/id10445/id10445_neutral_01_00026.wav,"And what happened was we'd filmed this scene. It was this really big scene. All the characters were in it, both of the Olivias, both of the asterids,  Walter Bishop and Peter Bishop, all in the scene together.  And so we finished the scene and we weren't.",Nonverbal_id10445,neutral_breath,NonverbalTTS
raw_datasets/NonverbalTTS/id02311/id02311_neutral_01_00027.wav,"In Bronx Hospital, footage of them that Oliver doctor Zach showed me.  And that's where we got the toothpicks for that scene where I count the toothpicks  because  he was smoking while he was talking to these two guys.",Nonverbal_id02311,neutral_breath,NonverbalTTS
raw_datasets/NonverbalTTS/id08726/id08726_neutral_01_00028.wav,Bend the rules. You will most likely never succeed or most likely never win or be at the very top.  You now,Nonverbal_id08726,neutral_breath,NonverbalTTS
raw_datasets/NonverbalTTS/id04320/id04320_other_01_00029.wav,"have just fallen off the cracks. Now mind you, I care about any kid of any color, of any ethnicity, of any background who falls off the cracks.  But when it comes to this issue, 😷",Nonverbal_id04320,other_breath,NonverbalTTS
raw_datasets/NonverbalTTS/id04509/id04509_neutral_01_00030.wav,"So give us time. I know in football you don't have too much time, but if you really  interested in LFC, I don't know if you are, but if you really then.",Nonverbal_id04509,neutral_breath,NonverbalTTS
raw_datasets/NonverbalTTS/id03786/id03786_other_01_00031.wav,"Just got in a fight with people before they'd gone to bed and they're watching like, you know, Axel Rose in the other room with that bad scarf that he wears.  It's so bad. And you know, you're lying there in a.",Nonverbal_id03786,other_laugh,NonverbalTTS
raw_datasets/NonverbalTTS/id10079/id10079_neutral_01_00032.wav,"So I felt that it was really interesting and really significant, you know, I related to it really.",Nonverbal_id10079,neutral_breath,NonverbalTTS
raw_datasets/NonverbalTTS/id03199/id03199_neutral_01_00033.wav,Maybe that'll work. Let me read something here real quickly. I found a st.,Nonverbal_id03199,neutral_breath,NonverbalTTS
raw_datasets/NonverbalTTS/id10254/id10254_neutral_01_00034.wav,Very tiring on the set is hours and hours and plus  my role is very physical.,Nonverbal_id10254,neutral_breath,NonverbalTTS
raw_datasets/NonverbalTTS/id10892/id10892_happy_01_00035.wav,"He's like, the parents are not coming. He's like, I want you to bond.  And I was terrified. I was like, oh my God, what if there's something I do wrong? You know. And it went great. It went well. And we really, we became great friends and we're always chatting in between takes. And it's true that when we were leaving, I was, you know, it was heartbreaking, e you get a,",Nonverbal_id10892,happy_laugh,NonverbalTTS
raw_datasets/NonverbalTTS/ex04/ex04_angry_01_00036.wav,"Thank goodness. Now we can go home, okay?",Nonverbal_ex04,angry_breath,NonverbalTTS
raw_datasets/NonverbalTTS/ex02/ex02_happy_01_00037.wav,"Okay.  I  I just,  I gotta know, did you,  are you a hot sauce or a mild sauce kind of guy? Because if,  I gotta be careful because I get a little bit of the indigestion.",Nonverbal_ex02,happy_breath,NonverbalTTS
raw_datasets/NonverbalTTS/id10996/id10996_neutral_01_00038.wav,"The earth into the grave and  Marlene left, she put down the first layer.",Nonverbal_id10996,neutral_breath,NonverbalTTS
raw_datasets/NonverbalTTS/id02724/id02724_happy_01_00040.wav,Because  I was so frustrated with yet another  part that I didn't get.,Nonverbal_id02724,happy_breath,NonverbalTTS
raw_datasets/NonverbalTTS/ex01/ex01_neutral_01_00041.wav,"I'm using honey in the recipe this time. It's cheaper. I can afford it a little bit more. Plus that it comes in that cute little like bare  like  packaging. Yeah, yeah, yeah.",Nonverbal_ex01,neutral_breath,NonverbalTTS
raw_datasets/NonverbalTTS/id02956/id02956_neutral_01_00044.wav,"On top chef regularly,  you really do get to see the process. That's what's so great about this specific series. It really focuses on the food and you are up close. You know, the camera is right in the hands.",Nonverbal_id02956,neutral_breath,NonverbalTTS
raw_datasets/NonverbalTTS/ex03/ex03_sad_01_00045.wav,pose and just breathe  all right and we'll move into Sun B,Nonverbal_ex03,sad_breath,NonverbalTTS
raw_datasets/NonverbalTTS/ex01/ex01_sad_01_00046.wav,Five onions. 👃,Nonverbal_ex01,sad,NonverbalTTS
raw_datasets/NonverbalTTS/ex03/ex03_happy_01_00047.wav,Can't even read a map!,Nonverbal_ex03,happy_laugh,NonverbalTTS
raw_datasets/NonverbalTTS/ex03/ex03_happy_01_00048.wav,"The way they modified the dialogue.  They call me Johnny 23. I got Johnny, I got, I got 23 apples on my arm for, for the 23 candy bars I stole.",Nonverbal_ex03,happy_laugh,NonverbalTTS
raw_datasets/NonverbalTTS/id01692/id01692_neutral_01_00049.wav,"The youth understanding that doesn't matter gender, it doesn't matter age, it doesn't matter  what any kind of preferences would be, you can make a huge difference. And I think, you know, in the world in a positive and meaningful way and from girl power on Supergirl and understanding that it doesn't, you know, one of the big things that I get asked a lot is.",Nonverbal_id01692,neutral_breath,NonverbalTTS
raw_datasets/NonverbalTTS/ex04/ex04_happy_01_00050.wav,"And you'll be in the corner, polishing  your halo?",Nonverbal_ex04,happy_laugh,NonverbalTTS
raw_datasets/NonverbalTTS/id03528/id03528_other_01_00051.wav,"And my wife with my daughter Mia in her arms and Penna still in her belly,  she very quickly reminded me that I needed to go to work. I needed to make my insurance quota. I get my healthcare from my union and you need to make certain quotas to get that top tier of insurance.  So Shark NATO, you know, it's on a micro budget, but the salary was enough to get me to that top tier  that I realized.",Nonverbal_id03528,other_breath,NonverbalTTS
raw_datasets/NonverbalTTS/ex03/ex03_other_01_00053.wav,starts with 😷 the best quality cabbage  from Napa Valley and it's fermented for 190 days. 😷 That's the higher quality 😷 I'm talking about. 😷,Nonverbal_ex03,other,NonverbalTTS
raw_datasets/NonverbalTTS/id10986/id10986_other_01_00054.wav,👃 Years trying to get it made and finally we were able to put it together.,Nonverbal_id10986,other,NonverbalTTS
raw_datasets/NonverbalTTS/ex03/ex03_happy_01_00055.wav,What else can  I answer for you?,Nonverbal_ex03,happy_laugh,NonverbalTTS
raw_datasets/NonverbalTTS/id05738/id05738_neutral_01_00056.wav,Now they've dropped some home points again.  And budt I don't I wouldn't discount anyone just at.,Nonverbal_id05738,neutral_breath,NonverbalTTS
raw_datasets/NonverbalTTS/id05040/id05040_neutral_01_00057.wav,And then they leave.  So  we're also asking people to  kind of come and go in.,Nonverbal_id05040,neutral_breath,NonverbalTTS
raw_datasets/NonverbalTTS/ex04/ex04_happy_01_00058.wav,"Oh my goodness.   Okay, that is...",Nonverbal_ex04,happy_breath,NonverbalTTS
raw_datasets/NonverbalTTS/id02783/id02783_neutral_01_00059.wav,"two thousand, I think it was the year. So  those were the first memories that I have from this place.  So when we came here in Formula one, it was just",Nonverbal_id02783,neutral_breath,NonverbalTTS
raw_datasets/NonverbalTTS/ex01/ex01_sad_01_00060.wav,"We would,  you know, he had his surfboard and I",Nonverbal_ex01,sad_breath,NonverbalTTS
raw_datasets/NonverbalTTS/id08273/id08273_neutral_01_00062.wav,"So honored that they picked us to be their first show and it was quite a statement because it's a little show made in Norway, you know, 👃 for Norwegian TV. 👃 And we got about a month into filming it and realized we couldn't afford to shoot the show that we had written.  So 👃 we made a few phone calls and Netflix was one of them.",Nonverbal_id08273,neutral,NonverbalTTS
raw_datasets/NonverbalTTS/id03786/id03786_neutral_01_00063.wav,Their eventual deaths  that have really galvanized my connection to children's hospitals.,Nonverbal_id03786,neutral_breath,NonverbalTTS
raw_datasets/NonverbalTTS/ex02/ex02_happy_01_00064.wav,We managed  to come close. You got me though.,Nonverbal_ex02,happy_breath,NonverbalTTS
raw_datasets/NonverbalTTS/ex01/ex01_happy_01_00065.wav,"Oh shit, I forgot about that. Did that, did that,  did your cell phone break because of that?  Oh no, I'm so sorry.",Nonverbal_ex01,happy_laugh,NonverbalTTS
raw_datasets/NonverbalTTS/id06073/id06073_neutral_01_00066.wav,"No, as I said, I still have a place there. I visit my family when I go back.  But the different the life I lead, it's really when I go home, I want to just kind of get away from everything. I just go home, stay in the house, watch videos, watch TV. I love watching current affairs programs and nature programs  and I listen to music and I just cook a nice meal and  you know, things that people do day to day seem very ordinary to them, but to me they're like, ah.",Nonverbal_id06073,neutral_breath,NonverbalTTS
raw_datasets/NonverbalTTS/ex02/ex02_sad_01_00067.wav,"Thanks, Gary.",Nonverbal_ex02,sad_breath,NonverbalTTS
raw_datasets/NonverbalTTS/id10355/id10355_neutral_01_00068.wav,"You know, I needed to sort of go hang on. What's the validity of all of this?  You know, is there any value in this?",Nonverbal_id10355,neutral_breath,NonverbalTTS
raw_datasets/NonverbalTTS/id04334/id04334_neutral_01_00069.wav,"constantly have to adopt, adapt a regulatory system to the changing environment.  That means reducing sub regulation, but also meaing",Nonverbal_id04334,neutral_breath,NonverbalTTS
raw_datasets/NonverbalTTS/id08273/id08273_neutral_01_00071.wav,As well as we play all sixty years of rock and roll to give people a bit of context.  But  the hard rock.,Nonverbal_id08273,neutral_breath,NonverbalTTS
raw_datasets/NonverbalTTS/id05187/id05187_happy_01_00072.wav,"You know, I fell for him. He's just, he's got a really  great, great mind.",Nonverbal_id05187,happy_breath,NonverbalTTS
raw_datasets/NonverbalTTS/id06067/id06067_neutral_01_00073.wav,"I was like, 👃 but no, but really you're right. We shoot a lot of our stuff is shot around Belfast where we also have our stages. And then for my storyline with Daenerys, we usually shoot around a split in Croatia.",Nonverbal_id06067,neutral,NonverbalTTS
raw_datasets/NonverbalTTS/ex03/ex03_happy_01_00074.wav,Is it the shape of things to come?,Nonverbal_ex03,happy_laugh,NonverbalTTS
raw_datasets/NonverbalTTS/ex01/ex01_neutral_01_00075.wav,"Okay, so you're going to want to get yourself some, like a loaf of bread. I'm going to say  😤 just like a general loaf. You know, it doesn't have to be anything fancy.",Nonverbal_ex01,neutral_breath,NonverbalTTS
raw_datasets/NonverbalTTS/id10209/id10209_neutral_01_00076.wav,"A lot of people would remember with fond memories  of going in a coach, crates of beer in the back,  and when you got there, you all had a great day. You put kiss me quick hats on,  and you",Nonverbal_id10209,neutral_breath,NonverbalTTS
raw_datasets/NonverbalTTS/ex02/ex02_fearful_01_00077.wav,caved in and like  what if what if we go out there and there's just a bunch of sinkholes or something like I'm scared that we're gonna see a bunch of that stuff,Nonverbal_ex02,fearful_breath,NonverbalTTS
raw_datasets/NonverbalTTS/ex02/ex02_happy_01_00078.wav,"Oh my god, it's so ridiculous, but it doesn't parallel to like,  getting you up every year and like making me you like recount  the Pledge of Allegiance that you tried to do. Do you remember when you tr?",Nonverbal_ex02,happy_breath,NonverbalTTS
raw_datasets/NonverbalTTS/id06450/id06450_neutral_01_00079.wav,"🗣️ The problem with referees is they're taught by referees and they're marked by referees. So I don't know how they're going to improve unless they bring people who play the game involved. You know, like Shankly says,  most referees, they know the laws, they just don't know the game and unfortunately you can't see that changing really.",Nonverbal_id06450,neutral_breath,NonverbalTTS
raw_datasets/NonverbalTTS/ex04/ex04_other_01_00080.wav,"and in strength because of feeding off of Tilda Swinton's power.  It was like, I've never seen anything like this on TV.",Nonverbal_ex04,other_breath,NonverbalTTS
raw_datasets/NonverbalTTS/ex03/ex03_neutral_01_00081.wav,"You can be newborn tomorrow. You can walk outside right now. You can decide.  You're going to be the most connected being you've ever been. You're going to be the most,  the most excitable, most,  mos",Nonverbal_ex03,neutral_breath,NonverbalTTS
raw_datasets/NonverbalTTS/id04081/id04081_neutral_01_00082.wav,"And from the from the guy who picked me up to the airport,  to the limo, to the event, the first thing they tell me is like, oh. 😖",Nonverbal_id04081,neutral_breath,NonverbalTTS
raw_datasets/NonverbalTTS/ex03/ex03_happy_01_00083.wav,"Oh,  Tina got so mad at us that night  when we were, remember when we were running through the fountain?  When I climbed over that fence and I ran through the fountain, Tina's like, get out of there, what are you doing?",Nonverbal_ex03,happy_laugh,NonverbalTTS
raw_datasets/NonverbalTTS/id02793/id02793_neutral_01_00084.wav,"Giving to the poor, they say two and a half percent, not of your income, of your wealth.  They put numbers 😷 on their.",Nonverbal_id02793,neutral_breath,NonverbalTTS
raw_datasets/NonverbalTTS/id11003/id11003_neutral_01_00085.wav,"to see plays on Broadway all the time. And she was constantly  playing old movies for us, you know, like Gone with the Wind, Rebecca bringing.",Nonverbal_id11003,neutral_breath,NonverbalTTS
raw_datasets/NonverbalTTS/id04588/id04588_neutral_01_00086.wav,Here are the two troubling ones. White House staffers 🗣️  outside of the Inte.,Nonverbal_id04588,neutral,NonverbalTTS
raw_datasets/NonverbalTTS/ex03/ex03_happy_01_00087.wav,12 and then  you're like in the wrong end of the stadium  and the    oh my god,Nonverbal_ex03,happy_breath,NonverbalTTS
raw_datasets/NonverbalTTS/id11169/id11169_neutral_01_00088.wav,"Then my friendship usually that draws me forward.  And everything else, I don't know. It's just whatever, whatever I'm.",Nonverbal_id11169,neutral_breath,NonverbalTTS
raw_datasets/NonverbalTTS/ex01/ex01_neutral_01_00089.wav,"So sequoia, there's actually another park right next to Yosemite called Sequoia.  And, you know, it doesn't mean those two are like mutually exclusive. It's not like, you know, God or whatever decided that, oh, here is the boundary between",Nonverbal_ex01,neutral_breath,NonverbalTTS
raw_datasets/NonverbalTTS/ex03/ex03_happy_01_00090.wav,"Oh,  h and that t one guy, and I don't I don't even know the character's name, but  I'm sure that actor was drunk. Like, he was three shades to the wind, right?  I mean, that's not what",Nonverbal_ex03,happy_breath,NonverbalTTS
raw_datasets/NonverbalTTS/ex01/ex01_other_01_00091.wav,"I said just one, two, three, four staples.",Nonverbal_ex01,other_breath,NonverbalTTS
raw_datasets/NonverbalTTS/ex03/ex03_happy_01_00092.wav,Who presents this child  for the sacrament of Baptism?,Nonverbal_ex03,happy_laugh,NonverbalTTS
raw_datasets/NonverbalTTS/ex03/ex03_happy_01_00093.wav,"I'm going to wrestle with tiger.  And then I like, I somehow I got it into my head. I was really going to do this.  And then we, we got past security and then I was like, Oh God, am I,",Nonverbal_ex03,happy_laugh,NonverbalTTS
raw_datasets/NonverbalTTS/id10904/id10904_happy_01_00094.wav,"I mean, there's two I have to just go with emotion on it. For me,  number one is return to the job.",Nonverbal_id10904,happy_breath,NonverbalTTS
raw_datasets/NonverbalTTS/ex04/ex04_happy_01_00095.wav,"Okay,  outback steakhouse. Okay, okay. I s  I see the outback steakhouse. I'm gonna walk towards the outback steakhouse.",Nonverbal_ex04,happy_laugh,NonverbalTTS
raw_datasets/NonverbalTTS/id10148/id10148_neutral_01_00096.wav,I'm 😷 hoping that next year I'm going to devote like I finished up all my work I had to do this year and next year I want.,Nonverbal_id10148,neutral,NonverbalTTS
raw_datasets/NonverbalTTS/id10900/id10900_happy_01_00097.wav,"And I was like, oh goodness, you know, this very nice woman I was having a chat to turned into  mother ma.",Nonverbal_id10900,happy_laugh,NonverbalTTS
raw_datasets/NonverbalTTS/id02790/id02790_neutral_01_00098.wav,"The targets are always very, very high, the expectation is too high,  but hopefully we can.",Nonverbal_id02790,neutral_breath,NonverbalTTS
raw_datasets/NonverbalTTS/id07640/id07640_sad_01_00099.wav,"And  especially this time, just going to places that we haven't been before, you know, Houston and Kansas, so looking forward to that.",Nonverbal_id07640,sad_breath,NonverbalTTS
raw_datasets/NonverbalTTS/id03449/id03449_other_01_00100.wav,"Yeah, it's surprising 😷 my weight drops so quick so I actually have to eat.",Nonverbal_id03449,other,NonverbalTTS
raw_datasets/NonverbalTTS/ex02/ex02_happy_01_00101.wav,"you know, just making the flight straight there. Maybe that's something I can give you guys as a gift  for your wedding.",Nonverbal_ex02,happy_breath,NonverbalTTS
raw_datasets/NonverbalTTS/id10116/id10116_other_01_00102.wav,"It hurting tremendously.  You know, you can only do I got a.",Nonverbal_id10116,other_breath,NonverbalTTS
raw_datasets/NonverbalTTS/id05205/id05205_happy_01_00104.wav,And it was such a fascinating experience on so many levels. You know.,Nonverbal_id05205,happy_breath,NonverbalTTS
raw_datasets/NonverbalTTS/id02024/id02024_neutral_01_00105.wav,"I mean, really, have you seen anything more gorgeous? 😤 But I have to introduce you to someone.",Nonverbal_id02024,neutral,NonverbalTTS
raw_datasets/NonverbalTTS/id08416/id08416_other_01_00106.wav,Destroyed each other  because no one knew what kind of beast we were dealing.,Nonverbal_id08416,other_laugh,NonverbalTTS
raw_datasets/NonverbalTTS/ex04/ex04_sad_01_00107.wav,It's my grandpa's field.  I'm a little kid again.,Nonverbal_ex04,sad_breath,NonverbalTTS
raw_datasets/NonverbalTTS/id10320/id10320_other_01_00110.wav,"rama I think it's very entertaining to see a bunch of teenagers go through all this drama. And then as far as parents and other teens who haven't tuned in, it's a great conversation starter as far as sex and  just opening up a relationship with your mom or your dad as far as that, because I say this all the time, your parents are your best friends. I had a neighbor recently come over to my house and she brought me cookies and I was like, Hey, how are you? And she goes, Blah, she told me everything. So I had a conversation with her. I was like, Why don't you just talk to your mom?",Nonverbal_id10320,other_breath,NonverbalTTS
raw_datasets/NonverbalTTS/id08273/id08273_neutral_01_00111.wav,"We not worry about that and worry about actually the content itself. You know,  so we tend to focus on making the records great.",Nonverbal_id08273,neutral_breath,NonverbalTTS
raw_datasets/NonverbalTTS/id04733/id04733_other_01_00112.wav,"It's like nothing else. You know, what other musical  has full grown adults running around dressed up as cats, singing songs and dancing for three hours?",Nonverbal_id04733,other_breath,NonverbalTTS
raw_datasets/NonverbalTTS/ex01/ex01_sad_01_00113.wav,"Oh no, you better promise you come back, because if you leave me, I will never be your friend again. 👃",Nonverbal_ex01,sad,NonverbalTTS
raw_datasets/NonverbalTTS/id10321/id10321_neutral_01_00114.wav,There were no heroes. So  I became a hero because heroes.,Nonverbal_id10321,neutral_breath,NonverbalTTS
raw_datasets/NonverbalTTS/id08981/id08981_neutral_01_00116.wav,"And  I was basing that choice on hearing Dave with Emmy Lou Harris sing songs like Long Black Veil. And I know that side  of Dave having known him a long time, but some people  might think it's an odd fit until obviously they hear it and it's perfect.",Nonverbal_id08981,neutral_breath,NonverbalTTS
raw_datasets/NonverbalTTS/id10771/id10771_neutral_01_00117.wav,I'm tell you.  It was the end of a long week. I was on a multiple hour force call. I was quite tired.,Nonverbal_id10771,neutral_breath,NonverbalTTS
raw_datasets/NonverbalTTS/id03824/id03824_neutral_01_00118.wav,"to have that  if you talk about the human health that we would come closer to the recommended standards of WHO, which are much more strict  than actually the current legislation which we have.",Nonverbal_id03824,neutral_breath,NonverbalTTS
raw_datasets/NonverbalTTS/ex03/ex03_happy_01_00119.wav,Organized  cheat teams are falling  by the wayside though.,Nonverbal_ex03,happy_laugh,NonverbalTTS
raw_datasets/NonverbalTTS/id01781/id01781_neutral_01_00120.wav,"Young hobby boys marching off the war,  come back incomplete.",Nonverbal_id01781,neutral_breath,NonverbalTTS
raw_datasets/NonverbalTTS/id03614/id03614_neutral_01_00121.wav,"I heard that idea when I was in Paris. I promoted my idea of regional security conference. I did not rule out the idea of a peace conference, except that one needs to define what are the terms of reference  of such a conference, and that's where you fall flat on your face,  where you build high expectations, and then at the end, it's literally a fistfight of leaders with no real contact.",Nonverbal_id03614,neutral_breath,NonverbalTTS
raw_datasets/NonverbalTTS/id04715/id04715_neutral_01_00122.wav,"thing between the two main candidates is,  can you bring yourself to say the word council housing?  And I mean, it's not just Tories.",Nonverbal_id04715,neutral_breath,NonverbalTTS
raw_datasets/NonverbalTTS/id10317/id10317_neutral_01_00123.wav,"Yeats wrote two poems. He wrote many poems, obviously, but he wrote two poems about.",Nonverbal_id10317,neutral_breath,NonverbalTTS
raw_datasets/NonverbalTTS/id08416/id08416_happy_01_00125.wav,"But I found it so fascinating and me as someone who has done a lot  to try to like be happy and stay that way. I want to know, did you always have that motivation or did you have to get to a place where you were willing to?",Nonverbal_id08416,happy_laugh,NonverbalTTS
raw_datasets/NonverbalTTS/id04404/id04404_neutral_01_00126.wav,"The work that I was doing either in Talk of the Nation or for Morning Edition, some little piece might end up  there,  but I never had much professional interaction. Of course, you know, Courtney's hi, good morning, how are you? Never had lunch with her or anything like that.  But then when she became the top news executive.",Nonverbal_id04404,neutral_breath,NonverbalTTS
raw_datasets/NonverbalTTS/id10168/id10168_neutral_01_00127.wav,doing a fifth season or not was that we weren't really allowed to go out shopping for work because we  couldn't be counted.,Nonverbal_id10168,neutral_breath,NonverbalTTS
raw_datasets/NonverbalTTS/id10983/id10983_neutral_01_00128.wav,in a loving family and was always encouraged 😷 with my acting.,Nonverbal_id10983,neutral,NonverbalTTS
raw_datasets/NonverbalTTS/id02039/id02039_happy_01_00129.wav,Absolutely insane and it's so much fun.  And the main thing about it is just go to my Twitter at David Hassel off or go to my website and you'll see clips.,Nonverbal_id02039,happy_breath,NonverbalTTS
raw_datasets/NonverbalTTS/ex03/ex03_other_01_00130.wav,Trisha! Trisha!   😖 Wow.,Nonverbal_ex03,other_breath,NonverbalTTS
raw_datasets/NonverbalTTS/ex04/ex04_sad_01_00131.wav,"Oh, I'm so sorry, Tom. That sucks. That's horrible.  Oh.",Nonverbal_ex04,sad_breath,NonverbalTTS
raw_datasets/NonverbalTTS/id08455/id08455_neutral_01_00133.wav,"is to really be yourself. You know, that's one of the things that they respected. Stanley Tarantin told me a story. He said, you know, 😷 when they were coming along, if they went to",Nonverbal_id08455,neutral,NonverbalTTS
raw_datasets/NonverbalTTS/id04221/id04221_neutral_01_00135.wav,Drama school  I've worked with the Royal Shakespeare Company and the National Theatre. I've played  probably about half the roles I've played have been characters from the British Isles.  So I can do it.,Nonverbal_id04221,neutral_breath,NonverbalTTS
raw_datasets/NonverbalTTS/ex04/ex04_happy_01_00136.wav,How can you not react?,Nonverbal_ex04,happy_laugh,NonverbalTTS
raw_datasets/NonverbalTTS/id10525/id10525_sad_01_00137.wav,"HBO documentary,  I think it's called Dance Again, Dance Again. I'm probably getting it wrong, but it's just aired this month.  She takes us on a world tour, and I don't know if I know anybody plus with all the idle stuff, I don't know of anybody who really works as hard as she does.",Nonverbal_id10525,sad_breath,NonverbalTTS
raw_datasets/NonverbalTTS/ex04/ex04_happy_01_00138.wav,Rippy and Salazar are abortion rights advocates.,Nonverbal_ex04,happy_laugh,NonverbalTTS
raw_datasets/NonverbalTTS/id10821/id10821_surprised_01_00139.wav,It he's never seen it to this day and I thought it was so beautifully written. 😤 It was so beautifully written and I loved.,Nonverbal_id10821,surprised,NonverbalTTS
raw_datasets/NonverbalTTS/ex04/ex04_happy_01_00140.wav,"Mm hmm. I feel like if we go a little bit too wild, I feel like Grandma's going to get a visit from  from Priscilla again, and she's going to be like,  it's going to be a whole mess, so we better pick the right one this time.",Nonverbal_ex04,happy_breath,NonverbalTTS
raw_datasets/NonverbalTTS/id01109/id01109_happy_01_00141.wav,"And I must always listen to that voice. If I did, I wouldn't get money, wouldn't be injured  right now.",Nonverbal_id01109,happy_laugh,NonverbalTTS
raw_datasets/NonverbalTTS/ex03/ex03_angry_01_00142.wav,And he greets his wife. They go into the local saloon.  And they're celebrating his return. However...,Nonverbal_ex03,angry_breath,NonverbalTTS
raw_datasets/NonverbalTTS/id04696/id04696_happy_01_00143.wav,He was so excited. He was kind of eavesdropping when I was on the phone with my major  kind of discussing it.,Nonverbal_id04696,happy_laugh,NonverbalTTS
raw_datasets/NonverbalTTS/ex01/ex01_sad_01_00144.wav,"Are there any other law firms that, you know,  got your attention?",Nonverbal_ex01,sad_breath,NonverbalTTS
raw_datasets/NonverbalTTS/id10355/id10355_neutral_01_00145.wav,"You know, for both of us and for me particularly, or what I'm aware of was really just trying to understand through David  who this guy was now, you know, who he used to be before.",Nonverbal_id10355,neutral_breath,NonverbalTTS
raw_datasets/NonverbalTTS/id10659/id10659_happy_01_00146.wav,"In your own head,  like, be there. Like, really, like, be where you are. It was amazing.",Nonverbal_id10659,happy_breath,NonverbalTTS
raw_datasets/NonverbalTTS/id01661/id01661_happy_01_00147.wav,"No, I don't want to come back.  But yeah, I think I can readily accept that my time is coming to an end.",Nonverbal_id01661,happy_laugh,NonverbalTTS
raw_datasets/NonverbalTTS/ex04/ex04_happy_01_00148.wav,"Bring it on, bull moose!",Nonverbal_ex04,happy_laugh,NonverbalTTS
raw_datasets/NonverbalTTS/id11181/id11181_neutral_01_00149.wav,But I told this story  during the dress rehearsal for Miss America.,Nonverbal_id11181,neutral_breath,NonverbalTTS
raw_datasets/NonverbalTTS/id11097/id11097_neutral_01_00150.wav,"Man, well there's a song that that that's going to be released at some point that we did that actually didn't make the film. They had to choose between lollipop, which we ended up doing and.",Nonverbal_id11097,neutral_breath,NonverbalTTS
raw_datasets/NonverbalTTS/id10483/id10483_neutral_01_00151.wav,"m so when Joey comes into his life, it's huge. This is  this is the brother that he never had.  A and it's that bond that is just so 😤 so deep and.",Nonverbal_id10483,neutral_breath,NonverbalTTS
raw_datasets/NonverbalTTS/ex02/ex02_happy_01_00152.wav,"Just huge.  No, oh my gosh. And look at the babies.  Their whole bodies are just legs.",Nonverbal_ex02,happy_breath,NonverbalTTS
raw_datasets/NonverbalTTS/ex03/ex03_happy_01_00153.wav,"Oh,  and then the scene at the beginning where they had the prison cell  and the kid playing Nicolas Cage, you know, we're in the movie when he's doing pull ups and he's like,  he's doing sit ups, he's like,",Nonverbal_ex03,happy_breath,NonverbalTTS
raw_datasets/NonverbalTTS/ex01/ex01_sad_01_00154.wav,👃 Grandma's sweater.,Nonverbal_ex01,sad,NonverbalTTS
raw_datasets/NonverbalTTS/ex04/ex04_happy_01_00155.wav,"Oh, I would love that so much if we could, we gotta ask the eight ball. We gotta ask the eight ball.",Nonverbal_ex04,happy_laugh,NonverbalTTS
raw_datasets/NonverbalTTS/id10959/id10959_neutral_01_00157.wav,"And Bobby Carlisle is a great mate of mine, who I've known for quite a few years. Um,  come out Emma Thompson's in it. Tom Cole.",Nonverbal_id10959,neutral_breath,NonverbalTTS
raw_datasets/NonverbalTTS/id05031/id05031_neutral_01_00158.wav,prom. That's why we consider that we have to face and to handle the problem at the worldwide level.  The crisis is unique because this crisis happened for each of.,Nonverbal_id05031,neutral_breath,NonverbalTTS
raw_datasets/NonverbalTTS/id06851/id06851_neutral_01_00159.wav,"At one point when I was in, when I was at Redcliffe, I'd have things thrown at me or they'd  try to throw me through a window.  And so that I found that quite different.",Nonverbal_id06851,neutral_breath,NonverbalTTS
raw_datasets/NonverbalTTS/id04509/id04509_other_01_00160.wav,"At the end it's deserved because we strike back in a really spectacular way, we stayed cool and then the players played football under pressure, under big pressure. It was a very important game for us today.  So making five goals here is not.",Nonverbal_id04509,other_breath,NonverbalTTS
raw_datasets/NonverbalTTS/ex03/ex03_happy_01_00161.wav,"And I'm going to pop a question. I'm going to propose to her. And, and I know she's going to say yes. And we're going to get married.  And maybe we'll even get married in like super exotic place. Maybe we'll get married on the Pacific coast trail  in the same spot where I proposed.  And,  and, and then,  and then,",Nonverbal_ex03,happy_breath,NonverbalTTS
raw_datasets/NonverbalTTS/id03759/id03759_other_01_00162.wav,"I'm a bit of a gadget  man, so I play a lot with my O two iPhone a lot.",Nonverbal_id03759,other_breath,NonverbalTTS
raw_datasets/NonverbalTTS/id08711/id08711_neutral_01_00163.wav,"uplifted where he misses his mother, where he's angry, where he's  there's pallets of colors and within that, those pallets of colors, the nuancing that he has to.",Nonverbal_id08711,neutral_breath,NonverbalTTS
raw_datasets/NonverbalTTS/id11132/id11132_other_01_00164.wav,"And this is a way of being it by proxy.  But basically, it's a for a director, it's an incredibly interesting.",Nonverbal_id11132,other_breath,NonverbalTTS
raw_datasets/NonverbalTTS/id03334/id03334_neutral_01_00165.wav,"More people coming into the Internet, probably three times more than we have today.",Nonverbal_id03334,neutral_breath,NonverbalTTS
raw_datasets/NonverbalTTS/id07703/id07703_neutral_01_00166.wav,"Like I said, it's another point. It's twenty six.  We've got a five and four at least four wins in the last eight for me.  And now we're getting to must win rather than draw. So two weeks time.",Nonverbal_id07703,neutral_breath,NonverbalTTS
raw_datasets/NonverbalTTS/id10931/id10931_neutral_01_00167.wav,"You know, not to not even write about it and certainly not to let it find its way into the film.  But there was never any censorship about the story.  You know, there's a discussion in this film by the Seals as to whether they should execute  unarmed civilians, which is obviously a sensitive subject.",Nonverbal_id10931,neutral_breath,NonverbalTTS
raw_datasets/NonverbalTTS/id04408/id04408_other_01_00169.wav,"It was like the penny finally dropped. I thought,  oh yeah, I got nominated.",Nonverbal_id04408,other_breath,NonverbalTTS
raw_datasets/NonverbalTTS/ex04/ex04_happy_01_00172.wav,"Oh my gosh, I can't wait. I've never been to France. I would love  to have like a little cottage in the middle of like Nice or somewhere.  I don't even speak French, but I'll learn.",Nonverbal_ex04,happy_laugh,NonverbalTTS
raw_datasets/NonverbalTTS/ex04/ex04_other_01_00173.wav,"and I, instead of giving him a whole new cup, I went into the back and I used a metal spoon  and I took out the ice cubes.  So, serves him right.",Nonverbal_ex04,other_breath,NonverbalTTS
raw_datasets/NonverbalTTS/ex04/ex04_happy_01_00174.wav,"Okay, six figure salary, right? Like,  yeah, I know, I know. Like, not even just 100 000 like in the 200 000 region i'm not going to say specifics  but it's like life changing money  okay",Nonverbal_ex04,happy_laugh,NonverbalTTS
raw_datasets/NonverbalTTS/ex04/ex04_sad_01_00175.wav,there for her and  and 👃 it's my fault,Nonverbal_ex04,sad_breath,NonverbalTTS
raw_datasets/NonverbalTTS/id10003/id10003_happy_01_00176.wav,"But this is Raju's vision and his  ability to spell bind an audience, you know, make them laugh and while they are laughing, he is making them cry and while they are crying, Abko Hasibiyati. So he has a quality Raju Nehai hif.",Nonverbal_id10003,happy_breath,NonverbalTTS
raw_datasets/NonverbalTTS/ex01/ex01_surprised_01_00177.wav,"Me,  jealous of a servant?",Nonverbal_ex01,surprised_laugh,NonverbalTTS
raw_datasets/NonverbalTTS/id01040/id01040_happy_01_00178.wav,"Or profit 👃 about our investment in herbal life, right? We gave the most public, most transparent presentation, three hundred and fifty slides, we multiple.",Nonverbal_id01040,happy_laugh,NonverbalTTS
raw_datasets/NonverbalTTS/ex03/ex03_happy_01_00179.wav,"and I'm like,  and I'm smiling.",Nonverbal_ex03,happy_laugh,NonverbalTTS
raw_datasets/NonverbalTTS/id06060/id06060_neutral_01_00180.wav,I've gained success in one area. I want to challenge myself  and go and find a new adventure someplace.,Nonverbal_id06060,neutral_breath,NonverbalTTS
raw_datasets/NonverbalTTS/id10541/id10541_happy_01_00181.wav,"Talking yes about about eight or nine projects is coming out.  o talking about video games, first of all, Chris Roberts is doing.",Nonverbal_id10541,happy_breath,NonverbalTTS
raw_datasets/NonverbalTTS/id10491/id10491_happy_01_00182.wav,"It is a really smart to get a picture of his face,   but it's really nice. The fans came up to me on my last tour with the Backstreet Boys and I started actually an Instagram.",Nonverbal_id10491,happy_breath,NonverbalTTS
raw_datasets/NonverbalTTS/ex04/ex04_happy_01_00183.wav,"Good boy, Oscar. Pretty bird. Oscar's a pretty bird.  Yes,  Oscar, we're going to learn... Yes, we're going to learn a new word today, Oscar. Are you ready?",Nonverbal_ex04,happy_breath,NonverbalTTS
raw_datasets/NonverbalTTS/ex03/ex03_neutral_01_00184.wav,And I think someday you're going to get the perfect opportunities to open up for you. And Ind  I just wanted to tell you that I think you're great.,Nonverbal_ex03,neutral_breath,NonverbalTTS
raw_datasets/NonverbalTTS/id10751/id10751_other_01_00185.wav,"The third season, the third season, the first two stories were deliberately lighter because we knew it was going to go so dark, such a dark place.  But to us, it's all about expanding the universe and actually doing new stuff with it, so introducing his parents and things like that, which sort of haven't been done before.  It's all about actual character development. We can't just leave him exactly where he was at the beginning, otherwise it wouldn't be very interesting.",Nonverbal_id10751,other_breath,NonverbalTTS
raw_datasets/NonverbalTTS/ex01/ex01_happy_01_00186.wav,"And when it stops being fun, you unhook.",Nonverbal_ex01,happy_breath,NonverbalTTS
raw_datasets/NonverbalTTS/id08264/id08264_other_01_00187.wav,A draw yesterday was important to make it five points.  It's going to be a good chase toe.,Nonverbal_id08264,other_breath,NonverbalTTS
raw_datasets/NonverbalTTS/ex03/ex03_happy_01_00188.wav,"Well, it's a different kin different kind different kind of pressure. We're checking here. So, alright. So, give me your arm. And we're going to roll up your sleeve. We're going to roll it up all the way up here. Yeah.",Nonverbal_ex03,happy_breath,NonverbalTTS
raw_datasets/NonverbalTTS/id06722/id06722_other_01_00189.wav,"Out of breath of,  thank God, we don't have to pick her up at the police station anymore.  But now they're happy. They're happy for me because",Nonverbal_id06722,other_breath,NonverbalTTS
raw_datasets/NonverbalTTS/ex02/ex02_happy_01_00190.wav,Yeah.  Is there anything for you?,Nonverbal_ex02,happy_laugh,NonverbalTTS
raw_datasets/NonverbalTTS/ex01/ex01_sad_01_00191.wav,"Yes,  tomorrow in Gorges there should be a light drizzle.",Nonverbal_ex01,sad_breath,NonverbalTTS
raw_datasets/NonverbalTTS/ex01/ex01_other_01_00192.wav,"😖 Gah! D d d bow, b bow, b bow, b bow, tschaw!",Nonverbal_ex01,other,NonverbalTTS
raw_datasets/NonverbalTTS/id04133/id04133_happy_01_00193.wav,"A very good season with Pep Guardiola as a coach, but no so good.  You know, I have to be realistic.",Nonverbal_id04133,happy_laugh,NonverbalTTS
raw_datasets/NonverbalTTS/ex01/ex01_other_01_00194.wav,I feel like my legs are turning to jello. 😤,Nonverbal_ex01,other_breath,NonverbalTTS
raw_datasets/NonverbalTTS/id04820/id04820_happy_01_00195.wav,"Ooh, I'm looking forward to in twenty ten. twenty ten, by the way, is going to be my year. Okay, that's going to be my best year ever.  I'm looking forward to my new record coming out. I'm working on a new album with Randy Jackson.",Nonverbal_id04820,happy_breath,NonverbalTTS
raw_datasets/NonverbalTTS/id02724/id02724_neutral_01_00196.wav,She always wears white. 👃 So in the whole first season we had her in white. In the second season we changed that just because I'm not going to give anything away because in Germany people haven't seen it yet.,Nonverbal_id02724,neutral,NonverbalTTS
raw_datasets/NonverbalTTS/ex03/ex03_sad_01_00197.wav,I can't sleep with that noise.,Nonverbal_ex03,sad_breath,NonverbalTTS
raw_datasets/NonverbalTTS/ex04/ex04_sad_01_00198.wav,"Yeah, I did. And   it feels stupid to cry about, but I  👃 I got there like four minutes late. And, you know, I signed up for it like four months ago and I paid the $200 and",Nonverbal_ex04,sad_breath,NonverbalTTS
raw_datasets/NonverbalTTS/id10996/id10996_other_01_00199.wav,"I'll never forget that  it would be summertime and there would be a big electrical storm and the lights would go out at the university which had its own power plant  and the phone would ring and it would be for my dad and he would wake me up, you know, come along with me.",Nonverbal_id10996,other_breath,NonverbalTTS
raw_datasets/NonverbalTTS/id10203/id10203_neutral_01_00200.wav,"And the young people,  they care. They know that this is the world that they're going to grow up in, that they're going to spend the rest of their lives in. But I think it's more idealistic than that. They actually believe that humanity, human species, has no right.",Nonverbal_id10203,neutral_breath,NonverbalTTS
raw_datasets/NonverbalTTS/ex03/ex03_happy_01_00202.wav,No!  Doesn't it bother you to sleep around  without being in love?,Nonverbal_ex03,happy_laugh,NonverbalTTS
raw_datasets/NonverbalTTS/id07429/id07429_neutral_01_00203.wav,"I think as an actor, I felt that listening was as important as talking.  And silence had its own virtues. Silence had its own dramas depending where.",Nonverbal_id07429,neutral_breath,NonverbalTTS
raw_datasets/NonverbalTTS/id03016/id03016_other_01_00204.wav,"Life was easy. Life was great. I grew up in a suburban boy, grew up in Mulgrave  out in the southeastern suburbs and   life was good, you know, a brother and a sister, a  a pretty big.",Nonverbal_id03016,other_breath,NonverbalTTS
raw_datasets/NonverbalTTS/ex04/ex04_happy_01_00205.wav,"Yeah,  I wonder if he even noticed when he got home.  His wife maybe didn't even tell him.",Nonverbal_ex04,happy_laugh,NonverbalTTS
raw_datasets/NonverbalTTS/id04645/id04645_happy_01_00206.wav,"Typhon set hot,  extremely, extremely hot.  We shot in the Middle East in the middle of summer.",Nonverbal_id04645,happy_breath,NonverbalTTS
raw_datasets/NonverbalTTS/id11073/id11073_neutral_01_00207.wav,"Sex, drugs, and rock and roll, I guess, for the sixteen nineties.  So for me, I would watch it, absolutely, if I wasn't in it. That would be a show.  Being a fan of that genre, I would definitely check it out. At least check it out, you know. We got very fortunate with",Nonverbal_id11073,neutral_breath,NonverbalTTS
raw_datasets/NonverbalTTS/id04458/id04458_neutral_01_00208.wav,"If she's mad or something, you know, there's so many things happening under,  you're wondering sometimes.",Nonverbal_id04458,neutral_breath,NonverbalTTS
raw_datasets/NonverbalTTS/id11007/id11007_neutral_01_00209.wav,"ou no Shaya was great. He was the one person that was really honest with me and told me at the beginning, you know, this isn't going to be a walk in the park. You're going to be working seventeen hour days for seven months. It's going to be crazy. It's going to change your life.  Really, do you want?",Nonverbal_id11007,neutral_breath,NonverbalTTS
raw_datasets/NonverbalTTS/id04486/id04486_neutral_01_00210.wav,The current system  provides billions upon billions of dollars of revenue  to criminal organizations.,Nonverbal_id04486,neutral_breath,NonverbalTTS
raw_datasets/NonverbalTTS/id06685/id06685_other_01_00211.wav,"Iva Dembina was my first comedy friend,  and then people like Ian Stone, Mark Mayer, Steve Jamieson. These are the kind of  I think they were Jewish comedians who probably like me somehow felt a little bit on the outside and we all gravitated towards each other.",Nonverbal_id06685,other_breath,NonverbalTTS
raw_datasets/NonverbalTTS/ex04/ex04_disgusted_01_00212.wav,"Okay, I'll just we're just gonna hold our breath and just do it?  Oh",Nonverbal_ex04,disgusted_breath,NonverbalTTS
raw_datasets/NonverbalTTS/ex03/ex03_other_01_00213.wav,"Kathy, I'm not. I'm not 24 anymore, okay? I mean, I'm not getting any younger here. I just thought by this point I'd be...  I don't know. I thought I'd be... You know, I'd be in upper management. I thought I'd be...",Nonverbal_ex03,other_breath,NonverbalTTS
raw_datasets/NonverbalTTS/id10761/id10761_neutral_01_00214.wav,"Most people were very angry that Will Smith made his movie,  but it was a good movie. And I thought Will made a great film. And I had to go on a variety of TV stations in America and say that it does not compete with.",Nonverbal_id10761,neutral_breath,NonverbalTTS
raw_datasets/NonverbalTTS/id08249/id08249_neutral_01_00215.wav,"And that's what I'm expecting next week.   I think there's two, which from day one since we came in,  there's one line where short term on about winning games.",Nonverbal_id08249,neutral_breath,NonverbalTTS
raw_datasets/NonverbalTTS/id10016/id10016_neutral_01_00216.wav,"He's thought of like say Fred Walterswood. He thinks of things and writes them down. And if he's going to say them, he makes sure he says them and is quite particular about that. But Rosetti isn't. So I mean, there's a lot of sort of license to,  I guess, just.",Nonverbal_id10016,neutral_breath,NonverbalTTS
raw_datasets/NonverbalTTS/id08278/id08278_other_01_00217.wav,"Do this kind of stuff anymore. So I said, well, I'm going to try this because it really kind of scares me. And if it works, great. If it doesn't work,",Nonverbal_id08278,other_laugh,NonverbalTTS
raw_datasets/NonverbalTTS/ex03/ex03_happy_01_00218.wav,"Oh, I forgot all about that.   Yeah, that's right. It was like after my fourth drink, I kept telling everyone, I want to wrestle the tiger while I'm in Vegas. I'm going to sneak into the circus .",Nonverbal_ex03,happy_breath,NonverbalTTS
raw_datasets/NonverbalTTS/ex01/ex01_other_01_00219.wav,"What about, okay, but in all honesty, cutting somebody in half with a toenail, is that a good idea? Or is that a great idea? I  mean, come on.",Nonverbal_ex01,other_laugh,NonverbalTTS
raw_datasets/NonverbalTTS/id06113/id06113_other_01_00220.wav,"Well, it took a while.  I basically didn't take it very seriously. I didn't make time for it. I started writing stuff and",Nonverbal_id06113,other_laugh,NonverbalTTS
raw_datasets/NonverbalTTS/ex04/ex04_happy_01_00221.wav,"I remember those days, and 👃 yeah, that's a good feeling, isn't it?  Thank you.",Nonverbal_ex04,happy_laugh,NonverbalTTS
raw_datasets/NonverbalTTS/id11017/id11017_neutral_01_00222.wav,"This was just another sort of way to do that. And plus, I think it's a story that hasn't been told  all that well. And we want to sort of humanize the victims and really sort of bring to life who he was.",Nonverbal_id11017,neutral_breath,NonverbalTTS
raw_datasets/NonverbalTTS/id08241/id08241_neutral_01_00223.wav,"Well, you know, we mustn't forget, you know, that we're a newly promoted team who've been in the Premier League for eighteen months.  We've only been in five years and we're history, I believe.  So,  and we've been blighted by the loss of a little bit of form, of course, when things have gone against you.  But also, also, you know, with injuries and suspensions,  mainly injuries to our big players  from day one.",Nonverbal_id08241,neutral_breath,NonverbalTTS
raw_datasets/NonverbalTTS/id10316/id10316_neutral_01_00224.wav,"You know, here was this little five year old Brooklyn, her name is, and  starting out in the same way that Kimberly did when she was seven. And I had all tho.",Nonverbal_id10316,neutral_breath,NonverbalTTS
raw_datasets/NonverbalTTS/id02043/id02043_other_01_00225.wav,"On top of each other, you know, because that's basically what we were. I mean, we were right on top of each other.  You know, I lived, we lived next, you know.",Nonverbal_id02043,other_laugh,NonverbalTTS
raw_datasets/NonverbalTTS/ex01/ex01_sad_01_00226.wav,"Hey, Rev,  are you single?",Nonverbal_ex01,sad_breath,NonverbalTTS
raw_datasets/NonverbalTTS/ex01/ex01_sad_01_00227.wav,"There was just something about it being on the, 🗣️ being on the, you know, the ocean and floating on that board in this like space of  quiet stillness.",Nonverbal_ex01,sad_breath,NonverbalTTS
raw_datasets/NonverbalTTS/id04117/id04117_neutral_01_00228.wav,My desert mandate to the Streets at EPAT.,Nonverbal_id04117,neutral_breath,NonverbalTTS
raw_datasets/NonverbalTTS/ex01/ex01_happy_01_00230.wav,Has Hoven cancelled?,Nonverbal_ex01,happy_laugh,NonverbalTTS
raw_datasets/NonverbalTTS/id04154/id04154_neutral_01_00231.wav,"In the saute pan with the clams and basically boil the pasta,  which  if you can get it right, it's tricky. You can really nail it because that's an interesting technique.",Nonverbal_id04154,neutral_breath,NonverbalTTS
raw_datasets/NonverbalTTS/id05737/id05737_neutral_01_00233.wav,"that you should be able to get in state tuition in the state of Maryland.  When we passed that in our legislature,",Nonverbal_id05737,neutral_breath,NonverbalTTS
raw_datasets/NonverbalTTS/ex03/ex03_happy_01_00235.wav,"Oh,  Lord.  Yeah, you know, I mean, I knew it had something to do with a plant that,  like, eats people. I kind of vaguely knew that, but,  I mean, I didn't expect they'd have, like, a 400 pound  guy and a",Nonverbal_ex03,happy_breath,NonverbalTTS
raw_datasets/NonverbalTTS/ex04/ex04_sad_01_00236.wav,"Yeah, I promise. You know Grandma better than I do, probably. You know how she would be.",Nonverbal_ex04,sad_laugh,NonverbalTTS
raw_datasets/NonverbalTTS/id03267/id03267_neutral_01_00237.wav,"This book is maybe more Eurosceptic than all other books that have been published  because I think that this European Union will not survive.  What you need to do to convince also people that are voting today for, well, there's of Le Pen that's offering a vision of the future,  showing them that unity of Europe can tackle the financial crisis, the economic fallout of it, the migration flows.",Nonverbal_id03267,neutral_breath,NonverbalTTS
raw_datasets/NonverbalTTS/id11232/id11232_other_01_00238.wav,"👃 You know, that's not what the movie is. Those are very extreme details in the movie that help kind of connect the audience with what these people are going through. It's we're not used to seeing these things in movies, at least not a movie like this that has content and isn't just a movie that means to delight.  So it's an uncomfortable film.",Nonverbal_id11232,other_breath,NonverbalTTS
raw_datasets/NonverbalTTS/id10020/id10020_happy_01_00239.wav,"Shot them very fast  and the, and the, or I think they shot it in the day or day or day or day and a half, really fast.",Nonverbal_id10020,happy_breath,NonverbalTTS
raw_datasets/NonverbalTTS/id11030/id11030_neutral_01_00240.wav,"No matter what take there is, the same  colossal you know personality comes out and  trying to name it.",Nonverbal_id11030,neutral_breath,NonverbalTTS
raw_datasets/NonverbalTTS/id03291/id03291_other_01_00241.wav,"t secure the integrity of sports, as well as confidence in the game gaming market and to prevent organised crime.  We have different structural approaches to our respective gaming markets in our countries,  but we still face challenges of a common nature. We must prevent that we lose sight of the basic foundation of the national regulations.",Nonverbal_id03291,other_breath,NonverbalTTS
raw_datasets/NonverbalTTS/id10557/id10557_happy_01_00242.wav,"And I started  suffering from them after  American Idol. You know, I went from being a high school kid to one of the most recognizable faces on the planet for a second.",Nonverbal_id10557,happy_breath,NonverbalTTS
raw_datasets/NonverbalTTS/id03824/id03824_neutral_01_00244.wav,rules and regulation than we have.  So it is obviously that world is taking.,Nonverbal_id03824,neutral_breath,NonverbalTTS
raw_datasets/NonverbalTTS/ex04/ex04_happy_01_00245.wav,That's absolutely ridiculous. You are the luckiest person I know. 😤,Nonverbal_ex04,happy_laugh,NonverbalTTS
raw_datasets/NonverbalTTS/id08373/id08373_happy_01_00246.wav,"Let's start though. I asked Eco Living and Earth Loving, Laura Turner Seidel, for some pointers on how to be more environmentally  friendly. Here is how. She says you can go green this week and be greener by Friday.",Nonverbal_id08373,happy_breath,NonverbalTTS
raw_datasets/NonverbalTTS/ex01/ex01_sad_01_00247.wav,The one with the family crest on it. 👃 The one that she made when she...,Nonverbal_ex01,sad,NonverbalTTS
raw_datasets/NonverbalTTS/ex04/ex04_happy_01_00248.wav,"It's true, but  maybe she'll forget  by the time fourth grade comes around and they gotta do another play.",Nonverbal_ex04,happy_breath,NonverbalTTS
raw_datasets/NonverbalTTS/ex01/ex01_other_01_00249.wav,"Oh, what did you like about her voice?",Nonverbal_ex01,other_breath,NonverbalTTS
raw_datasets/NonverbalTTS/id09088/id09088_neutral_01_00250.wav,"I don't remember exactly when it was, but it was  I don't think my classical influence came from Richie. I think  what Richie did to me was more like, you know,",Nonverbal_id09088,neutral_breath,NonverbalTTS
raw_datasets/NonverbalTTS/id10372/id10372_neutral_01_00251.wav,"and if your eyes are open to see.  And again, that's the wonderful thing about mythological heroes is that",Nonverbal_id10372,neutral_breath,NonverbalTTS
raw_datasets/NonverbalTTS/id07828/id07828_other_01_00252.wav,"Coolest boss you could ever ask for. All the writers, all the producers, all the directors on Bold and the Beautiful. These people treated me like family the moment I walked on set and I cannot thank you enough.  Don Diamant for fighting.",Nonverbal_id07828,other_breath,NonverbalTTS
raw_datasets/NonverbalTTS/id10317/id10317_other_01_00253.wav,"You shouldn't know. I mean, Jack Nicholson, you know, is a very particular person,  but in one.",Nonverbal_id10317,other_breath,NonverbalTTS
raw_datasets/NonverbalTTS/id10778/id10778_happy_01_00254.wav,"Not really. And I'm not plugged in. I'm not on Twitter or anything, so I don't it's sort of passed me by  quite, you know. So it's lovely to hear that.",Nonverbal_id10778,happy_laugh,NonverbalTTS
raw_datasets/NonverbalTTS/ex02/ex02_other_01_00255.wav,"Um,  when do I see the octopus? Mm hmm.",Nonverbal_ex02,other_breath,NonverbalTTS
raw_datasets/NonverbalTTS/id11075/id11075_other_01_00256.wav,"And you can just watch the popcorn bit,  but that question exists, and Vickers goes through that process of.",Nonverbal_id11075,other_breath,NonverbalTTS
raw_datasets/NonverbalTTS/ex04/ex04_happy_01_00257.wav,Her body was found on Monday morning.,Nonverbal_ex04,happy_laugh,NonverbalTTS
raw_datasets/NonverbalTTS/id10983/id10983_neutral_01_00258.wav,"👃 They phoned the day before and said, Ah, we may have to put you on hold because Vinnie Jones was in the film,  has been arrested for threatening his neighbor.",Nonverbal_id10983,neutral_breath,NonverbalTTS
raw_datasets/NonverbalTTS/ex01/ex01_happy_01_00259.wav,"The only time I, what I recommend to eat is campfire food.  I specifically have a few recipes I can share with you. Okay, so one, it's very simple.",Nonverbal_ex01,happy_laugh,NonverbalTTS
raw_datasets/NonverbalTTS/id04229/id04229_other_01_00260.wav,"Go through life much like playing basketball back on your heels, your opposition blows right around you.  Have the courage take.",Nonverbal_id04229,other_breath,NonverbalTTS
raw_datasets/NonverbalTTS/ex04/ex04_other_01_00261.wav,They're somewhere. They're probably on the counter. I know. I lose my keys. I lose my earmuffs.  Yep.,Nonverbal_ex04,other_breath,NonverbalTTS
raw_datasets/NonverbalTTS/ex03/ex03_other_01_00262.wav,"Well, you know, after we shut down  the karaoke bar, we went over to Karen's place. She had  a little shindig in her apartment, and we were...",Nonverbal_ex03,other_breath,NonverbalTTS
raw_datasets/NonverbalTTS/ex03/ex03_happy_01_00263.wav,"But take your first steps in fall with comfortable, washable and sustainable products  from  Rothko's.",Nonverbal_ex03,happy_laugh,NonverbalTTS
raw_datasets/NonverbalTTS/id04017/id04017_neutral_01_00265.wav,that I didn't know  were possible or ever going to happen it's .,Nonverbal_id04017,neutral_breath,NonverbalTTS
raw_datasets/NonverbalTTS/id10209/id10209_other_01_00266.wav,"That we could,  they  they squeeze more and more into less.",Nonverbal_id10209,other_breath,NonverbalTTS
raw_datasets/NonverbalTTS/id06584/id06584_happy_01_00267.wav,"And she is very deliberate, she is very conscious of what she is doing and  all that. Artis is one carefree fellow.",Nonverbal_id06584,happy_breath,NonverbalTTS
raw_datasets/NonverbalTTS/ex01/ex01_other_01_00268.wav,"I feel like,  I feel like Uncle Johnny.",Nonverbal_ex01,other_breath,NonverbalTTS
raw_datasets/NonverbalTTS/id08081/id08081_other_01_00269.wav,Someone was threatening to kill me with a baseball bat and I forwarded the email to the White House and they 😷 email back to buy a helmet.,Nonverbal_id08081,other,NonverbalTTS
raw_datasets/NonverbalTTS/id11239/id11239_neutral_01_00270.wav,"That is, I mean, that one would be very hard to deal with if the door didn't open. So now we're not even going to let the door shut.  But,",Nonverbal_id11239,neutral_breath,NonverbalTTS
raw_datasets/NonverbalTTS/ex04/ex04_sad_01_00272.wav,"Yeah,  man. Missed.",Nonverbal_ex04,sad_breath,NonverbalTTS
raw_datasets/NonverbalTTS/id08638/id08638_other_01_00273.wav,"Thank you.  Thank all of you loyal, hardworking, dedicated, tenacious Democrats.",Nonverbal_id08638,other_breath,NonverbalTTS
raw_datasets/NonverbalTTS/ex02/ex02_happy_01_00274.wav,We borrowed some of your bubbly!,Nonverbal_ex02,happy_laugh,NonverbalTTS
raw_datasets/NonverbalTTS/ex03/ex03_neutral_01_00275.wav,"You're going to be the bartender, or you can hire a bartender if you'd like to, but I'm going to put you in charge of drinks.  What do you think we should serve as far as drinks? You're more of an expert than I am on that.",Nonverbal_ex03,neutral_breath,NonverbalTTS
raw_datasets/NonverbalTTS/id10873/id10873_neutral_01_00276.wav,"A best seller, big, big, big seller.  I mean, everybody was talking about it.  It was one of the best written treaties on Africa, the whole continent of Africa that had ever been even attempted.  was",Nonverbal_id10873,neutral_breath,NonverbalTTS
raw_datasets/NonverbalTTS/id07429/id07429_neutral_01_00277.wav,"devastation, so forth. I understand the voices that want to not have a moratorium because they think it's going to help jobs.  But I think the first thing that should happen is,",Nonverbal_id07429,neutral_breath,NonverbalTTS
raw_datasets/NonverbalTTS/id10129/id10129_sad_01_00278.wav,They don't tell you that you lose your memory and that your ability to reflect is impacted by memory loss.,Nonverbal_id10129,sad_breath,NonverbalTTS
raw_datasets/NonverbalTTS/ex01/ex01_sad_01_00279.wav,I think I will.,Nonverbal_ex01,sad_breath,NonverbalTTS
raw_datasets/NonverbalTTS/id10457/id10457_neutral_01_00280.wav,"So I was very happy to do again a movie, to make a movie with him to .",Nonverbal_id10457,neutral_breath,NonverbalTTS
raw_datasets/NonverbalTTS/ex02/ex02_happy_01_00282.wav,We had no  part in it.,Nonverbal_ex02,happy_laugh,NonverbalTTS
raw_datasets/NonverbalTTS/ex04/ex04_happy_01_00283.wav,"Yeah, who about you? Who do you like?",Nonverbal_ex04,happy_laugh,NonverbalTTS
raw_datasets/NonverbalTTS/ex04/ex04_sad_01_00284.wav,"Oh, that's awful.",Nonverbal_ex04,sad_breath,NonverbalTTS
raw_datasets/NonverbalTTS/id08569/id08569_happy_01_00286.wav,"Seeing Gloria Rubin,  you'll enjoy the soundtrack, you'll enjoy the story.  I think it's a lovely movie.",Nonverbal_id08569,happy_breath,NonverbalTTS
raw_datasets/NonverbalTTS/ex04/ex04_sad_01_00287.wav,Should we wake him up? Oh. 😤,Nonverbal_ex04,sad,NonverbalTTS
raw_datasets/NonverbalTTS/id08747/id08747_neutral_01_00288.wav,"Amen maintained that there was only one, and that was the Sun God. And his philosophy was a very spiritual, a very modern philosophy, very, very modern philosophy,  and this brought him a lot of trouble.",Nonverbal_id08747,neutral_breath,NonverbalTTS
raw_datasets/NonverbalTTS/id04257/id04257_neutral_01_00289.wav,"I'm one who believes that 😷 in order to truly understand the economic implications of the rise of Asia and the way in which society has so transformed itself, you have to have visited on a very regular basis because the rise of Asia and specifically the rise of China, it's all happened so quickly and the change of society, the development of society, the rise of their economies.",Nonverbal_id04257,neutral_breath,NonverbalTTS
raw_datasets/NonverbalTTS/ex04/ex04_happy_01_00290.wav,You are. That's why you've always been a good soccer coach.,Nonverbal_ex04,happy_laugh,NonverbalTTS
raw_datasets/NonverbalTTS/ex01/ex01_sad_01_00291.wav,"I just know that it's probably ruined. I haven't actually seen it, but like everything else is ruined. There's water damage everywhere.  Wool and water does not sit well, especially for long periods of time. 👃 And it's...",Nonverbal_ex01,sad_breath,NonverbalTTS
raw_datasets/NonverbalTTS/id04091/id04091_neutral_01_00292.wav,"It means a new approach to politics. So, for example, the controversy in the last week or two has been about the power of a leader.  Now,  I want to build a team, left and right of the Labour Party, old and new Labour. The only thing I don't want is losing Labour. I want an end to that culture. I want a sense  of anyone who says we can't do it or we can't win.",Nonverbal_id04091,neutral_breath,NonverbalTTS
raw_datasets/NonverbalTTS/id10847/id10847_other_01_00293.wav,"I guess translates into, regardless of where you're from, we all have to be accepting of one another because we live under one sun, one god.  And adversity is a beautiful thing. It makes us all special.",Nonverbal_id10847,other_breath,NonverbalTTS
raw_datasets/NonverbalTTS/ex02/ex02_other_01_00294.wav,"Get it together, Ralphie boy.",Nonverbal_ex02,other_breath,NonverbalTTS
raw_datasets/NonverbalTTS/ex02/ex02_sad_01_00295.wav,"The thing is, my friend,  you get a pass,  but  your little counterpart is not so lucky. 😴",Nonverbal_ex02,sad_breath,NonverbalTTS
raw_datasets/NonverbalTTS/id10873/id10873_happy_01_00296.wav,"And I said, there is no, he said, there will be by the twenty  three hundred.",Nonverbal_id10873,happy_laugh,NonverbalTTS
raw_datasets/NonverbalTTS/id04834/id04834_neutral_01_00297.wav,"The American Red Cross, I think in Hanoi.  And there was a guy that was handled the comparable Vietnamese Red Cross.",Nonverbal_id04834,neutral_breath,NonverbalTTS
raw_datasets/NonverbalTTS/id10326/id10326_happy_01_00299.wav,I couldn't see.  So I would want to read in the.,Nonverbal_id10326,happy_breath,NonverbalTTS
raw_datasets/NonverbalTTS/id10996/id10996_neutral_01_00300.wav,"I was an English major, you know, all through college and even in graduate school and even a PhD candidate in English  at the University of Chicago and I read all the time.",Nonverbal_id10996,neutral_breath,NonverbalTTS
raw_datasets/NonverbalTTS/ex02/ex02_sad_01_00301.wav,😤 The stars. That's just stunning. Have you ever seen a shooting star before?,Nonverbal_ex02,sad,NonverbalTTS
raw_datasets/NonverbalTTS/id11181/id11181_other_01_00303.wav,That was in house. That was the people who produced it. m  so Buzz ultimately left the show and I was hired to do it in eighty seven and they had seen me at the station in a number of other roles obviously filling in  and the fourth,Nonverbal_id11181,other_breath,NonverbalTTS
raw_datasets/NonverbalTTS/id02015/id02015_neutral_01_00304.wav,reporting this fall.  And they're looking at all sorts of different ideas on how we can ensure that our seniors are able to live.,Nonverbal_id02015,neutral_breath,NonverbalTTS
raw_datasets/NonverbalTTS/id01900/id01900_neutral_01_00305.wav,"massive amphibious assault in an era of industrial warfare.  The troops weren't supposed to land here,",Nonverbal_id01900,neutral_breath,NonverbalTTS
raw_datasets/NonverbalTTS/id10943/id10943_neutral_01_00306.wav,And there was a time when she was just on that bed for a whole year.,Nonverbal_id10943,neutral_breath,NonverbalTTS
raw_datasets/NonverbalTTS/id08975/id08975_happy_01_00307.wav,"He feels this. He,  wow, you know, and then you get the lines and.",Nonverbal_id08975,happy_breath,NonverbalTTS
raw_datasets/NonverbalTTS/id10498/id10498_happy_01_00308.wav,"Do some different kind. I really want to  I really want to know the audience what they react. So after a movie, I through the internet talk to the audience which scene you like.",Nonverbal_id10498,happy_breath,NonverbalTTS
raw_datasets/NonverbalTTS/id05741/id05741_neutral_01_00309.wav,"Well, 😷 I'm not sure that it's confusing the audience. I think what happens is it's a natural evolution.  You know, will television disappear? Free to air television? No. Cable strong.",Nonverbal_id05741,neutral,NonverbalTTS
raw_datasets/NonverbalTTS/ex04/ex04_happy_01_00310.wav,"It's getting a little scary, right?",Nonverbal_ex04,happy_laugh,NonverbalTTS
raw_datasets/NonverbalTTS/id07705/id07705_neutral_01_00311.wav,"He didn't stand for that and didn't put it forward.  I am from a rural area of Kansas. I grew up in Parker, Kansas, two hundred and eighty people now.  We are seeing now growth taking place in a number of our rural communities, but not all of them. They were declining by ten percent. Overall, we've got a decline of one percent,  and a lot of our rural communities are back and growing.",Nonverbal_id07705,neutral_breath,NonverbalTTS
raw_datasets/NonverbalTTS/ex02/ex02_sad_01_00313.wav,"I used to sing her the song Daisy, Daisy,  you know.",Nonverbal_ex02,sad_breath,NonverbalTTS
raw_datasets/NonverbalTTS/ex03/ex03_other_01_00314.wav,"bury that, bury that, and then burn it, bury that, and then burn the entire field that you're buried in.  Yeah, like, no one should ever, ever have to see that or go near it again.   Oh, God!",Nonverbal_ex03,other_breath,NonverbalTTS
raw_datasets/NonverbalTTS/ex02/ex02_happy_01_00315.wav,"Yeah, the graham cracker. I know that everything was locally made, so it's fresh as fresh can be.  And it's just divine. It's the way that it just melts in your mouth. Usually  when we have",Nonverbal_ex02,happy_breath,NonverbalTTS
raw_datasets/NonverbalTTS/ex04/ex04_sad_01_00316.wav,"we look up to  and it's normal to   long for a stable relationship, right? And it's just not there. And so the fact that it's not there carries a lot of sadness and I had to do",Nonverbal_ex04,sad_breath,NonverbalTTS
raw_datasets/NonverbalTTS/id10381/id10381_other_01_00318.wav,"And ground me. But when he said, I'm disappointed. You did that.",Nonverbal_id10381,other_laugh,NonverbalTTS
raw_datasets/NonverbalTTS/id11049/id11049_neutral_01_00319.wav,f the show is  what I've learned from him as an actor and the friendship that I've kind of come to rely on.,Nonverbal_id11049,neutral_breath,NonverbalTTS
raw_datasets/NonverbalTTS/id05989/id05989_other_01_00320.wav,And he was successful at it.  So I was drawn to the character and he was funny. He used humor. I'll never forget the first story he told me. We ended up doing it in an episode. Just indulge me.,Nonverbal_id05989,other_breath,NonverbalTTS
raw_datasets/NonverbalTTS/ex02/ex02_fearful_01_00321.wav,"I don't know, did we take more of a left or did we go more to the right? Do you remember which way we went?",Nonverbal_ex02,fearful_breath,NonverbalTTS
raw_datasets/NonverbalTTS/ex04/ex04_surprised_01_00322.wav,"Ah , sea urchins, it's so prickly!",Nonverbal_ex04,surprised_breath,NonverbalTTS
raw_datasets/NonverbalTTS/ex04/ex04_neutral_01_00324.wav,"Okay,  more, the Barb's not going to quit anytime soon, so...  👃",Nonverbal_ex04,neutral_breath,NonverbalTTS
raw_datasets/NonverbalTTS/ex01/ex01_happy_01_00325.wav,"I was thinking, what if they did like an as you like it?",Nonverbal_ex01,happy_breath,NonverbalTTS
raw_datasets/NonverbalTTS/id08981/id08981_neutral_01_00326.wav,"In a band where there's a lot of distortion and overdriven sound, every guitar kind of can sound the same. But if you're going for a pure bell tone sort  quality.",Nonverbal_id08981,neutral_breath,NonverbalTTS
raw_datasets/NonverbalTTS/ex01/ex01_disgusted_01_00327.wav,"Oh, it's so cold. ️ 😷",Nonverbal_ex01,disgusted,NonverbalTTS
raw_datasets/NonverbalTTS/ex04/ex04_happy_01_00328.wav,"Oh, you smell funny.  I...",Nonverbal_ex04,happy_breath,NonverbalTTS
raw_datasets/NonverbalTTS/ex04/ex04_other_01_00329.wav,Okay.  I think I can do it.  Okay.  All right.  Ready?  We're gonna...,Nonverbal_ex04,other_breath,NonverbalTTS
raw_datasets/NonverbalTTS/ex02/ex02_sad_01_00330.wav,😖 And have you ever watched him in the teacher's lounge? He eats soup for lunch  and a full...,Nonverbal_ex02,sad_breath,NonverbalTTS
raw_datasets/NonverbalTTS/ex02/ex02_sad_01_00331.wav,"Um,  yeah, it came down on my head. Um, can you just, can you just check because I feel a little bit dizzy and I don't know if it's just because I'm in shock or,  or what. I,  and...",Nonverbal_ex02,sad_breath,NonverbalTTS
raw_datasets/NonverbalTTS/id08241/id08241_neutral_01_00332.wav,"I've been here four years now, so  and I've enjoyed every minute of it and  there's always a time to leave the party, of course,  but  this summer wasn't the time because of getting into the Premier League and what that entails.",Nonverbal_id08241,neutral_breath,NonverbalTTS
raw_datasets/NonverbalTTS/id06110/id06110_neutral_01_00333.wav,"So I don't think it would be accurate to say, and I don't think I've ever actually said  that my films.",Nonverbal_id06110,neutral_breath,NonverbalTTS
raw_datasets/NonverbalTTS/id07361/id07361_neutral_01_00334.wav,"Then the next thing you know, we've got the eighties, the hair band era.  And the southern rock bands were out.",Nonverbal_id07361,neutral_breath,NonverbalTTS
raw_datasets/NonverbalTTS/ex01/ex01_other_01_00335.wav,"All right, my little football, you're gonna be...  Oh, ah.",Nonverbal_ex01,other_laugh,NonverbalTTS
raw_datasets/NonverbalTTS/ex01/ex01_happy_01_00336.wav,I remember that.  Of course I remember that.,Nonverbal_ex01,happy_laugh,NonverbalTTS
raw_datasets/NonverbalTTS/id10533/id10533_happy_01_00338.wav,"I didn't, but I appreciate the compliment that you think this body",Nonverbal_id10533,happy_laugh,NonverbalTTS
raw_datasets/NonverbalTTS/id04443/id04443_happy_01_00339.wav,"We started by a nineteen year old  and they've reached over. I mean, they've raised they've been able to give fresh water to.",Nonverbal_id04443,happy_laugh,NonverbalTTS
raw_datasets/NonverbalTTS/id00796/id00796_other_01_00341.wav,Like very happy about the way it shaped out. 🗣️ GoP cameramen were young team a o.,Nonverbal_id00796,other_breath,NonverbalTTS
raw_datasets/NonverbalTTS/id08600/id08600_other_01_00342.wav,"By lightning becomes,  you know, becomes a flash, ordinary guy with extraordinary powers, but in many ways that character is potentially the most easily definable 😷 of all the characters on the flash. The rest of us are kind of living dual lives.",Nonverbal_id08600,other_breath,NonverbalTTS
raw_datasets/NonverbalTTS/id10702/id10702_happy_01_00343.wav,"Well,  people ask me that a lot because although I've tasted success, I've as well tasted a lot of failure. And I think for me, knowing  that you have to just take joy in the small victories. And also how you leave something is how you enter it. So like how your attitude is.",Nonverbal_id10702,happy_breath,NonverbalTTS
raw_datasets/NonverbalTTS/ex01/ex01_other_01_00344.wav,"Exactly.  Not to shift the topics, but...",Nonverbal_ex01,other_breath,NonverbalTTS
raw_datasets/NonverbalTTS/ex01/ex01_other_01_00345.wav,"It's all luck, baby, and I'm feeling lucky.  Mm mm mm.",Nonverbal_ex01,other_breath,NonverbalTTS
raw_datasets/NonverbalTTS/id04089/id04089_neutral_01_00346.wav,"And yet, you know what, they  came back with some resolve last night at the theme dinner. And  I think sometimes,  you know, they get over it a little faster. Maybe the coaches from the standpoint of knowing we've got to move forward.",Nonverbal_id04089,neutral_breath,NonverbalTTS
raw_datasets/NonverbalTTS/id03634/id03634_neutral_01_00347.wav,that with God on my side and in my life and the people around me  that there's there's nothing that I can't overcome.,Nonverbal_id03634,neutral_breath,NonverbalTTS
raw_datasets/NonverbalTTS/id06430/id06430_other_01_00348.wav,"You know, even I think that that body fat did drop down from last year too. So  I'm still a young guy. 👃 You know, I'm slowly.",Nonverbal_id06430,other_breath,NonverbalTTS
raw_datasets/NonverbalTTS/ex02/ex02_other_01_00349.wav,15 minutes and I just can't be bothered to wait another time.,Nonverbal_ex02,other_breath,NonverbalTTS
raw_datasets/NonverbalTTS/id07477/id07477_other_01_00350.wav,"Oh yeah, thi  🗣️ number one album and single Both Sides of the Atlantic and I don't think it'd ever been done before. I think Susan Boyle's just done it again  ut.",Nonverbal_id07477,other_breath,NonverbalTTS
raw_datasets/NonverbalTTS/ex03/ex03_happy_01_00351.wav,"Honestly, what is our obsession with celebrity breakups?",Nonverbal_ex03,happy_laugh,NonverbalTTS
raw_datasets/NonverbalTTS/ex03/ex03_happy_01_00353.wav,"wet t shirt contest and no one can ever take that away from me. If Miranda posts those pictures on Facebook, I'm  I'm going to change my name and join a witness protection program and move to Texas.",Nonverbal_ex03,happy_laugh,NonverbalTTS
raw_datasets/NonverbalTTS/ex01/ex01_other_01_00354.wav,"It's gotta be some kind of shit cult. Like, I...",Nonverbal_ex01,other_breath,NonverbalTTS
raw_datasets/NonverbalTTS/id11187/id11187_neutral_01_00355.wav,️ They called me a week later and I went in  with Stephen and George. They were very secretive because it was.,Nonverbal_id11187,neutral_breath,NonverbalTTS
raw_datasets/NonverbalTTS/ex03/ex03_happy_01_00356.wav,What is so  unusual about this case?,Nonverbal_ex03,happy_laugh,NonverbalTTS
raw_datasets/NonverbalTTS/ex01/ex01_sad_01_00357.wav,It was so...  Do you remember the...,Nonverbal_ex01,sad_breath,NonverbalTTS
raw_datasets/NonverbalTTS/ex04/ex04_disgusted_01_00358.wav,"Cause, uh, do we just hop in too? Because I don't, uh, just like hose us down. Cause our house is gonna smell like this. I didn't think about that. Oh. 😤",Nonverbal_ex04,disgusted,NonverbalTTS
raw_datasets/NonverbalTTS/ex02/ex02_other_01_00359.wav,"Yeah.  Also, I don't know if you did this, but I made an appointment ahead of time and it's still  okay.",Nonverbal_ex02,other_breath,NonverbalTTS
raw_datasets/NonverbalTTS/id10543/id10543_neutral_01_00360.wav,"The fourth season is actually the best, richest, most complicated  season we've.",Nonverbal_id10543,neutral_breath,NonverbalTTS
raw_datasets/NonverbalTTS/id07429/id07429_other_01_00361.wav,"Oh, the well,  the value of silence.",Nonverbal_id07429,other_breath,NonverbalTTS
raw_datasets/NonverbalTTS/id04488/id04488_happy_01_00362.wav,"There were a cohort of my friends who knew exactly what they wanted to do and they were generally either vets or medics,  but for most of the rest.",Nonverbal_id04488,happy_laugh,NonverbalTTS
raw_datasets/NonverbalTTS/id01461/id01461_happy_01_00363.wav,know that that person was going to do that that way and something happens and  I've never felt restricted. Whatever I can offer when we're shooting can be used or it can be cut.  But eer,Nonverbal_id01461,happy_breath,NonverbalTTS
raw_datasets/NonverbalTTS/ex04/ex04_other_01_00365.wav,😷 Are we gonna have to sit through 😷 Are we gonna have to sit through the whole flight like this?,Nonverbal_ex04,other,NonverbalTTS
raw_datasets/NonverbalTTS/id10539/id10539_neutral_01_00366.wav,🗣️ What that provides is that sense of danger and that we see when actors work sometimes. Where the hell do?,Nonverbal_id10539,neutral,NonverbalTTS
raw_datasets/NonverbalTTS/id03525/id03525_other_01_00367.wav,The writers gave when you play a character.,Nonverbal_id03525,other_breath,NonverbalTTS
raw_datasets/NonverbalTTS/id06013/id06013_other_01_00368.wav,"Yeah, a lot. It's  obviously scored a few hat tricks in my time, but it's always nice  to score a hat trick and probably capped off a great team performance, obviously.  Me getting the three goals will probably grab headlines, but I thought it was a great team performance today.",Nonverbal_id06013,other_breath,NonverbalTTS
raw_datasets/NonverbalTTS/id04372/id04372_neutral_01_00369.wav,"All the regulators didn't see it coming in every single country, all the supervisors didn't see it coming. And  so the signaling system, the early warning system clearly failed.",Nonverbal_id04372,neutral_breath,NonverbalTTS
raw_datasets/NonverbalTTS/id10078/id10078_other_01_00370.wav,"And a shot and in my lap. 👃 And it wasn't, it really wasn't frightening. The roar was frightening because it was so loud.",Nonverbal_id10078,other,NonverbalTTS
raw_datasets/NonverbalTTS/id11206/id11206_other_01_00372.wav,"You know, there's no guarantee of you ever gaining any sort of success. And you just have to work hard.  And it's all about being persistent in this game. You know, you kind of,",Nonverbal_id11206,other_laugh,NonverbalTTS
raw_datasets/NonverbalTTS/id10009/id10009_neutral_01_00373.wav,🗣️ I wasn't elected. My cousin was  and I'm hoping to run again.,Nonverbal_id10009,neutral_breath,NonverbalTTS
raw_datasets/NonverbalTTS/id07358/id07358_neutral_01_00374.wav,The purists will say it's North Carolina Duke because they're in the same league.  But I have a different perspective.,Nonverbal_id07358,neutral_breath,NonverbalTTS
raw_datasets/NonverbalTTS/id08266/id08266_neutral_01_00375.wav,Get away from Jalong a bit mentally should freshen me up  and come back ready to attack the start of the year. So I've had  enough of practice games and ready for the real stuff. So it's really exciting.,Nonverbal_id08266,neutral_breath,NonverbalTTS
raw_datasets/NonverbalTTS/ex04/ex04_other_01_00376.wav,"Yeah, don't tell me that. It's okay.  Oh man. You know, it happens. It's...",Nonverbal_ex04,other_laugh,NonverbalTTS
raw_datasets/NonverbalTTS/id10970/id10970_neutral_01_00377.wav,"🗣️ Calling the mad hatter the mad hatter, but he's mad in a different way  to Tarrant. He's very.",Nonverbal_id10970,neutral_breath,NonverbalTTS
raw_datasets/NonverbalTTS/id08451/id08451_other_01_00378.wav,It's It's It's nice talking about these figures. What they mean on the ground is real havoc.  Where you have a situation where you've got the last budget we did in two thousand eight was expressed in,Nonverbal_id08451,other_breath,NonverbalTTS
raw_datasets/NonverbalTTS/id02617/id02617_other_01_00379.wav,"That that's not enough.  Because agreeing amongst each other that communities must be empowered, that their voices must be heard, that women must be empowered is not enough.  Let the outcome of this conference be",Nonverbal_id02617,other_breath,NonverbalTTS
raw_datasets/NonverbalTTS/ex01/ex01_other_01_00380.wav,"Everybody would sweat and it was hot people doing hot yoga  and I thought the name was just redundant.  But  👃 I don't know who Bikram is. To be honest, I thought he was that character from the Muppets. 👃",Nonverbal_ex01,other_breath,NonverbalTTS
raw_datasets/NonverbalTTS/id10146/id10146_happy_01_00381.wav,"in New York for like four months to a sold out audiences.  And for all these years, for the past almost nineteen, twenty years, people have been saying, I love the movie, I love this movie, but I saw the play. Oh, the play was great.  So I thought about it and I said, you know what? There's a whole new generation of people who never got a chance to see it.  I'm going to bring it back. And I decided to bring it back and  I got back on Broadway and it was a bigger  hit than it was when I first did.",Nonverbal_id10146,happy_breath,NonverbalTTS
raw_datasets/NonverbalTTS/id07719/id07719_neutral_01_00382.wav,So to cut capital gains tax and then pretend revenue won't increase  doesn't make any sense.  So I,Nonverbal_id07719,neutral_breath,NonverbalTTS
raw_datasets/NonverbalTTS/id10720/id10720_other_01_00383.wav,"I can only speak for my character, but I think I tried to keep everything of Gaston's personality. There was nothing about his persona that needed tweaking,  but when you bring an animated character to a human form,  you have the ability to create a backstory and layer a character much more. An animated face can undo so much, but a human face can tell an awful lot more o I te.",Nonverbal_id10720,other_breath,NonverbalTTS
raw_datasets/NonverbalTTS/ex03/ex03_other_01_00384.wav,"You know, not to be a downer, but Jeb has fallen in some hard times. Just a few years after graduation, I  I saw him outside of that gas station in the corner of 93.",Nonverbal_ex03,other_breath,NonverbalTTS
raw_datasets/NonverbalTTS/id10885/id10885_neutral_01_00385.wav,"🗣️ or under, but an eighteen is just kind of pointless.",Nonverbal_id10885,neutral,NonverbalTTS
raw_datasets/NonverbalTTS/id05049/id05049_neutral_01_00386.wav,only takes so many.  So in the context of the court making its own decisions about which side in a case.,Nonverbal_id05049,neutral_breath,NonverbalTTS
raw_datasets/NonverbalTTS/id06971/id06971_other_01_00387.wav,"And it ends up rolling back all the way off the green into a very difficult up and down. And at that moment,  love was not what I felt. And then you hit two great three woods that just chase onto the green and end up per",Nonverbal_id06971,other_breath,NonverbalTTS
raw_datasets/NonverbalTTS/id10103/id10103_other_01_00388.wav,I think we've put you in the chair under false pretenses.  Sit down. Sit down. But she loved a murder mystery programme. Loved them.,Nonverbal_id10103,other_laugh,NonverbalTTS
raw_datasets/NonverbalTTS/ex01/ex01_happy_01_00389.wav,that is not okay.  Alright?  But you're going to disregard that because you love Romeo. And that's what this whole scene is about. It's the inner conflict between family and love. And that's what you're going to be monologuing about and stuff like that. So when Romeo climbs up and Romeo makes his appearance...,Nonverbal_ex01,happy_breath,NonverbalTTS
raw_datasets/NonverbalTTS/id06829/id06829_neutral_01_00390.wav,"For me to say that I've gotten, you know, this far without people, you know, would be an understate, you know.",Nonverbal_id06829,neutral_laugh,NonverbalTTS
raw_datasets/NonverbalTTS/id03795/id03795_neutral_01_00391.wav,"That was game plan, you know, but I don't think that was that worked so fast.  I kick him.",Nonverbal_id03795,neutral_breath,NonverbalTTS
raw_datasets/NonverbalTTS/id03522/id03522_neutral_01_00392.wav,"You know, but if you're working with certain players  who can do that, you know, then it's then it's easy, you know.",Nonverbal_id03522,neutral_breath,NonverbalTTS
raw_datasets/NonverbalTTS/id08604/id08604_happy_01_00393.wav,"My dirty little secret. I mean, it was  one of those things that it felt like I had chains wrapped around me.",Nonverbal_id08604,happy_breath,NonverbalTTS
raw_datasets/NonverbalTTS/ex01/ex01_sad_01_00394.wav,Mm hmm. 👃 Compayment and apartment ...,Nonverbal_ex01,sad,NonverbalTTS
raw_datasets/NonverbalTTS/ex04/ex04_happy_01_00395.wav,"Yeah, it was like  the best worst rendition I've  ever seen.  Lady Macbeth, her outfit.",Nonverbal_ex04,happy_breath,NonverbalTTS
raw_datasets/NonverbalTTS/id07429/id07429_happy_01_00396.wav,"You know, you don't understand  the film is in the can. It's done. And she said, oh, okay. She says,  well, I'm not in the can.",Nonverbal_id07429,happy_breath,NonverbalTTS
raw_datasets/NonverbalTTS/id04782/id04782_other_01_00397.wav,"Little tired. I've been on tour  getting the word out about sensitive skin. We started in Calgary, Vancouver, and  now TO.",Nonverbal_id04782,other_breath,NonverbalTTS
raw_datasets/NonverbalTTS/id06114/id06114_happy_01_00398.wav,"Well, well, first off, I took my daughter and her cousins to the show Friday night, and John, if you haven't seen it yet, it's a great show.  I'm a history buff, and my hat's off to the cast and.",Nonverbal_id06114,happy_laugh,NonverbalTTS
raw_datasets/NonverbalTTS/id08171/id08171_neutral_01_00399.wav,"So you can really pitch it just right. And I like its kind of flirty nature.  And it can also be more kind of broad. It can be more of a  a something you're saying to the whole crowd.  And it's a bit of a plea, I suppose.",Nonverbal_id08171,neutral_breath,NonverbalTTS
raw_datasets/NonverbalTTS/id07719/id07719_neutral_01_00400.wav,"We felt that one, we've been owning the building for eleven years.  The market had changed. We felt that this was an appropriate evolution.  It had nothing to do with politics.",Nonverbal_id07719,neutral_breath,NonverbalTTS
raw_datasets/NonverbalTTS/ex03/ex03_happy_01_00401.wav,"He says, let's face it,  I was never going to learn how  to do this anyway.",Nonverbal_ex03,happy_laugh,NonverbalTTS
raw_datasets/NonverbalTTS/id08658/id08658_neutral_01_00402.wav,"I really like him because of the effort he puts in as well, not just  in making and creating goals for himself, but.",Nonverbal_id08658,neutral_breath,NonverbalTTS
raw_datasets/NonverbalTTS/ex01/ex01_other_01_00403.wav,Yea give me a second.  I got to clear some 😷 something out of.,Nonverbal_ex01,other,NonverbalTTS
raw_datasets/NonverbalTTS/id10758/id10758_happy_01_00405.wav,"😷 So we fed off of each other very well, our energies. Whatever he'd do, he'd come in sometime.",Nonverbal_id10758,happy,NonverbalTTS
raw_datasets/NonverbalTTS/id06065/id06065_happy_01_00406.wav,"I'm coming home and my mom's like, Miss Help, come here.  And  so I come in and she gives me the clippers and she's like, Cut my hair. It's fall all over the place, make a mess.  And I was like, You want",Nonverbal_id06065,happy_breath,NonverbalTTS
raw_datasets/NonverbalTTS/id06394/id06394_neutral_01_00407.wav,"I mean, singing for me is like.",Nonverbal_id06394,neutral_breath,NonverbalTTS
raw_datasets/NonverbalTTS/id10571/id10571_other_01_00408.wav,Didn't leave home unless you were married or did. 😷 That's the way you left home. White dress or a pine.,Nonverbal_id10571,other,NonverbalTTS
raw_datasets/NonverbalTTS/id10357/id10357_neutral_01_00409.wav,"ell, I would try my best to play it cool. I don't know how well I would do, but.",Nonverbal_id10357,neutral_breath,NonverbalTTS
raw_datasets/NonverbalTTS/ex01/ex01_other_01_00410.wav,"Yeah, you seem to  have it in your body.",Nonverbal_ex01,other_breath,NonverbalTTS
raw_datasets/NonverbalTTS/id10325/id10325_other_01_00411.wav,"Real audience. I, man, well, Troy was my first acting gig, you know, in terms of  really performing for an audience was really one.",Nonverbal_id10325,other_breath,NonverbalTTS
raw_datasets/NonverbalTTS/id07076/id07076_neutral_01_00412.wav,"Four or five years.  Excuse me,  four or five years. And after he passed, we were really good friends and we had a lot of affinity for each other.",Nonverbal_id07076,neutral_breath,NonverbalTTS
raw_datasets/NonverbalTTS/ex04/ex04_happy_01_00413.wav,"but I like the way you do it where  I like your tactic of, uh,",Nonverbal_ex04,happy_breath,NonverbalTTS
raw_datasets/NonverbalTTS/id06866/id06866_sad_01_00414.wav,"You never know, you'd have to know the circumstances if  the what happened with the ex. But  for me, there's no rules in life. You just gotta go with your heart. And  and really to me, falling in love is to really fall in love. You gotta take that risk to get your heart broken again. So I don't know. I think.",Nonverbal_id06866,sad_breath,NonverbalTTS
raw_datasets/NonverbalTTS/id11130/id11130_neutral_01_00415.wav,"It's just, it's intense and it's hard because, you know, he knows what he wants and he will  push you until he gets it, but at the same time you feel like.",Nonverbal_id11130,neutral_breath,NonverbalTTS
raw_datasets/NonverbalTTS/id05260/id05260_neutral_01_00416.wav,are a little nervous about Trump.  I think that they know Rubio's out. I think they think Casey's,Nonverbal_id05260,neutral_breath,NonverbalTTS
raw_datasets/NonverbalTTS/id06491/id06491_neutral_01_00417.wav,"It's, we were actually drug babies 😷 who were born with this ability.",Nonverbal_id06491,neutral,NonverbalTTS
raw_datasets/NonverbalTTS/id07247/id07247_neutral_01_00418.wav,"😷 But next week and this weekend, we have to improve more because.",Nonverbal_id07247,neutral,NonverbalTTS
raw_datasets/NonverbalTTS/id07545/id07545_neutral_01_00419.wav,To manage my emotions and I have to manage  you now my state.,Nonverbal_id07545,neutral_breath,NonverbalTTS
raw_datasets/NonverbalTTS/id01556/id01556_neutral_01_00420.wav,"Our album and like the song Mother Machine, it fits it very well.  And I also had the feeling.",Nonverbal_id01556,neutral_breath,NonverbalTTS
raw_datasets/NonverbalTTS/id04269/id04269_other_01_00421.wav,This was so wonderful. I wish I could do more of that.  So it's you really.,Nonverbal_id04269,other_breath,NonverbalTTS
raw_datasets/NonverbalTTS/ex04/ex04_happy_01_00422.wav,"But Julie,  that was what came to mind.",Nonverbal_ex04,happy_laugh,NonverbalTTS
raw_datasets/NonverbalTTS/ex03/ex03_happy_01_00423.wav,"Oh, and then remember when ️ remember when when you when you decided d decided you could be an Elvis impersonator?",Nonverbal_ex03,happy_laugh,NonverbalTTS
raw_datasets/NonverbalTTS/id11232/id11232_neutral_01_00424.wav,"It can let them go deeper into it. If they're not with the movie, I think it's going to repel them and push the movie away from them. It's that simple. This is a movie that  probably is not for everyone. If you like it, I think it's a really strong, satisfying, complex, interesting movie.  If you don't respond to it, it's probably.",Nonverbal_id11232,neutral_breath,NonverbalTTS
raw_datasets/NonverbalTTS/id10515/id10515_neutral_01_00425.wav,"But  generally speaking, you have a contract and you're asked to execute X amount of shows.  So sometimes you'll be told to.  More often though, you'll be shooting the show. You'll be finished with a season.",Nonverbal_id10515,neutral_breath,NonverbalTTS
raw_datasets/NonverbalTTS/id07848/id07848_happy_01_00426.wav,Being on the set of  Fairly  Brothers movie.,Nonverbal_id07848,happy_laugh,NonverbalTTS
raw_datasets/NonverbalTTS/id11088/id11088_neutral_01_00427.wav,"I've spent a lot of time thinking to myself like, oh, I don't want to do it, I don't want to go, but I always know now that if I go, I'm going to have an adventure. Even if it's boring, even if it turns out to not be the evening I thought I was going to have, I always end up meeting somebody I never thought I was going to meet, or talking to somebody I never thought I was going to talk to, or doing something I never thought I was going to do, and that is always worth it. And if I decide to stay home, then I  really catch up on it.",Nonverbal_id11088,neutral_laugh,NonverbalTTS
raw_datasets/NonverbalTTS/ex04/ex04_disgusted_01_00428.wav,"Yeah, that's definitely some Mexican food of some sort. That was... That is disgusting. He definitely ate a Taco Bell today. Oh. Oh. 😖 Yeah.",Nonverbal_ex04,disgusted,NonverbalTTS
raw_datasets/NonverbalTTS/id08629/id08629_neutral_01_00429.wav,"Just gruesome workouts just to stretch his knee and make it stronger and those things you don't see behind the scenes. So for him to come out today and do what he did today  is kind of like a miracle and it players are all for him.  You know, it's going to be hard for him to get back, but I wouldn't count O'Munchie out being ready to go for two days and if he is, he'll have a chance to do whatever because he's got a lot of talent.",Nonverbal_id08629,neutral_breath,NonverbalTTS
raw_datasets/NonverbalTTS/id10148/id10148_neutral_01_00430.wav,"n you I mean,  when I did moonstruck and when I did, I had two years worth of constant work and when it was over, I just kind of let everything down and I just I was sick. I was just depleted.  So and then when I was kind of out of it for a.",Nonverbal_id10148,neutral_breath,NonverbalTTS
raw_datasets/NonverbalTTS/id11123/id11123_other_01_00431.wav,"In how he positioned Doctor Who within the television landscape at the time, at then, no fantasy television, no family television, nothing of that kind existed.  And yet he found a way to say Doctor Who is Cool and Doctor Who is for You.",Nonverbal_id11123,other_breath,NonverbalTTS
raw_datasets/NonverbalTTS/id06870/id06870_other_01_00432.wav,"You're seeing everybody doing it. You're seeing everybody doing it and it's getting to the point where everybody's even expecting fighters to do it. So,  you know, these clean fighters have no shot, you know, they have no shot of making a living and making a career.  And so, not only you.",Nonverbal_id06870,other_breath,NonverbalTTS
raw_datasets/NonverbalTTS/ex01/ex01_sad_01_00433.wav,"No, I'll be fine. Just let the tears come down my cheeks as a form of punishment for touching my eyes.  I'll know never to do it again. 😤",Nonverbal_ex01,sad_breath,NonverbalTTS
raw_datasets/NonverbalTTS/id02009/id02009_neutral_01_00434.wav,"So what is the big fear?  You know, ultimately, let's just go do it and tackle it.",Nonverbal_id02009,neutral_breath,NonverbalTTS
raw_datasets/NonverbalTTS/id07050/id07050_happy_01_00435.wav,"ward function micronoscopy. I said cut time, award  functions like these.",Nonverbal_id07050,happy_breath,NonverbalTTS
raw_datasets/NonverbalTTS/ex02/ex02_other_01_00438.wav,"Oh, oh, oh, be careful, be careful, be careful. Okay, so I have a question for you.",Nonverbal_ex02,other_breath,NonverbalTTS
raw_datasets/NonverbalTTS/ex03/ex03_happy_01_00439.wav,"Body  I remember that time that we were in Manhattan.  It was like our first day in New York.  And d we were kind of scared of the subway system, so we got in a taxi  and",Nonverbal_ex03,happy_breath,NonverbalTTS
raw_datasets/NonverbalTTS/ex03/ex03_other_01_00440.wav,"Yeah,😖 like I'm trying to walk over to you, but there's like so many people here. All right.",Nonverbal_ex03,other,NonverbalTTS
raw_datasets/NonverbalTTS/id08760/id08760_other_01_00441.wav,"Nothing in my mouth, nothing on me. If you want, I'll take my clothes  off, but I don't think you want that.",Nonverbal_id08760,other_laugh,NonverbalTTS
raw_datasets/NonverbalTTS/id01529/id01529_other_01_00442.wav,"It's even harder.  But you know, it's I think sponsorship is all about knocking on doors of companies and stuff and eventually coming across somebody who's in the.",Nonverbal_id01529,other_breath,NonverbalTTS
raw_datasets/NonverbalTTS/id10600/id10600_happy_01_00443.wav,But I started children's modeling when I was nine and did my first film when I was eleven.,Nonverbal_id10600,happy_laugh,NonverbalTTS
raw_datasets/NonverbalTTS/id07625/id07625_other_01_00444.wav,"But I think everybody else has come through all okay. Freddy was the one that was a concern before the game. He picked up a calf injury in training. So  he missed a couple of games, but he came through it well.  A special mention for Lee Novak really today because he's had a very difficult start with a broken hand.",Nonverbal_id07625,other_breath,NonverbalTTS
raw_datasets/NonverbalTTS/id08604/id08604_happy_01_00445.wav,"It's quite funny. All my family on my dad's side, they're kind of like the practical joking type.  And I mean, they've got banter. Seems like literally.",Nonverbal_id08604,happy_breath,NonverbalTTS
raw_datasets/NonverbalTTS/ex04/ex04_other_01_00446.wav,"Yeah, I am. I am. And it's a  job, you know.  There's a lot of paperwork. There's a lot of  a lot of effort that goes into it. But it's nice to have Sandy up in the front office and just be able to",Nonverbal_ex04,other_breath,NonverbalTTS
raw_datasets/NonverbalTTS/id02444/id02444_happy_01_00447.wav,"Although I wish I had.  But when I was little, they dyed my hair red and I played her in a film.  And so we worked together many years ago, and this was kind of a nice reunion .",Nonverbal_id02444,happy_breath,NonverbalTTS
raw_datasets/NonverbalTTS/ex03/ex03_happy_01_00448.wav,"You know, you just don't understand the pressure  that they can put on you!",Nonverbal_ex03,happy_laugh,NonverbalTTS
raw_datasets/NonverbalTTS/id10141/id10141_happy_01_00449.wav,"It's it's really, it's really, I'm really, really having fun traveling like everywhere  because it's funny cause  my mom told me when I was a kid, she was like, I really want want to go to Japan  and work there.  But we didn't act.",Nonverbal_id10141,happy_breath,NonverbalTTS
raw_datasets/NonverbalTTS/id08271/id08271_happy_01_00450.wav,"throughout the season, but it's a real battle for him because you know, as he takes on more responsibility as a leader and as a man",Nonverbal_id08271,happy_laugh,NonverbalTTS
raw_datasets/NonverbalTTS/ex01/ex01_other_01_00453.wav,"Oh no no, okay okay, think of it this way, think of it this way, think of it this way. Alright.  Once we clean it, we'll have an amazing story to tell while we get absolutely shablasted, okay?",Nonverbal_ex01,other_breath,NonverbalTTS
raw_datasets/NonverbalTTS/ex01/ex01_happy_01_00454.wav,"Oh,  oh, is that you?  I'm all the way up here, look at me!",Nonverbal_ex01,happy_breath,NonverbalTTS
raw_datasets/NonverbalTTS/ex01/ex01_happy_01_00455.wav,We do business with with diplomats and royalty.,Nonverbal_ex01,happy_laugh,NonverbalTTS
raw_datasets/NonverbalTTS/id10361/id10361_neutral_01_00456.wav,A lot of  let's use the Italian word ostinatas. These were pe.,Nonverbal_id10361,neutral_breath,NonverbalTTS
raw_datasets/NonverbalTTS/ex02/ex02_sad_01_00457.wav,😷 I'm so grateful for...,Nonverbal_ex02,sad,NonverbalTTS
raw_datasets/NonverbalTTS/ex01/ex01_sad_01_00458.wav,"If I get into the, you know, if I get it, because I didn't even get into the frickin' 👃 show, but if I get into  Woodshop, I at least get to build, like, a really, really cool little plant, huh?",Nonverbal_ex01,sad,NonverbalTTS
raw_datasets/NonverbalTTS/id04523/id04523_other_01_00459.wav,And I think he definitely did that tonight. The audience got a chance to see it.  And it was a really good thing to see. I think we were all pleasantly entertained by.,Nonverbal_id04523,other_breath,NonverbalTTS
raw_datasets/NonverbalTTS/ex04/ex04_neutral_01_00461.wav,Thank you.  Thank you. 👃 I appreciate it.  You've always been a really good friend to me.,Nonverbal_ex04,neutral_breath,NonverbalTTS
raw_datasets/NonverbalTTS/id10809/id10809_neutral_01_00462.wav,"What they're saying or not saying.  But I, I, it'll, it's coming up, I believe.",Nonverbal_id10809,neutral_breath,NonverbalTTS
raw_datasets/NonverbalTTS/id04458/id04458_other_01_00463.wav,"And each time almost, you know, for each scene, I had to ask for my second take if  it was po.",Nonverbal_id04458,other_laugh,NonverbalTTS
raw_datasets/NonverbalTTS/id05960/id05960_neutral_01_00464.wav,"And 🗣️ right now my goal set is to win the belt at fifty five,  you know, my my agent got, he's gonna get me a new.",Nonverbal_id05960,neutral_breath,NonverbalTTS
raw_datasets/NonverbalTTS/ex04/ex04_happy_01_00465.wav,"We celebrate with family. It was just beautiful.  And nd my mom was so happy, she started crying. She was like, I never thought this day would come. And it was amazing.   Okay,  so  the reason I called you like so fast though,  I want to know.",Nonverbal_ex04,happy_breath,NonverbalTTS
raw_datasets/NonverbalTTS/id05986/id05986_other_01_00466.wav,"And three months later, out of the blue, don't know why once again, I wouldn't get a good answer from Billy  if I asked him.",Nonverbal_id05986,other_laugh,NonverbalTTS
raw_datasets/NonverbalTTS/id03087/id03087_other_01_00467.wav,"😷 Tom, I try to get people from Old Hollywood when I can, and it's hard. I mean, I got one woman I got who was in the original.",Nonverbal_id03087,other,NonverbalTTS
raw_datasets/NonverbalTTS/id10423/id10423_neutral_01_00468.wav,"Because it would be on the assumption, I would have the assumption would have to be made  based on how we end this season.  🗣️ So but if you want to speak hypothetically.",Nonverbal_id10423,neutral_breath,NonverbalTTS
raw_datasets/NonverbalTTS/id07495/id07495_neutral_01_00469.wav,"two consecutive playoff games, the same way I was in Atlanta this year.  So that happened.",Nonverbal_id07495,neutral_breath,NonverbalTTS
raw_datasets/NonverbalTTS/ex04/ex04_sad_01_00470.wav,"I don't know, they're all there and I'm sorry I never come into the guest bedroom, but oh... 😖",Nonverbal_ex04,sad,NonverbalTTS
raw_datasets/NonverbalTTS/ex03/ex03_other_01_00471.wav,"Hey, you're going to be the most beautiful bride  ever. You walk out there and this is going to be  the best night of your life.",Nonverbal_ex03,other_breath,NonverbalTTS
raw_datasets/NonverbalTTS/id10474/id10474_happy_01_00472.wav,"That that takes them out of their life, that they need something so severe and sometimes violent  to escape the trials of their own life. It says a lot about how hard we live and work and how hard we are on ourselves, I think.  But",Nonverbal_id10474,happy_breath,NonverbalTTS
raw_datasets/NonverbalTTS/id11150/id11150_happy_01_00473.wav,"I guess I'm really glad I grew, I'm s growing up, but I'm glad I grew up at a younger age in Chicago because  I feel like it's generally, you know, like no one moves to Chicago to make it.  There isn't that kind of underlying desperation  and anxiety that I do feel here or like in LA.",Nonverbal_id11150,happy_breath,NonverbalTTS
raw_datasets/NonverbalTTS/ex02/ex02_other_01_00474.wav,"Ah,  okay. It's going to burn, it's going to burn, it's going to burn, burn, burn, burn.",Nonverbal_ex02,other_breath,NonverbalTTS
raw_datasets/NonverbalTTS/id10946/id10946_neutral_01_00475.wav,"And Dutch Holland,  but he started off as a fan who I bought on stage.",Nonverbal_id10946,neutral_breath,NonverbalTTS
raw_datasets/NonverbalTTS/id09088/id09088_neutral_01_00476.wav,"Not for the source, the source is always going to be stacks and all stress for me.  Now, or mousey stress.",Nonverbal_id09088,neutral_breath,NonverbalTTS
raw_datasets/NonverbalTTS/ex02/ex02_happy_01_00477.wav,"And, Molet  really pumps my nads!",Nonverbal_ex02,happy_laugh,NonverbalTTS
raw_datasets/NonverbalTTS/id03947/id03947_other_01_00478.wav,"And he's very, very inclusive, wants to know what everyone's thinking, all of the artists thinking. Not that he's, he rolls over,  you know, he's got his opinions and, and they're the ones that are leading us, but.",Nonverbal_id03947,other_breath,NonverbalTTS
raw_datasets/NonverbalTTS/id04995/id04995_other_01_00479.wav,"I was having trouble with something. I said, tell me, how do you want me to do it? You know, just tell me.  And he goes, whatever works.",Nonverbal_id04995,other_breath,NonverbalTTS
raw_datasets/NonverbalTTS/id05466/id05466_other_01_00480.wav,"The corporate sector, in the private sector and the government about how do we restructure this economy  so that we can give it legs.  It's now stagnant  amongst us because only twenty percent of the people are participating in growing this economy. You can't grow an economy like that.  Free the human potential as we say in the preamble.  Then you'll see this country will boom.",Nonverbal_id05466,other_breath,NonverbalTTS
raw_datasets/NonverbalTTS/id08230/id08230_neutral_01_00481.wav,"😷 We had to close the door. If we shut the door and said, we're just gonna be ourselves.",Nonverbal_id08230,neutral,NonverbalTTS
raw_datasets/NonverbalTTS/id04352/id04352_neutral_01_00482.wav,"Young, very talented Russian soprano.  I'm talking about.",Nonverbal_id04352,neutral_breath,NonverbalTTS
raw_datasets/NonverbalTTS/id11113/id11113_neutral_01_00483.wav,"very  worrying times in the moment. I think the uncertainty is probably what's so worrying. We just don't know what's going to happen.  I know that my industry, the theatre industry, the film and TV industry were praying  that we would not leave the EU because the benefits of being a member for the artistic community are huge.  But we'll have to wait and see.",Nonverbal_id11113,neutral_breath,NonverbalTTS
raw_datasets/NonverbalTTS/ex01/ex01_happy_01_00484.wav,"Oh,   a feast? Like, do you want me to make... I know your favorite.  You want me to make that chili that was my mom's secret recipe? I've been... It takes a little while,  but I will go down...",Nonverbal_ex01,happy_laugh,NonverbalTTS
raw_datasets/NonverbalTTS/ex02/ex02_happy_01_00485.wav,"Oh, that's funny. I think that there's something about those paintings, though.  Every time I see them, it's just something about it that sticks out in my brain. Like,  you know, it's, I feel like there's just this raw emotion. It's",Nonverbal_ex02,happy_breath,NonverbalTTS
raw_datasets/NonverbalTTS/id05376/id05376_neutral_01_00486.wav,"Because he's legendary. Trust me, it's going to be okay.  So you just came home from school.",Nonverbal_id05376,neutral_breath,NonverbalTTS
raw_datasets/NonverbalTTS/id08860/id08860_other_01_00487.wav,United States close to three 😷 hundred.,Nonverbal_id08860,other,NonverbalTTS
raw_datasets/NonverbalTTS/ex02/ex02_other_01_00488.wav,"Okay. Yeah, yeah, yeah. Okay. I'm getting dressed. They're putting my dress on. I'm going to go out. I'm going to be at the top. Wait.  I'm going to be in my dress. They're going to push me onto the stage. I'm going to be on the balcony. I'm going to be looking at you. My eyeline's going to be at the director.",Nonverbal_ex02,other_breath,NonverbalTTS
raw_datasets/NonverbalTTS/id10776/id10776_neutral_01_00491.wav,"You know, sodomite is still well clear. There's obviously something slightly more than just youthful exuberance which sets Anthony Blanche and Sebastian apart. And I thought Ben's choices were just fantastic in it, because it's,  you know, he wasn't camp, but it was definitive that he was gay. And then obviously, you know.",Nonverbal_id10776,neutral_breath,NonverbalTTS
raw_datasets/NonverbalTTS/id05434/id05434_neutral_01_00492.wav,"Have a team, you know, it's already a setup.  Like Arsen calls you and Arsen is the director, you know, these are the actors.",Nonverbal_id05434,neutral_breath,NonverbalTTS
raw_datasets/NonverbalTTS/ex01/ex01_happy_01_00493.wav,"I know  I know exactly where I remember that. I remember I had to get underneath the car and try and push it up myself. I couldn't do that. I hurt my arm doing that, I swear. I'm still feeling it today.",Nonverbal_ex01,happy_laugh,NonverbalTTS
raw_datasets/NonverbalTTS/id05376/id05376_other_01_00494.wav,"You should get a real job, don't. You're gonna win a Grammy, but forget about that because it's an.",Nonverbal_id05376,other_laugh,NonverbalTTS
raw_datasets/NonverbalTTS/ex01/ex01_sad_01_00495.wav,"I guess, yeah. 👃",Nonverbal_ex01,sad,NonverbalTTS
raw_datasets/NonverbalTTS/id10371/id10371_neutral_01_00497.wav,"Slapped me awake, then put the thing in. But it took about three quarters of an hour.",Nonverbal_id10371,neutral_breath,NonverbalTTS
raw_datasets/NonverbalTTS/id11068/id11068_happy_01_00498.wav,"And when we we were doing rehearsals,  Charlize said at one point, you know, it's interesting, in many ways, you bond with another person over what you hate more than what you both love. And I said, God, what a, that's a great thought. And so I actually put it into the script as an exchange between their two characters.  So in a nutshell, it takes.",Nonverbal_id11068,happy_breath,NonverbalTTS
raw_datasets/NonverbalTTS/id10319/id10319_neutral_01_00499.wav,"movement to put me in this area, in this area that I'm most passionate about. I have  very big hopes,  very big hopes, because I've met a number of really amazing people here who are trying really to to.",Nonverbal_id10319,neutral_breath,NonverbalTTS
raw_datasets/NonverbalTTS/id03750/id03750_neutral_01_00500.wav,"Look at various touchstones  in history and says, you know, what are we doing? You know, what are we doing to our planet? What are we doing to each other?  How do we need to wake up? How do we need, you know, the Navi say, I see you. They don't mean I literally see you. They mean I understand you. I appreciate you. In some cases, it even means I love you.  But it's about understanding the other person.",Nonverbal_id03750,neutral_breath,NonverbalTTS
raw_datasets/NonverbalTTS/id07706/id07706_other_01_00501.wav,"Our host nation have been a part of,  you know, because I know the four or five months work we did to  to get prepared for that, and you know, the amount of effort put in by the coaches and players,  you know, I think a lot of people did.",Nonverbal_id07706,other_breath,NonverbalTTS
raw_datasets/NonverbalTTS/id06005/id06005_neutral_01_00502.wav,"Oh, the American dream is everyone should have private jets and have mansions. And",Nonverbal_id06005,neutral_breath,NonverbalTTS
raw_datasets/NonverbalTTS/id11028/id11028_neutral_01_00503.wav,"And Anton says, Well, let's go and rehearse something anyway, and we both sat there, and we didn't know what the he",Nonverbal_id11028,neutral_breath,NonverbalTTS
raw_datasets/NonverbalTTS/id07567/id07567_happy_01_00504.wav,"Toma, I would  say, but no, we're just very happy. Listen, we some of.",Nonverbal_id07567,happy_laugh,NonverbalTTS
raw_datasets/NonverbalTTS/id10016/id10016_neutral_01_00505.wav,"nephew to Thorin Oakenshield. He's the second heiress of the company.  ut he's, yeah, he's easy.",Nonverbal_id10016,neutral_breath,NonverbalTTS
raw_datasets/NonverbalTTS/ex03/ex03_other_01_00506.wav,😷 I gotta make sure 😷 grab my laptop.  Don't forget the laptop.,Nonverbal_ex03,other_breath,NonverbalTTS
raw_datasets/NonverbalTTS/ex04/ex04_sad_01_00507.wav,"Yes, please.  Thank you.  You're such a good friend.",Nonverbal_ex04,sad_breath,NonverbalTTS
raw_datasets/NonverbalTTS/id04195/id04195_neutral_01_00508.wav,"A lot of times in mentor mentee relationships, , the mentor helping the person that they're trying to help, they're actually processing some of their own experience when they were that age or in that situation.  So yea",Nonverbal_id04195,neutral_breath,NonverbalTTS
raw_datasets/NonverbalTTS/id05370/id05370_other_01_00509.wav,"So more recently by the end, I was really flooded by a lot of people saying, Come on, just tell me.  So that's when it got hard, but.",Nonverbal_id05370,other_breath,NonverbalTTS
raw_datasets/NonverbalTTS/id01753/id01753_other_01_00510.wav,I've always done it. My only originality when I started off as a journalist was I didn't believe in these elites. I thought that intelligence was enough and if people were intelligent they'd hear what  you had to say. I don't believe that knowledge and understanding and wisdom are the property of a class.,Nonverbal_id01753,other_breath,NonverbalTTS
raw_datasets/NonverbalTTS/id07415/id07415_neutral_01_00511.wav,"Exposure, not just  vaccine mercury, but mercury and thickness.",Nonverbal_id07415,neutral_breath,NonverbalTTS
raw_datasets/NonverbalTTS/id09094/id09094_neutral_01_00512.wav,I've been training  for over much months and to seem far started out of the race knowing the fact I was looking really far to running with him because I enjoy running with him.  I was mushed up inside mentally but after all myself together.,Nonverbal_id09094,neutral_breath,NonverbalTTS
raw_datasets/NonverbalTTS/ex01/ex01_happy_01_00514.wav,I keep saying many people had this.,Nonverbal_ex01,happy_breath,NonverbalTTS
raw_datasets/NonverbalTTS/id05370/id05370_neutral_01_00515.wav,"Um, because we kind of had to decide what she would be like in the future. Um, not just physically what she would look like, but you know, this, this  idea of her, one, idea of one.",Nonverbal_id05370,neutral_breath,NonverbalTTS
raw_datasets/NonverbalTTS/ex03/ex03_disgusted_01_00517.wav,😖 Oh.,Nonverbal_ex03,disgusted,NonverbalTTS
raw_datasets/NonverbalTTS/ex03/ex03_sad_01_00519.wav,"I think  think it's my son in law's birthday. No, it's it's his anniversary.",Nonverbal_ex03,sad_breath,NonverbalTTS
raw_datasets/NonverbalTTS/id07308/id07308_other_01_00520.wav,"It's just, you know, a day of being in costume and being,  and it's a corset as well beyond that, and just being just sodden,  wet, and then looking kind of like a drowned rat, and then trying to look kind of sexy.",Nonverbal_id07308,other_breath,NonverbalTTS
raw_datasets/NonverbalTTS/ex04/ex04_sad_01_00521.wav,"And now there's gonna be some more in a little bit. I know I'm ready for the Jenny scene where she dies. There's gonna be more death and I'm prepared, but I'm not. 👃",Nonverbal_ex04,sad,NonverbalTTS
raw_datasets/NonverbalTTS/id10205/id10205_neutral_01_00522.wav,"Yeah, they asked me on the air if I was a Lakers or 😷 a Portland fan.",Nonverbal_id10205,neutral,NonverbalTTS
raw_datasets/NonverbalTTS/id04108/id04108_neutral_01_00523.wav,Genius device. It's  half an inch higher than the other steps. A hole.,Nonverbal_id04108,neutral_breath,NonverbalTTS
raw_datasets/NonverbalTTS/id10241/id10241_happy_01_00524.wav,"We need entertainment, whether we're going through hard times or good times.  I think especially stories like these that are based on true events,  it's good to remind ourselves what craziness happened back then to hopefully 😷y learn a little bit from it. But this movie is really fun. Like I said, it's a true story. I think people will enjoy the ride. I'm so pleased in how it came out and  I'm hoping.",Nonverbal_id10241,happy_breath,NonverbalTTS
raw_datasets/NonverbalTTS/id04978/id04978_neutral_01_00525.wav,"genius 😷 in a way. And also because as young directors,",Nonverbal_id04978,neutral,NonverbalTTS
raw_datasets/NonverbalTTS/id00947/id00947_neutral_01_00526.wav,Global sense and  what responsibility do we have in .,Nonverbal_id00947,neutral_breath,NonverbalTTS
raw_datasets/NonverbalTTS/id04039/id04039_happy_01_00527.wav,"Some way, I mean, I mean, I enjoy that so much. It's the most wonderful element to it is that when someone shouts cut it almost feels  like that moment just happened and to be able to indulge yourself in getting into that part and.",Nonverbal_id04039,happy_breath,NonverbalTTS
raw_datasets/NonverbalTTS/ex02/ex02_happy_01_00528.wav,"Yeah.  But then the pandemic happened. I was supposed to go to her concert.  I believe she was performing at the Greek or maybe the Hollywood. It would have been weird, but maybe the Hollywood Bowl  at the",Nonverbal_ex02,happy_breath,NonverbalTTS
raw_datasets/NonverbalTTS/id07624/id07624_neutral_01_00529.wav,"It's like, I only want to remember the good part, but yeah, it was kind of like,  but then they went and made, you know, tough enough and there was a lot of B boys shit on that.",Nonverbal_id07624,neutral_breath,NonverbalTTS
raw_datasets/NonverbalTTS/id07612/id07612_neutral_01_00530.wav,"It can't always be us, you know.  And so I hope that somewhere along the way we start to see that happening. Yea  so my answer is a resounding no.",Nonverbal_id07612,neutral_breath,NonverbalTTS
raw_datasets/NonverbalTTS/ex04/ex04_happy_01_00531.wav,"She didn't want to get in trouble again. She was afraid people would be like, oh, Mrs. Bunch, you're counting my cookies again. So she brought her little food weyer and,  huh.",Nonverbal_ex04,happy_breath,NonverbalTTS
raw_datasets/NonverbalTTS/id05737/id05737_other_01_00532.wav,stumble backwards into the future and our kids will have less opportunities than we've had.  So  the reason and the way I talk about it is this.,Nonverbal_id05737,other_breath,NonverbalTTS
raw_datasets/NonverbalTTS/ex02/ex02_sad_01_00533.wav,The heat is not helping anything here.,Nonverbal_ex02,sad_breath,NonverbalTTS
raw_datasets/NonverbalTTS/id05401/id05401_happy_01_00534.wav,"I did, yes.  But I had so many stories about living in Yugoslavia.",Nonverbal_id05401,happy_laugh,NonverbalTTS
raw_datasets/NonverbalTTS/ex02/ex02_sad_01_00535.wav,He didn't even care. He didn't even try to own it.,Nonverbal_ex02,sad_breath,NonverbalTTS
raw_datasets/NonverbalTTS/ex01/ex01_happy_01_00537.wav,"You and me both, I've never camped since.",Nonverbal_ex01,happy_laugh,NonverbalTTS
raw_datasets/NonverbalTTS/id04195/id04195_neutral_01_00538.wav,"And I was over with some friends of mine, like this guy, Bobby Zejak, who was  well, he was mischievous.",Nonverbal_id04195,neutral_breath,NonverbalTTS
raw_datasets/NonverbalTTS/id08399/id08399_happy_01_00539.wav,"We have a very intimate moment on stage and he's very, you know, our stories are very intertwined. But that is the amazing thing about animation. I don't know how they do it. Do I do? But you know what I mean",Nonverbal_id08399,happy_laugh,NonverbalTTS
raw_datasets/NonverbalTTS/id07708/id07708_neutral_01_00540.wav,There is an inkling that something is happening and no it's sort of beyond everyone's grasp and no one really knows how or why.  The great thing about this particular film is it kind of touched.,Nonverbal_id07708,neutral_breath,NonverbalTTS
raw_datasets/NonverbalTTS/id07178/id07178_other_01_00541.wav,Exciting film are very  my kind of film yet very very commercial.,Nonverbal_id07178,other_breath,NonverbalTTS
raw_datasets/NonverbalTTS/ex04/ex04_happy_01_00542.wav,"Yeah? I got you, buddy. Okay, okay, I'm gonna put your leash on now.",Nonverbal_ex04,happy_breath,NonverbalTTS
raw_datasets/NonverbalTTS/id10769/id10769_other_01_00543.wav,"Yeah, maybe, but the problem is that that's the way politics works. And it's not like if it was, if that was the only time that government would lie and would do something  for political reasons.",Nonverbal_id10769,other_breath,NonverbalTTS
raw_datasets/NonverbalTTS/ex03/ex03_sad_01_00545.wav,"But hey, I'm here and  Uncle Ted is here and  all of your cousins are here and  we're all here and we've got this  beautiful cake and this beautiful garden and...",Nonverbal_ex03,sad_breath,NonverbalTTS
raw_datasets/NonverbalTTS/ex02/ex02_happy_01_00546.wav,"Oh my god, you're too much.  I'm so glad we don't live together anymore though.",Nonverbal_ex02,happy_breath,NonverbalTTS
raw_datasets/NonverbalTTS/id01542/id01542_neutral_01_00547.wav,"eople it can be quite, also quite a dangerous environment.  And also the way people can.",Nonverbal_id01542,neutral_breath,NonverbalTTS
raw_datasets/NonverbalTTS/id08297/id08297_neutral_01_00548.wav,"One of the non architect members of the group.  Last year we were like a thick divide. The professional architect on one side, the non architects on the other side, we kind of ganged up together.",Nonverbal_id08297,neutral_breath,NonverbalTTS
raw_datasets/NonverbalTTS/ex04/ex04_other_01_00549.wav,"upper management, right?  It's going to be fine. I just wonder if maybe they can allot me some overtime for it because I have a feeling it's going to take  forever to  get through",Nonverbal_ex04,other_breath,NonverbalTTS
raw_datasets/NonverbalTTS/ex02/ex02_neutral_01_00551.wav,"It smells like that's been sitting there for a really long,  long time.",Nonverbal_ex02,neutral_breath,NonverbalTTS
raw_datasets/NonverbalTTS/id04907/id04907_neutral_01_00554.wav,And I do this job and I will fight for those principles of equity and fairness and social justice and economic opportunity  because I believe in those Labour principles. And at this election we will have a choice. The people of New South Wales will have a choice to make.  A choice that has consequences.,Nonverbal_id04907,neutral_breath,NonverbalTTS
raw_datasets/NonverbalTTS/id02234/id02234_neutral_01_00555.wav,"Yeah, I think, you know, once we get into personnel, you know, we'll decide that once July comes, you know,  we went for, you know, the big fish every year in free agency.",Nonverbal_id02234,neutral_breath,NonverbalTTS
raw_datasets/NonverbalTTS/id05699/id05699_neutral_01_00556.wav,The heavier thing is obviously 😷 something I set out to do right off the bat just to get the speed and metal influence out.  But the progressive thing is something that's coming along with both fans Alterbridge and Trimani. I think it's just influenced by what's going on out there.,Nonverbal_id05699,neutral_breath,NonverbalTTS
raw_datasets/NonverbalTTS/id11014/id11014_neutral_01_00557.wav,"Hitcher Leo. Yes, eighty four.  So I was eighty four. So I was forty years old and I'd done like thirty movies, forty movies.",Nonverbal_id11014,neutral_breath,NonverbalTTS
raw_datasets/NonverbalTTS/id04089/id04089_neutral_01_00558.wav,"You know, it was a it was a, you know, a tough.",Nonverbal_id04089,neutral_breath,NonverbalTTS
raw_datasets/NonverbalTTS/id10532/id10532_neutral_01_00559.wav,"When I was first mooted by Michael Colgan in Dublin, 🗣️ at that time I was living in A.",Nonverbal_id10532,neutral,NonverbalTTS
raw_datasets/NonverbalTTS/ex04/ex04_happy_01_00560.wav,I was just on a roll. I was going.,Nonverbal_ex04,happy_breath,NonverbalTTS
raw_datasets/NonverbalTTS/id05838/id05838_neutral_01_00561.wav,"Who's on the lookout for refinement,  who's on the lookout for beauty and and who.",Nonverbal_id05838,neutral_breath,NonverbalTTS
raw_datasets/NonverbalTTS/id08437/id08437_happy_01_00562.wav,"And then I went to Chicago. He was appearing at the Chicago Blues Festival.  That's also where I met Keith Richards, who Chuck had asked to be the musical director of this film. So we all showed up there and you know Chuck had done his original recording  at Chess Studios in Chicago. He'd come up from Saint Louis where he is from and he knew the town. He had this big SUV.",Nonverbal_id08437,happy_breath,NonverbalTTS
raw_datasets/NonverbalTTS/id02201/id02201_happy_01_00563.wav,"Let's see if it fits on top of that. And it just, it really inspires a lot of  creativity for me. And I think it works well for me because I come from the.",Nonverbal_id02201,happy_breath,NonverbalTTS
raw_datasets/NonverbalTTS/ex01/ex01_sad_01_00565.wav,"It's probably gone. Like, I don't care about my car that was destroyed, but 👃 Grandma's  wool sweater is really hurting me.",Nonverbal_ex01,sad,NonverbalTTS
raw_datasets/NonverbalTTS/ex03/ex03_happy_01_00566.wav,"No, I didn't mean that literally.  It's okay. It's okay. It's okay.  It's all right. The dog can claim that up.",Nonverbal_ex03,happy_laugh,NonverbalTTS
raw_datasets/NonverbalTTS/ex01/ex01_sad_01_00567.wav,"Alright, goodnight, buddy. 😤",Nonverbal_ex01,sad,NonverbalTTS
raw_datasets/NonverbalTTS/id10466/id10466_happy_01_00568.wav,"So, but even even then, I didn't  suspect that I was in fact, you know, the creator, the created.",Nonverbal_id10466,happy_laugh,NonverbalTTS
raw_datasets/NonverbalTTS/id04712/id04712_neutral_01_00570.wav,"Complacent compliance with ill treatment of detainees in Guantanamo Bay  and elsewhere, we're issuing guidance on how we think people  should behave in that field, we're reviewing  all the anti terrorism legislation with considerable care.  Of course you have to protect the citizen in the dangerous modern world,  but you have to protect the  society, which we're all.",Nonverbal_id04712,neutral_breath,NonverbalTTS
raw_datasets/NonverbalTTS/id08261/id08261_neutral_01_00571.wav,"And said, well, you know, it doesn't look like you've got to move on to other things. And he said, all right.  But then I came on board and I was a",Nonverbal_id08261,neutral_breath,NonverbalTTS
raw_datasets/NonverbalTTS/ex02/ex02_happy_01_00572.wav,Good call.,Nonverbal_ex02,happy_breath,NonverbalTTS
raw_datasets/NonverbalTTS/id08334/id08334_neutral_01_00573.wav,"In effecti Now, wouldn't it have been better had we done this before she started on her chemo regimen  to know that it's not going to work and she could have looked at something else?  So, if I was going to go standard of care, chemotherapy, radiation, et cetera,  as a patient, I would demand that I have a chemosensitivity test. I think everybody who's undergoing chemo should demand having a chemosensitivity test  and have their blood sent off to either Germany of.",Nonverbal_id08334,neutral_breath,NonverbalTTS
raw_datasets/NonverbalTTS/ex04/ex04_sad_01_00574.wav,"can see.  And you come upon a really tall, really wide, redwood oak tree.",Nonverbal_ex04,sad_breath,NonverbalTTS
raw_datasets/NonverbalTTS/id08653/id08653_neutral_01_00575.wav,"But I, you know, when I started riding Richard Dunwood, he was champion jockey and,  you know, in my eyes, he was the, he was the best jockey and I wanted to beat him, you know, and that.",Nonverbal_id08653,neutral_breath,NonverbalTTS
raw_datasets/NonverbalTTS/id06929/id06929_neutral_01_00576.wav,"I'm judging myself with Iggy Pop, Iggy Pop.  And I hadn't even recorded an album yet. I recorded a song.",Nonverbal_id06929,neutral_breath,NonverbalTTS
raw_datasets/NonverbalTTS/ex04/ex04_sad_01_00577.wav,I don't know what I would be doing right now  if you weren't here.,Nonverbal_ex04,sad_laugh,NonverbalTTS
raw_datasets/NonverbalTTS/ex03/ex03_happy_01_00579.wav,Who'd be arriving  here in a stretch limo?,Nonverbal_ex03,happy_laugh,NonverbalTTS
raw_datasets/NonverbalTTS/ex03/ex03_other_01_00580.wav,"I know, it's just...  I've got to get back in the game here. I've been...",Nonverbal_ex03,other_breath,NonverbalTTS
raw_datasets/NonverbalTTS/ex02/ex02_neutral_01_00581.wav,Thank God we didn't panic too much.  😤 😤,Nonverbal_ex02,neutral_laugh,NonverbalTTS
raw_datasets/NonverbalTTS/id04318/id04318_happy_01_00582.wav,"These ones are also new. These are Aesos, absolutely stunning. Pointed little toes.  Look at that.  Sexy round the ankle that's very in right now. Also, check out this heel. Wow, hello.",Nonverbal_id04318,happy_breath,NonverbalTTS
raw_datasets/NonverbalTTS/id08441/id08441_neutral_01_00583.wav,"It's really exciting to step into the shoes of someone who's already so beloved by so many people. And I felt that support while I was working on Beth.  And also there's that, and then there's also kind of like letting go of any expectations.",Nonverbal_id08441,neutral_breath,NonverbalTTS
raw_datasets/NonverbalTTS/id03070/id03070_neutral_01_00584.wav,"I'm letting my teammates down, I'm letting everyone down.  Now",Nonverbal_id03070,neutral_breath,NonverbalTTS
raw_datasets/NonverbalTTS/id10973/id10973_other_01_00585.wav,"What do you, you know, the theory is that if you work with small children or animals, it is going to have some kind of charm effect. But I've just been reading the reviews of Father of the Bride, where they're so damning of the fact that it's so obviously schmaltzy that.",Nonverbal_id10973,other_breath,NonverbalTTS
raw_datasets/NonverbalTTS/ex04/ex04_happy_01_00586.wav,"Oh!  I can fly!  Oh, look at me! I'm a bat!  This one makes you look like you're from the Wild West .",Nonverbal_ex04,happy_breath,NonverbalTTS
raw_datasets/NonverbalTTS/ex04/ex04_angry_01_00587.wav,"You know what? Grandma and Grandpa, at this point, Grandma and Grandpa are old and if they can't get on board with a nose ring, that's not my fault.  And I just think",Nonverbal_ex04,angry_breath,NonverbalTTS
raw_datasets/NonverbalTTS/ex04/ex04_happy_01_00590.wav,"I think so.  And then we all broke out the old guitar and  we sang some campfire songs.  And Lewis, oh,  Lewis did that Shania Twain.",Nonverbal_ex04,happy_breath,NonverbalTTS
raw_datasets/NonverbalTTS/ex04/ex04_neutral_01_00591.wav,"Yeah, huh.  I wish I understood how he does any of it. Like, just one secret to any of his tricks.",Nonverbal_ex04,neutral,NonverbalTTS
raw_datasets/NonverbalTTS/ex04/ex04_happy_01_00592.wav,"We  When can I... Yeah, I have an important question though.   When can I open the presents?",Nonverbal_ex04,happy_breath,NonverbalTTS
raw_datasets/NonverbalTTS/id00893/id00893_neutral_01_00593.wav,"It's a long road back from such tremendous grief,  but I believe God gave Reba what",Nonverbal_id00893,neutral_breath,NonverbalTTS
raw_datasets/NonverbalTTS/id01339/id01339_happy_01_00594.wav,It really does push me hard because he can see that there is hopefully a little bit of potential to improve each week. And  I really had to listen this week because there was some big notes and it's a big thing and hopefully  I did okay.,Nonverbal_id01339,happy_breath,NonverbalTTS
raw_datasets/NonverbalTTS/id04619/id04619_happy_01_00595.wav,"You get a real sense of how they worked and they're often in very, very beautiful locations tucked up in the mountains,  amazingly well disguised because they're built of the same rock.",Nonverbal_id04619,happy_breath,NonverbalTTS
raw_datasets/NonverbalTTS/id07098/id07098_neutral_01_00596.wav,"We really want to stress on the ones that are soft. I just went and did  a graduation ceremony for what you call it, like a home where they always abandoned kids who are left by their parents and that the state picked.",Nonverbal_id07098,neutral_breath,NonverbalTTS
raw_datasets/NonverbalTTS/ex03/ex03_happy_01_00597.wav,It's a family fantasy with  some computer animation.  It's really cute!,Nonverbal_ex03,happy_breath,NonverbalTTS
raw_datasets/NonverbalTTS/ex04/ex04_happy_01_00598.wav,Are you celebrating your first born?,Nonverbal_ex04,happy_laugh,NonverbalTTS
raw_datasets/NonverbalTTS/ex03/ex03_angry_01_00599.wav,"He is going to miss the birth of his daughter, Casey Poe,  which absolutely breaks his heart.",Nonverbal_ex03,angry_breath,NonverbalTTS
raw_datasets/NonverbalTTS/id02461/id02461_happy_01_00600.wav,"No, you know what? I don't feel that pressure myself.  No.",Nonverbal_id02461,happy_laugh,NonverbalTTS
raw_datasets/NonverbalTTS/ex04/ex04_neutral_01_00602.wav,"😤 And your car is green, okay. Mm hmm.",Nonverbal_ex04,neutral,NonverbalTTS
raw_datasets/NonverbalTTS/id05453/id05453_other_01_00603.wav,"in the world, actually.  And that phenomenon has been really beautifully described and studied by a number of epidemiologists. And it's a really powerful  model, I think, for thinking about, it's one of several in the book, but for thinking about  the spread of anything in a contained population.",Nonverbal_id05453,other_breath,NonverbalTTS
raw_datasets/NonverbalTTS/id06717/id06717_neutral_01_00604.wav,"It's nice to be back kind of with, you know, I don't think any of us kind of expected when we were doing that one that  we would end up making a few more and that people would seem to like the  franchise as much as they have.",Nonverbal_id06717,neutral_breath,NonverbalTTS
raw_datasets/NonverbalTTS/ex03/ex03_other_01_00605.wav,"I guess. And then, so it has to be bigger because then this nut goes on the end and it's holding these two plates together.  I think I, I might be mixed up, but okay. Then there's the seven bolts. Yeah. I, I'm a little bit lo.",Nonverbal_ex03,other_breath,NonverbalTTS
raw_datasets/NonverbalTTS/ex01/ex01_sad_01_00606.wav,You there!  Are you Mississippi McKay?,Nonverbal_ex01,sad_breath,NonverbalTTS
raw_datasets/NonverbalTTS/ex03/ex03_happy_01_00607.wav,Is it any good?,Nonverbal_ex03,happy_laugh,NonverbalTTS
raw_datasets/NonverbalTTS/ex03/ex03_happy_01_00608.wav,"Oh, yeah. But I mean, you can tell that they're  having fun. They got, you know, the cast  of chemistry and,  you know,  they're all going to go to the bar late at night and they're going to be like,  oh, my gosh, that was a ho.",Nonverbal_ex03,happy_breath,NonverbalTTS
raw_datasets/NonverbalTTS/id03774/id03774_happy_01_00609.wav,"All right, here's what happened. We're in this game and Rob Lowe hits a home run basically. It's going to be a home run. Anybody who's not, as we white people like to say, local in like a Besa. 😷",Nonverbal_id03774,happy,NonverbalTTS
raw_datasets/NonverbalTTS/ex03/ex03_happy_01_00611.wav,That  decision will be made  over the next couple of days.,Nonverbal_ex03,happy_laugh,NonverbalTTS
raw_datasets/NonverbalTTS/id10104/id10104_other_01_00612.wav,"Like this goes up globally, really, where people are really finding it difficult now to believe in leaders of any sort.  Like, and to believe actually, are we a good species or are we rotten to the core?",Nonverbal_id10104,other_breath,NonverbalTTS
raw_datasets/NonverbalTTS/ex01/ex01_happy_01_00613.wav,"Hey, how'd you recognize me?",Nonverbal_ex01,happy_breath,NonverbalTTS
raw_datasets/NonverbalTTS/id03750/id03750_neutral_01_00614.wav,"You know, the actors gave their all. We were really trying to create something something special here.  So  will other filmmakers pick up that baton and see that three D is now just a way of making a movie?  I hope so  was.",Nonverbal_id03750,neutral_breath,NonverbalTTS
raw_datasets/NonverbalTTS/id04224/id04224_neutral_01_00616.wav,"It's dangerous to know certain things.  And if you know certain things, you have an obligation to take action.  So in that case, then both the sides.",Nonverbal_id04224,neutral_breath,NonverbalTTS
raw_datasets/NonverbalTTS/id10355/id10355_neutral_01_00617.wav,"clear with his 👃 with his reaction to things if you have gone too far. So,  you know, but as I say, I'm always concerned that I'm going to be",Nonverbal_id10355,neutral_breath,NonverbalTTS
raw_datasets/NonverbalTTS/ex04/ex04_other_01_00618.wav,"Yeah, 🗣️ are there any open seats in the back? Because, like, I don't think I can keep doing this.",Nonverbal_ex04,other,NonverbalTTS
raw_datasets/NonverbalTTS/id07574/id07574_neutral_01_00620.wav,😷 I'd give it to them. I'd write a check and then I would probably go back to work either doing another talk show or maybe being a morning DJ and my children would understand.,Nonverbal_id07574,neutral,NonverbalTTS
raw_datasets/NonverbalTTS/id10639/id10639_happy_01_00621.wav,"strain on the marriage. And then these crazy things start going on, which only adds to it, because I just seem crazy, because I'm imagining it, or so he thinks. And I'm trying to get him to believe it, and I'm trying to get him to get a job, and I'm trying to, it's like,  I think they're all.",Nonverbal_id10639,happy_breath,NonverbalTTS
raw_datasets/NonverbalTTS/id07551/id07551_neutral_01_00623.wav,Enjoy one because leading up to you don't really want to talk about it  and even go into that ninety ninth  game against the All Blacks.,Nonverbal_id07551,neutral_breath,NonverbalTTS
raw_datasets/NonverbalTTS/ex04/ex04_happy_01_00624.wav,"It's like a Great Dane, 😷 like a St. Bernard, like full on, like  comes up to his, past his hip.  And it's way bigger. Like the poor old man. Yeah, like when he hunches over, it's  like...",Nonverbal_ex04,happy_breath,NonverbalTTS
raw_datasets/NonverbalTTS/ex04/ex04_happy_01_00625.wav,"Oh my gosh, I love you. I love you so much. This is why I ask you to be my maid of honor. Yep.  😤",Nonverbal_ex04,happy_breath,NonverbalTTS
raw_datasets/NonverbalTTS/id10168/id10168_neutral_01_00626.wav,"But Ben and I love doing two handers and I love doing what we would call a two shot where you're just containing the two performers at the same time in the shot.  I love them because they're an opportunity, especially in the tags,  as an actor to react.",Nonverbal_id10168,neutral_breath,NonverbalTTS
raw_datasets/NonverbalTTS/id07623/id07623_sad_01_00627.wav,"They don't want to face us. That's all. They want the Indian people to go away. Now,  the good thing about.",Nonverbal_id07623,sad_breath,NonverbalTTS
raw_datasets/NonverbalTTS/ex03/ex03_happy_01_00628.wav,Did you hear about the power outlet who got into a fight with the power cord?  He thought he could  socket to him.,Nonverbal_ex03,happy_breath,NonverbalTTS
raw_datasets/NonverbalTTS/id08700/id08700_neutral_01_00629.wav,"This is a very simple question and very clear question,  but  if we try to do more networking with them, we are more responsive, more able.",Nonverbal_id08700,neutral_breath,NonverbalTTS
raw_datasets/NonverbalTTS/ex04/ex04_disgusted_01_00630.wav,"😖 But then we have to kill it, and then I feel bad because it's so big, and it's like a beautiful little creature, and even if I don't think it's beautiful, now I feel like I'm just murdering this spider that 😤 is so.",Nonverbal_ex04,disgusted,NonverbalTTS
raw_datasets/NonverbalTTS/id10052/id10052_sad_01_00631.wav,"is really, really deep. The bond goes deeper than even being childhood friends.  There is an intertwined thing that they have in terms of having lost their parents, having lost their fathers.",Nonverbal_id10052,sad_breath,NonverbalTTS
raw_datasets/NonverbalTTS/id10209/id10209_other_01_00632.wav,"🗣️ Excuse me, most men who are  of a certain age and pilots in particularly were.",Nonverbal_id10209,other_breath,NonverbalTTS
raw_datasets/NonverbalTTS/ex03/ex03_other_01_00633.wav,"Yeah, it's actually pretty simple.  So, well, obviously the main ingredient is potatoes.  So start, yeah, so you start with like more potatoes than you think you need. Like get a giant bag of potatoes, you're going to use all",Nonverbal_ex03,other_breath,NonverbalTTS
raw_datasets/NonverbalTTS/ex01/ex01_sad_01_00634.wav,"Yes, that's exactly it. This is exactly it. 👃 Oh, my goodness.  I got one more onion. I got one more onion.",Nonverbal_ex01,sad_breath,NonverbalTTS
raw_datasets/NonverbalTTS/ex04/ex04_happy_01_00635.wav,"Paul, you can slay two birds with one stone.",Nonverbal_ex04,happy_laugh,NonverbalTTS
raw_datasets/NonverbalTTS/ex01/ex01_happy_01_00636.wav,"How's it going, Urmila?",Nonverbal_ex01,happy_breath,NonverbalTTS
raw_datasets/NonverbalTTS/id08261/id08261_neutral_01_00637.wav,"Under the table, you're not really aware of it.  I was aware of many things though. My parents  came from China. They were students. They came here as graduate students to go to MIT.  And they",Nonverbal_id08261,neutral_breath,NonverbalTTS
raw_datasets/NonverbalTTS/id10613/id10613_other_01_00638.wav,"😷 of my, you know, bottom of my barrel. I had no money. I was eating top ramen every single day.  I hadn't booked anything in months.",Nonverbal_id10613,other_breath,NonverbalTTS
raw_datasets/NonverbalTTS/id10697/id10697_neutral_01_00639.wav,But so I ended up taking my mom's ashes with my father back to India. It was half of them we spread in.,Nonverbal_id10697,neutral_laugh,NonverbalTTS
raw_datasets/NonverbalTTS/ex04/ex04_happy_01_00640.wav,They're in charge of Congress.,Nonverbal_ex04,happy_laugh,NonverbalTTS
raw_datasets/NonverbalTTS/id08416/id08416_happy_01_00641.wav,Destroyed each other  because no one knew what kind of beast we were dealing.,Nonverbal_id08416,happy_laugh,NonverbalTTS
raw_datasets/NonverbalTTS/id08565/id08565_happy_01_00642.wav,"Sorry  for winning so often . Maybe it's getting a little bit boring,  but yeah, I'm really satisfied with my performance. Especially, I had a very good start against.",Nonverbal_id08565,happy_breath,NonverbalTTS
raw_datasets/NonverbalTTS/id10801/id10801_other_01_00643.wav,"And I think it's a relationship 😷 that evolves as I, you know, I just turned thirty nine and that's how old he was when he died. So coming into a",Nonverbal_id10801,other,NonverbalTTS
raw_datasets/NonverbalTTS/ex01/ex01_sad_01_00644.wav,I think you got luck on your side.   I've heard stories of people going to New York and just getting the cold shoulder by everyone.,Nonverbal_ex01,sad_breath,NonverbalTTS
raw_datasets/NonverbalTTS/id10648/id10648_neutral_01_00645.wav,There's different characters for different reasons really. I love doing Jackie Jackson from the take.  The reason I like doing her because there is so much. There's so much to it.,Nonverbal_id10648,neutral_breath,NonverbalTTS
raw_datasets/NonverbalTTS/ex01/ex01_other_01_00646.wav,"There was such a strong  m focus on the perfect form, the perfect figure, the perfect this, the perfect that,  that it was kind of this counter culture movement  to focus on the imperfect.",Nonverbal_ex01,other_breath,NonverbalTTS
raw_datasets/NonverbalTTS/id08029/id08029_neutral_01_00647.wav,"When we first went over,   the obvious change was, you know, we went straight to LA. Everyone was doing what we were doing.",Nonverbal_id08029,neutral_breath,NonverbalTTS
raw_datasets/NonverbalTTS/id06122/id06122_other_01_00649.wav,"They had a big interest for me, but everything happened the last day  and basically the last minute.",Nonverbal_id06122,other_laugh,NonverbalTTS
raw_datasets/NonverbalTTS/id01142/id01142_neutral_01_00650.wav,"And the merits are part of it and so forth. But you know, you have to talk. You have to start with the top and the top in my book in the ranking.  He says, Novak Djokovic and not just for week or two.  So on the other hand, he's cutting.",Nonverbal_id01142,neutral_breath,NonverbalTTS
raw_datasets/NonverbalTTS/id07588/id07588_neutral_01_00652.wav,"You know, a will to win, I have a good desire to do well. I always try and give one hundred percent.  I come from a good background in terms of  the area from coffee.",Nonverbal_id07588,neutral_breath,NonverbalTTS
raw_datasets/NonverbalTTS/id03786/id03786_other_01_00653.wav,Their eventual deaths  that have really galvanized my connection to children's hospital.,Nonverbal_id03786,other_breath,NonverbalTTS
raw_datasets/NonverbalTTS/id06415/id06415_happy_01_00654.wav,I remember that we had a dress rehearsal  where.,Nonverbal_id06415,happy_laugh,NonverbalTTS
raw_datasets/NonverbalTTS/ex03/ex03_disgusted_01_00656.wav,😖 How did they even pass inspection? 😖,Nonverbal_ex03,disgusted,NonverbalTTS
raw_datasets/NonverbalTTS/ex01/ex01_sad_01_00657.wav,"You know, 👃 I'm going to miss s...",Nonverbal_ex01,sad,NonverbalTTS
raw_datasets/NonverbalTTS/id04509/id04509_neutral_01_00658.wav,"to speak about this, but that's what we need.  And that's how our situation was. We made games like this.",Nonverbal_id04509,neutral_breath,NonverbalTTS
raw_datasets/NonverbalTTS/id05835/id05835_happy_01_00659.wav,"Yeah, I'm like, that's why I kind of  now I've grown older and I'm a songwriter myself. I started to appreciate that kind of artist, you know, meaning that they're just amazing songwriters and that's what I aspire to be one day hopefully.",Nonverbal_id05835,happy_breath,NonverbalTTS
raw_datasets/NonverbalTTS/id08823/id08823_neutral_01_00660.wav,"I have same routines in Majesty San. So  for me, I have to build that credibility back again. And OK Saraya the Abaru. So slow sloga, I have to, you know,  start building it back and that by doing movies.",Nonverbal_id08823,neutral_breath,NonverbalTTS
raw_datasets/NonverbalTTS/id05102/id05102_neutral_01_00661.wav,A couple of things I want to do from a character point of view.  I wanted to feel like.,Nonverbal_id05102,neutral_breath,NonverbalTTS
raw_datasets/NonverbalTTS/id08002/id08002_neutral_01_00662.wav,"😷 My favorite one would have to be the King Shamus action figure. When I first action figure came out from Mattel,  I was.",Nonverbal_id08002,neutral_breath,NonverbalTTS
raw_datasets/NonverbalTTS/ex03/ex03_sad_01_00663.wav,"She should savour this,  because it's unlikely ever to happen again.",Nonverbal_ex03,sad_breath,NonverbalTTS
raw_datasets/NonverbalTTS/id07429/id07429_neutral_01_00664.wav,"I like the idea of bringing the audience in, you know, and if you advertise everything, you're actually kind of putting them back.  But give them a chance to think like you're thinking.",Nonverbal_id07429,neutral_breath,NonverbalTTS
raw_datasets/NonverbalTTS/id07726/id07726_neutral_01_00665.wav,"Yeah, I mean, there's a lot again in that question. I think that there are a couple things that have gone on over the last six or seven years. One,  concepts basic terminology has been misappropriated  and thus stands in two thousand eight, two thousand nine in dire need of rehabilitation. So",Nonverbal_id07726,neutral_breath,NonverbalTTS
raw_datasets/NonverbalTTS/id10107/id10107_happy_01_00666.wav,"So huge amounts of energy.  But the way actually you can see how much energy there was, there's a plot, a graph in the paper that LIGO released  that shows these black holes. So they're orbiting around each other, radia.",Nonverbal_id10107,happy_breath,NonverbalTTS
raw_datasets/NonverbalTTS/id08241/id08241_neutral_01_00667.wav,"You want to come out and say what you really, really, genuinely feel and then  I'm going to be holed up in front of the FA, but  I know how difficult referee's job is.  However, after the after two.",Nonverbal_id08241,neutral_breath,NonverbalTTS
raw_datasets/NonverbalTTS/id10545/id10545_neutral_01_00668.wav,"I once did, because I would do all kinds of things, he wanted me to improvise because they have these guys making millions of dollars, they write the scripts, and then we change all the lines.  So once I did the thing, I took one of the original toys.",Nonverbal_id10545,neutral_breath,NonverbalTTS
raw_datasets/NonverbalTTS/id04106/id04106_neutral_01_00669.wav,"Heroes anyway, but now with Reborn, we don't know what character will come back, if any will. I'm sure some will come back,  but I think they're going to be bringing.",Nonverbal_id04106,neutral_breath,NonverbalTTS
raw_datasets/NonverbalTTS/ex02/ex02_happy_01_00670.wav,"I think that's interesting. It's almost like a grand piano,  I guess.",Nonverbal_ex02,happy_laugh,NonverbalTTS
raw_datasets/NonverbalTTS/id08904/id08904_neutral_01_00671.wav,He's curious about their life and the one child is going around and  and he's kind of following him for his day and seeing what he's into and what's he about and he follows them into a hotel which kind of gets his interest and he goes in there and then he finds himself in the middle of a gathering of all the kids who are  you know kind of getting together and talking about how they sort of want to meet David. So here David is in the middle.,Nonverbal_id08904,neutral_breath,NonverbalTTS
raw_datasets/NonverbalTTS/id03690/id03690_neutral_01_00672.wav,"I'm sorry about the loss of life, but what I'm not going to do is to try and wriggle out of my responsibility for making that decision at the time. That's why ecause",Nonverbal_id03690,neutral_breath,NonverbalTTS
raw_datasets/NonverbalTTS/id02289/id02289_neutral_01_00673.wav,"But I think there are four or five very good people, Paul Nuttall, Suzanne Evans, Patrick O'Flynn, Diane James,  Stephen Wolfe, these are people who.",Nonverbal_id02289,neutral_breath,NonverbalTTS
raw_datasets/NonverbalTTS/id04206/id04206_neutral_01_00674.wav,"As has been reported, I have ordered a thorough investigation into this tragic incident,  and the investigation is ongoing.  The Afghans had ordered the same.  If errors were committed, we will acknowledge them.  We will hold those responsible accountable, and we will take steps to ensure mistakes are not repeated.",Nonverbal_id04206,neutral_breath,NonverbalTTS
raw_datasets/NonverbalTTS/ex04/ex04_happy_01_00675.wav,"Okay, that was a strong one from that magic eight ball.  Amazing. I can't wait.  I've been like  kind of wondering if he's ever going to ask me, but I feel like it's in the cards.",Nonverbal_ex04,happy_breath,NonverbalTTS
raw_datasets/NonverbalTTS/ex03/ex03_happy_01_00676.wav,"and and I've got this new hammock tent  and she's got a hammock tent and we've got the same one. I mean, we probably only need one, but you know, just in case we, you know, we need a little space. We've got two of them  and nd and we've got all the gear we need and we've got one",Nonverbal_ex03,happy_breath,NonverbalTTS
raw_datasets/NonverbalTTS/id04715/id04715_neutral_01_00677.wav,In the ring there.  But I suppose my favorite story is about.,Nonverbal_id04715,neutral_breath,NonverbalTTS
raw_datasets/NonverbalTTS/id10361/id10361_neutral_01_00678.wav,"I'm not trying to be pretentious about it, but it's  the listening part is quite good. It's not unimport.",Nonverbal_id10361,neutral_breath,NonverbalTTS
raw_datasets/NonverbalTTS/ex03/ex03_happy_01_00679.wav,"Oh, cool,  I will do that. thanks!",Nonverbal_ex03,happy_laugh,NonverbalTTS
raw_datasets/NonverbalTTS/id05551/id05551_neutral_01_00680.wav,To be just  to be ready for our opening day and I'm home  and get ready for the.,Nonverbal_id05551,neutral_breath,NonverbalTTS
raw_datasets/NonverbalTTS/ex03/ex03_happy_01_00681.wav,"Oh,  that was crazy.",Nonverbal_ex03,happy_laugh,NonverbalTTS
raw_datasets/NonverbalTTS/ex03/ex03_happy_01_00682.wav,"My  best guess is yes, fiction!",Nonverbal_ex03,happy_laugh,NonverbalTTS
raw_datasets/NonverbalTTS/id05750/id05750_neutral_01_00683.wav,"Jason Becker's story, there's so many of them. My favorite one was I remember 😷 we were recording in the studio.",Nonverbal_id05750,neutral,NonverbalTTS
raw_datasets/NonverbalTTS/id05227/id05227_other_01_00684.wav,"From the waist up, I feel like Dorothy and the waist down, I feel like the tin man. 😷 I'm having the same vocal surgery that that Julie Andrews had and she never sang again.",Nonverbal_id05227,other,NonverbalTTS
raw_datasets/NonverbalTTS/id10986/id10986_neutral_01_00686.wav,"And it's a very small club of people whose parents achieved at a very high level. I mean,  there are a lot of people who have second generation, third generation have gone into show bu.",Nonverbal_id10986,neutral_breath,NonverbalTTS
raw_datasets/NonverbalTTS/id10801/id10801_neutral_01_00687.wav,"And you tell the stories because you want people to pay attention to them and you want the story to resonate with them as well. So  if people have a sense of excitement about the film, that's great. I mean,",Nonverbal_id10801,neutral_breath,NonverbalTTS
raw_datasets/NonverbalTTS/ex04/ex04_other_01_00688.wav,"I don't want to touch the pa okay, okay, ugh. 😖 Ugh, 😖 where do I put it? Where do I take it? I don't know what to do with it, it's so gross.",Nonverbal_ex04,other,NonverbalTTS
raw_datasets/NonverbalTTS/id06843/id06843_neutral_01_00689.wav,Clubs since we've come on  and I sock out to their lives in support of their the ones I've just said before driven on. 🗣️,Nonverbal_id06843,neutral_breath,NonverbalTTS
raw_datasets/NonverbalTTS/id10956/id10956_neutral_01_00690.wav,"I realized while filming the movie, she  can be very authoritarian and yet she's got a softer side to her as.",Nonverbal_id10956,neutral_breath,NonverbalTTS
raw_datasets/NonverbalTTS/ex03/ex03_fearful_01_00691.wav,This is the best thing that's ever happened to us.  And I got a picture of the sailboat that we're going to buy tattooed on my right arm. And nd I've gained another three inches on my biceps so I could tattoo a very detailed picture showing exactly...,Nonverbal_ex03,fearful_breath,NonverbalTTS
raw_datasets/NonverbalTTS/ex01/ex01_fearful_01_00694.wav,"No, Fido, no!",Nonverbal_ex01,fearful_breath,NonverbalTTS
raw_datasets/NonverbalTTS/id06289/id06289_other_01_00695.wav,"I love music. And in fact,  when I got done, I just finished up a tour with Slash and the Conspirators.",Nonverbal_id06289,other_breath,NonverbalTTS
raw_datasets/NonverbalTTS/id06843/id06843_neutral_01_00697.wav,"And it'll be an open game. I don't think Sheffield Windsor will sit and do QPR done,  but level performance if you keep playing that.",Nonverbal_id06843,neutral_breath,NonverbalTTS
raw_datasets/NonverbalTTS/id10904/id10904_other_01_00698.wav,"I think that, you know, some of the themes that resonate of the film are  success and failure and how this guy wants both to succeed and to fail because maybe failing is more auth.",Nonverbal_id10904,other_breath,NonverbalTTS
raw_datasets/NonverbalTTS/ex01/ex01_happy_02_00001.wav,"I know exactly what you'd do,  you'd say hi to him and when he left you'd cut him off.",Nonverbal_ex01,happy_breath,NonverbalTTS
raw_datasets/NonverbalTTS/id03430/id03430_happy_02_00002.wav,"We committed to the scene. First of all, I love music. I can't make music, so I depend upon the kindness of strangers.  Second thing is I got to conduct this wonderful piece written for the film, played by these young people.",Nonverbal_id03430,happy_breath,NonverbalTTS
raw_datasets/NonverbalTTS/id05346/id05346_happy_02_00003.wav,We were out in Las Vegas and my wife was pregnant and we were all sitting there in my family and we just started talking about names and we said how we loved the name Tatum.,Nonverbal_id05346,happy_breath,NonverbalTTS
raw_datasets/NonverbalTTS/id10525/id10525_other_02_00005.wav,participation in Sex and City is just about all my scenes were with Sarah Jessica Parker an.,Nonverbal_id10525,other_breath,NonverbalTTS
raw_datasets/NonverbalTTS/id07189/id07189_neutral_02_00006.wav,"Certainly we are going in the right direction.  We have a long test next week. Hopefully go through a lot of stuff there, find some stuff for the next few races.",Nonverbal_id07189,neutral_breath,NonverbalTTS
raw_datasets/NonverbalTTS/ex01/ex01_happy_02_00007.wav,"Well, I'll land it better than she did.  Oh, my goodness. Oh, yeah. I mean, like, you saw that.  She was so good when she landed. Oh, my goodness.",Nonverbal_ex01,happy_breath,NonverbalTTS
raw_datasets/NonverbalTTS/ex04/ex04_other_02_00008.wav,"I did have a dog. I had a dog growing up.  His name was Sparky.   My dad said that if we got a dog, he got to be the one to name it. So  that was his stipulation. So we went",Nonverbal_ex04,other_breath,NonverbalTTS
raw_datasets/NonverbalTTS/id04408/id04408_neutral_02_00009.wav,"Fantastic director and the Donmar, which is a wonderful company,  known for gathering terrific ensembles.  And it just felt that the time was right and it was enough.",Nonverbal_id04408,neutral_breath,NonverbalTTS
raw_datasets/NonverbalTTS/id06741/id06741_other_02_00010.wav,"Well, I think now you know the Ice team going forward to Olympics. It's a very young team.  You how lo  people.",Nonverbal_id06741,other_breath,NonverbalTTS
raw_datasets/NonverbalTTS/id01404/id01404_neutral_02_00011.wav,And I also grew up with a wonderful mother who always would show me just amazing affection and  would really encourage me to believe in inside of who I am and that really who you are inside is more important than what you look like on the outside.  Society is different.,Nonverbal_id01404,neutral_breath,NonverbalTTS
raw_datasets/NonverbalTTS/id06551/id06551_happy_02_00012.wav,"You know, Bernan is down. So I just one day got dressed.  I didn't want to show up in jeans.",Nonverbal_id06551,happy_laugh,NonverbalTTS
raw_datasets/NonverbalTTS/ex01/ex01_happy_02_00013.wav,Spectators were treated to the likes of Rooney and Val cavorting onstage with the actual billed acts.,Nonverbal_ex01,happy_breath,NonverbalTTS
raw_datasets/NonverbalTTS/id10218/id10218_happy_02_00014.wav,Every time my middle son is traumatized by the idea of.,Nonverbal_id10218,happy_laugh,NonverbalTTS
raw_datasets/NonverbalTTS/ex03/ex03_happy_02_00015.wav,"pockets. Maybe one of you will find a giant orange balloon in your pocket and there it is, giant orange balloon bigger than me!  Is everyone ready for this next trick?",Nonverbal_ex03,happy_breath,NonverbalTTS
raw_datasets/NonverbalTTS/id03780/id03780_happy_02_00016.wav,Big thing  and means a lot to a lot of people and  and you feel very much at the same.,Nonverbal_id03780,happy_breath,NonverbalTTS
raw_datasets/NonverbalTTS/id08928/id08928_neutral_02_00017.wav,"up a transitional national body and that requires, of course, dialogue between various parties.  So in this context.",Nonverbal_id08928,neutral_breath,NonverbalTTS
raw_datasets/NonverbalTTS/ex03/ex03_happy_02_00018.wav,"way it's supposed to go.  So she takes  it out of the box and  she puts it on the floor. So I'm running over, running over. I jump on it and I'm like, I'm sitting on this little padded thing on the floor.  I'm looking  I'm looking up at the table and I'm like, huh?",Nonverbal_ex03,happy_breath,NonverbalTTS
raw_datasets/NonverbalTTS/ex01/ex01_other_02_00021.wav,"Understood, alright, so then to recap, we got,  this is a lot, turkey, we got cranberry, we got the dry rubs, the seasoning, the salt, the pepper,",Nonverbal_ex01,other_breath,NonverbalTTS
raw_datasets/NonverbalTTS/ex04/ex04_happy_02_00022.wav,"Why aren't you being your normal over zealous, pig headed self?",Nonverbal_ex04,happy_laugh,NonverbalTTS
raw_datasets/NonverbalTTS/ex03/ex03_sad_02_00023.wav,There's a man out there who  will respect you and honor you and  and love you.,Nonverbal_ex03,sad_breath,NonverbalTTS
raw_datasets/NonverbalTTS/id10498/id10498_neutral_02_00025.wav,"My story, try to talk about a moral philosophy, or a moral story, because I don't think all the Chinese people is a good guy.  Something is bad. Not all the Japanese guy is a bad guy. They have good, they have bad. Every country, I think, they have good guy, bad guy. So I don't want to talk about.",Nonverbal_id10498,neutral_laugh,NonverbalTTS
raw_datasets/NonverbalTTS/ex03/ex03_other_02_00026.wav,"So then, you know, you'd probably have like a hidden camera somewhere and you've got, you know,  clips of me doing that so that if I'm ever running for governor, you're going to  sabotage that, aren't you?",Nonverbal_ex03,other_breath,NonverbalTTS
raw_datasets/NonverbalTTS/id03950/id03950_neutral_02_00027.wav,"I have to have you have those hits and when you go see that rock band, you want to hear a few of the hits.",Nonverbal_id03950,neutral_breath,NonverbalTTS
raw_datasets/NonverbalTTS/id07560/id07560_happy_02_00028.wav,"You get to create a facade, you get to strip it down. It's t's it's t's really exciting that, but daunting, absolutely. And also you read the book.",Nonverbal_id07560,happy_laugh,NonverbalTTS
raw_datasets/NonverbalTTS/id03508/id03508_happy_02_00029.wav,I won't have a style from playing football  that  enjoyed.,Nonverbal_id03508,happy_breath,NonverbalTTS
raw_datasets/NonverbalTTS/id11157/id11157_sad_02_00030.wav,"It's just that I have to make a living. Sometimes I'm just broke.  I'm asked to do a job with a director I'm not going to get along with.  But I have that kind of reassurance of Madden Crowd because it was a great triumph for me. And so I my foundation is in that. I don't necessarily I always I'm always hoping to work with a great director that really likes me, that  prints my first take and knows where I'm at  But.",Nonverbal_id11157,sad_breath,NonverbalTTS
raw_datasets/NonverbalTTS/id10447/id10447_neutral_02_00031.wav,"Alot of heavy lifting because they spread it out over three years, but it was about twenty some sessions of two hours each. So I go in there  like once every other month, something like that, and you do about three or four scenes.  You read each scene from top to bottom a couple of times. They record that.",Nonverbal_id10447,neutral_breath,NonverbalTTS
raw_datasets/NonverbalTTS/ex03/ex03_happy_02_00033.wav,"Okay, I'm I'm gonna steal a candy cane from one of the kids. I'm gonna hang a pretzel off the candy cane. I'm gonna swing it around in a circle. I'm gonna make like a giant halo over my head. Just look for  look for the giant pretzel on the candy cane.",Nonverbal_ex03,happy_laugh,NonverbalTTS
raw_datasets/NonverbalTTS/ex03/ex03_happy_02_00034.wav,"You know, with Chelsea, she was  an adventurous little girl.",Nonverbal_ex03,happy_laugh,NonverbalTTS
raw_datasets/NonverbalTTS/id01898/id01898_neutral_02_00035.wav,Person after person would would hand me a card or  hand me a pager.,Nonverbal_id01898,neutral_breath,NonverbalTTS
raw_datasets/NonverbalTTS/id07431/id07431_neutral_02_00036.wav,"I thought,  you know, it's a really great album. It's like it's the it's better than I imagined it would be.",Nonverbal_id07431,neutral_breath,NonverbalTTS
raw_datasets/NonverbalTTS/ex04/ex04_happy_02_00037.wav,"Yeah, I think that would be really nice. You know that little spot up above with the bench and the hill? Yeah. We could go sit up there, and, you know, there's a little candy shop right there, too,  and they have saltwater taffy, and we can get taffy.",Nonverbal_ex04,happy_breath,NonverbalTTS
raw_datasets/NonverbalTTS/id07087/id07087_other_02_00038.wav,"Not worried of them,  but I'm worried of jihadism.",Nonverbal_id07087,other_laugh,NonverbalTTS
raw_datasets/NonverbalTTS/id10208/id10208_neutral_02_00039.wav,"😷 The whole cast was there together. We were sitting in the audience and then, you know, they announced all the nominees and then when they said our name, like literally all of us just rocketed out of our seats. Louis CK actually gave us the award, which was sort of an offbeat choice to give a children's.",Nonverbal_id10208,neutral,NonverbalTTS
raw_datasets/NonverbalTTS/id11189/id11189_happy_02_00040.wav,"That come to mind right away. And I think the first one would be a bosom buddies prank. And it was  having  guys dress up as women to get a great like rental on an apartment. And to see if guys would actually do that, to get a great price on an apartment. And you know,  you wouldn't be surprised what people would do.  And the second one is from friends, and it's based on ugly naked guy.  And I guess you could just let your imagination run wild there, but it was not.",Nonverbal_id11189,happy_breath,NonverbalTTS
raw_datasets/NonverbalTTS/id10560/id10560_neutral_02_00041.wav,"I don't know, when you watch movies, it seems like actually getting hit, they always make this sound effect that's kind of almost soft, like the sound effect, you know?  But that's not at all what getting hit really feels like. It feels more like it's much harder than that feels more like.",Nonverbal_id10560,neutral_breath,NonverbalTTS
raw_datasets/NonverbalTTS/id08244/id08244_other_02_00042.wav,"It isn't any more than a three points, but it's a really, really good three points.  And especially with it being in a local derby, to win it three nil.  And also that does our goal difference, the power good again as well. So that's like another point in itself.  So we're just pleased all round. We're pleased for everybody. Pleased for everybody at the football club. Support us tonight. My God, they were magnificent.  I mean, there's times when I have to say things  in my program notes and sometimes they'll be really quiet.  I'll tell you what, when they're like that.",Nonverbal_id08244,other_breath,NonverbalTTS
raw_datasets/NonverbalTTS/id10107/id10107_neutral_02_00043.wav,"But in the series, I call that an ascent into insanity.",Nonverbal_id10107,neutral_breath,NonverbalTTS
raw_datasets/NonverbalTTS/id04089/id04089_neutral_02_00044.wav,"You know, looking back, hindsight is twenty twenty.  You know, at halftime in that ball game.",Nonverbal_id04089,neutral_breath,NonverbalTTS
raw_datasets/NonverbalTTS/ex03/ex03_other_02_00045.wav,"Well,  there is  a very popular  Korean barbecue place on  3rd Street.  If you want  to go for lunch now, an important part  of th  Korean...",Nonverbal_ex03,other_breath,NonverbalTTS
raw_datasets/NonverbalTTS/id10571/id10571_neutral_02_00046.wav,"It's a society gone mad.  And the if the one word that people take away, which is the one word that resonates through all the email that",Nonverbal_id10571,neutral_breath,NonverbalTTS
raw_datasets/NonverbalTTS/id10534/id10534_neutral_02_00047.wav,"An old friend of mine once told me that the definition of insanity, as far as he was concerned, was repetition of the same action, expecting different results.  And for many years of my life I repeated the same action, expecting different results, that I could consume",Nonverbal_id10534,neutral_breath,NonverbalTTS
raw_datasets/NonverbalTTS/id04509/id04509_neutral_02_00048.wav,"We could have scored goals, but  as a complete game, I'm not satisfied to be honest. So there was a lot more in the game. But you see, we fight for consistency. That's what we fight for.  So it's really hard fight, it's a long way.  So playing like this, even in the game, though it's a wow, wow, wow.",Nonverbal_id04509,neutral_breath,NonverbalTTS
raw_datasets/NonverbalTTS/id05370/id05370_happy_02_00049.wav,"I was thrown into this group of men that were just such comedy geniuses, like Craig Robinson, Rob Gordry, and John Cusack. And  I was definitely challenged because we had so much improvisation and  I mean, you just, you basically  have to be funny all the time. So that was definitely the most challenging for me, which I love.",Nonverbal_id05370,happy_breath,NonverbalTTS
raw_datasets/NonverbalTTS/id08614/id08614_neutral_02_00050.wav,Probably both. You always want to continue to work on your game individually and that's what the off season is for where you rarely work at that and we'll do a lot of shooting during the course of the season as well.  But then you also always look into add to your team and you do that by preparing for the draft and that'll be the next step and then of course you have free agency following that.  So we're going to look at every aspect of.,Nonverbal_id08614,neutral_breath,NonverbalTTS
raw_datasets/NonverbalTTS/id01346/id01346_neutral_02_00052.wav,"I didn't know what was gonna, I didn't know. I mean,  in a way, I kind of think they fed off my fear in a very sick kind of.",Nonverbal_id01346,neutral_breath,NonverbalTTS
raw_datasets/NonverbalTTS/id01023/id01023_neutral_02_00053.wav,This is a small hut that they built for Shilopharopan  without stopping at.,Nonverbal_id01023,neutral_breath,NonverbalTTS
raw_datasets/NonverbalTTS/id11093/id11093_other_02_00054.wav,"But the more people who know as an actor, it's really fun because we all get to work together more. We're all kind.",Nonverbal_id11093,other_breath,NonverbalTTS
raw_datasets/NonverbalTTS/id10744/id10744_happy_02_00055.wav,And he was so funny. We had such a great time doing that show.,Nonverbal_id10744,happy_laugh,NonverbalTTS
raw_datasets/NonverbalTTS/id03915/id03915_happy_02_00056.wav,"Man, I am  actually had gone and had a few cocktails.",Nonverbal_id03915,happy_laugh,NonverbalTTS
raw_datasets/NonverbalTTS/ex04/ex04_sad_02_00057.wav,It went till 8 30 and it started at 3 and like it was supposed it was their fault because they just wouldn't leave and i kept waiting to clean up  and it was i don't know it just was a long  long night  and it feels,Nonverbal_ex04,sad_breath,NonverbalTTS
raw_datasets/NonverbalTTS/ex02/ex02_sad_02_00058.wav,"Thanks, I appreciate it. I might just, 👃 you know, get some water and go to the bathroom, just take a break for a second. 👃 Yeah, thanks.",Nonverbal_ex02,sad,NonverbalTTS
raw_datasets/NonverbalTTS/ex03/ex03_neutral_02_00059.wav,"Superman pose, that's,   I often incorporate that in my Pilates practice.",Nonverbal_ex03,neutral_breath,NonverbalTTS
raw_datasets/NonverbalTTS/ex01/ex01_other_02_00061.wav,I don't think I've ever seen such a purple purple or  a blue blue or like  that green is  it's it's not even like neon. It transcends neon.,Nonverbal_ex01,other_breath,NonverbalTTS
raw_datasets/NonverbalTTS/id05477/id05477_happy_02_00062.wav,"So it was a good experience, but it was scary enough for me not to venture  again.",Nonverbal_id05477,happy_laugh,NonverbalTTS
raw_datasets/NonverbalTTS/id08715/id08715_other_02_00063.wav,"See, at this point I'm doing airline, so  I don't know what I would want because I keep , you know, my thoughts keep evolving. So what I want ten years henceforth or what I wanted earlier is different.  So I don't like to plan, let's see what happens.",Nonverbal_id08715,other_breath,NonverbalTTS
raw_datasets/NonverbalTTS/ex03/ex03_other_02_00064.wav,Is there one of these mini cycle episodes that stands out to you as your favorite?,Nonverbal_ex03,other_breath,NonverbalTTS
raw_datasets/NonverbalTTS/id00076/id00076_other_02_00065.wav,"Supervillains of the DC world. And I really didn't have much knowledge of Killer Croc and but when David Ayres approached me and I did my research, I just,  you know, I was really taken by what I considered like a poetically tragic backstory of.",Nonverbal_id00076,other_breath,NonverbalTTS
raw_datasets/NonverbalTTS/id10254/id10254_neutral_02_00066.wav,"Didn't cost anything as far as budget wise. You know what I mean?  So I kind of told them that.  So I suggested, I said, well, how about trying, okay, I'm going to bring a couple of",Nonverbal_id10254,neutral_breath,NonverbalTTS
raw_datasets/NonverbalTTS/id08904/id08904_neutral_02_00067.wav,"In the face of a lot of adversity, try to stay true to their calling.  So I really was excited to get a chance. Drill sergeant.",Nonverbal_id08904,neutral_breath,NonverbalTTS
raw_datasets/NonverbalTTS/id05554/id05554_neutral_02_00068.wav,"Oh, it's a lot more than just about politics. For me, this is about the future of the party of Lincoln and Reagan, the future of America, the future of the conservative movement.  Donald Trump is a con artist, and I had hoped that people would see that on their own, but we're going to have to unveil the reality here and pull off his mask.",Nonverbal_id05554,neutral_breath,NonverbalTTS
raw_datasets/NonverbalTTS/id01158/id01158_neutral_02_00069.wav,"You know, when you play at this magnitude  and  here in a building like this with the fans and  wearing the Canada Jersey,  you know, there's not much that compares to that.  So it's a very fun night.",Nonverbal_id01158,neutral_breath,NonverbalTTS
raw_datasets/NonverbalTTS/id07652/id07652_happy_02_00070.wav,"Do a lot of eating. o,  So spring training had to get into shape for the season as far as going to restaurants downtown, but we like the history.",Nonverbal_id07652,happy_laugh,NonverbalTTS
raw_datasets/NonverbalTTS/id04416/id04416_neutral_02_00071.wav,Audition with each other because we always compete again opposite each other.  But we were all auditioning.,Nonverbal_id04416,neutral_breath,NonverbalTTS
raw_datasets/NonverbalTTS/id10392/id10392_neutral_02_00072.wav,"ork you know, and  you know, success doesn't come easy. You have to work really hard for success, you know, and you have to be.",Nonverbal_id10392,neutral_breath,NonverbalTTS
raw_datasets/NonverbalTTS/id04050/id04050_neutral_02_00073.wav,"There were were a few episodes after that where I also had one or two lines. And  you know, there were some where I did.",Nonverbal_id04050,neutral_breath,NonverbalTTS
raw_datasets/NonverbalTTS/id00903/id00903_other_02_00074.wav,"I think they literally have to hatch the plan. That is, they have to get it by Aaron Hatch, who's the chairman of, and I think whether they can hatch it in that sense, it's unclear. Clearly, there's tremendous difference within the Republican Party over this border tax adjustment.",Nonverbal_id00903,other_breath,NonverbalTTS
raw_datasets/NonverbalTTS/id08600/id08600_neutral_02_00075.wav,"Benefiting from  them instead of making a sketch of a villain, twirling his mustache and just being evil for the sake of being evil, they actually did a really good writing job.  A guy who wants to get home versus a guy that needs to protect the flash and Marshall Hibs forces alone.",Nonverbal_id08600,neutral_breath,NonverbalTTS
raw_datasets/NonverbalTTS/ex04/ex04_sad_02_00076.wav,😷 But 😷 it's really nice of Uncle Sean 😷 to give us cigars.,Nonverbal_ex04,sad,NonverbalTTS
raw_datasets/NonverbalTTS/ex03/ex03_happy_02_00077.wav,There's no choice is there ?,Nonverbal_ex03,happy_laugh,NonverbalTTS
raw_datasets/NonverbalTTS/ex03/ex03_other_02_00078.wav,Ugh.  I feel like we should eat more just because we can.,Nonverbal_ex03,other_breath,NonverbalTTS
raw_datasets/NonverbalTTS/ex01/ex01_neutral_02_00079.wav,"And...  Look, Pierre Legrand, I've seen his Instagram, alright? I've stalked through his little boxes, his little squares. He might have X amount of followers.  But in all honesty...",Nonverbal_ex01,neutral_breath,NonverbalTTS
raw_datasets/NonverbalTTS/id07457/id07457_other_02_00080.wav,"The company would say no for me, but I would say to the Golden Knights,  come up with a story where I can't say no. The I have to",Nonverbal_id07457,other_breath,NonverbalTTS
raw_datasets/NonverbalTTS/id05030/id05030_neutral_02_00081.wav,generation after that.  He also was working at a time.,Nonverbal_id05030,neutral_breath,NonverbalTTS
raw_datasets/NonverbalTTS/ex03/ex03_happy_02_00082.wav,"Dr. Frausenberg. I'll never forget the day that I first met Dr. Frausenberg.  I was swimming in a canal, or I should not have been swimming, because...",Nonverbal_ex03,happy_breath,NonverbalTTS
raw_datasets/NonverbalTTS/ex01/ex01_other_02_00083.wav,I... You know what? I... I... I will forgive you! I will forgive you if you just put on this bear shirt. Please! 😖 Ugh!,Nonverbal_ex01,other,NonverbalTTS
raw_datasets/NonverbalTTS/ex01/ex01_other_02_00085.wav,I'm going to be talking to our doctor anyway.  m,Nonverbal_ex01,other_breath,NonverbalTTS
raw_datasets/NonverbalTTS/id03765/id03765_neutral_02_00086.wav,"S we I'm like, what is he asking us to do?  And",Nonverbal_id03765,neutral_breath,NonverbalTTS
raw_datasets/NonverbalTTS/id04715/id04715_neutral_02_00087.wav,"I mean, it's legal, but what they did in the way they run that country allowed them not just to kill six million Jews, but kill all the communists, kill all the leftists like me.  You know, my father almost died.",Nonverbal_id04715,neutral_breath,NonverbalTTS
raw_datasets/NonverbalTTS/id01239/id01239_neutral_02_00088.wav,"I want to go back into that octagon. I want to have fun.  The last, the lasting memories of me as an ultimate fighter.",Nonverbal_id01239,neutral_breath,NonverbalTTS
raw_datasets/NonverbalTTS/id07415/id07415_other_02_00089.wav,"government, by, of business, by government is called communism.  The domination of government by business is called fascism.",Nonverbal_id07415,other_breath,NonverbalTTS
raw_datasets/NonverbalTTS/ex03/ex03_happy_02_00090.wav,"Well yeah,  but you can get it again.",Nonverbal_ex03,happy_laugh,NonverbalTTS
raw_datasets/NonverbalTTS/id10720/id10720_neutral_02_00091.wav,"The film is  sort of an homage to the original animation, which was so special.",Nonverbal_id10720,neutral_breath,NonverbalTTS
raw_datasets/NonverbalTTS/ex01/ex01_happy_02_00092.wav,"I guess we're doing me now.   I was doing graphic design before I became an actor, and  there was basically a teacher",Nonverbal_ex01,happy_breath,NonverbalTTS
raw_datasets/NonverbalTTS/id10977/id10977_neutral_02_00093.wav,That emotional journey to things like the office and extras and invention of lying was moved to more dramatic territory halfway through.,Nonverbal_id10977,neutral_breath,NonverbalTTS
raw_datasets/NonverbalTTS/id05454/id05454_neutral_02_00094.wav,"👃 Well, I think the, I think if you, for example, if you had a changes that resulted in.",Nonverbal_id05454,neutral,NonverbalTTS
raw_datasets/NonverbalTTS/ex04/ex04_other_02_00095.wav,"Okay, okay,  just gently go this way, buddy. Come on, come on, come on. Yes, yes, towards the door. I'm gonna open the door. I'm gonna raise the windows too. Oh, buddy.   Not into the chandelier.",Nonverbal_ex04,other_breath,NonverbalTTS
raw_datasets/NonverbalTTS/id10188/id10188_happy_02_00096.wav,"A lot of hot guys and hot girls.  No, I'm joking now. No, it's a wonderfully written show and  it'll take you some places that will surprisey.",Nonverbal_id10188,happy_laugh,NonverbalTTS
raw_datasets/NonverbalTTS/id10210/id10210_neutral_02_00097.wav,"It blows you away because they're artisans truly who are getting to play and work to craft. 😷 And then when we get these creatures on set, it makes it so much easier to have a practical special effect to act with as opposed to a dot on a green screen.",Nonverbal_id10210,neutral,NonverbalTTS
raw_datasets/NonverbalTTS/id11181/id11181_neutral_02_00098.wav,He did one of our most memorable dances to the theme from Psycho. There's not even a consistent rhythm in that music.  It's amazing what they do with the challenges that they are issued every week and how entertaining.,Nonverbal_id11181,neutral_breath,NonverbalTTS
raw_datasets/NonverbalTTS/id03947/id03947_neutral_02_00099.wav,"How it sounded like, that's how I sounded.  So this, while this is the look is based on me, it's it's.",Nonverbal_id03947,neutral_breath,NonverbalTTS
raw_datasets/NonverbalTTS/id10240/id10240_neutral_02_00100.wav,👃 I wanted to try more adventurous things for myself. And I think that  I didn't know how. And I was also.,Nonverbal_id10240,neutral_breath,NonverbalTTS
raw_datasets/NonverbalTTS/id10175/id10175_neutral_02_00101.wav,about family and about the family in this movie 😷 that everybody can relate to is how.,Nonverbal_id10175,neutral,NonverbalTTS
raw_datasets/NonverbalTTS/ex03/ex03_happy_02_00102.wav,"Those two kids are fighting with the giant candy canes now.  They're like, oh, and they're making like lightsaber noises.  Ha ha ha ha! And then one of them took Santa's beard and put it on.  Ha!",Nonverbal_ex03,happy_laugh,NonverbalTTS
raw_datasets/NonverbalTTS/id07826/id07826_other_02_00103.wav,"An excuse mentality, and we won't have that. We will  we will have a no excuse mentality. We will have a team that's committed to one another. We will have a te.",Nonverbal_id07826,other_breath,NonverbalTTS
raw_datasets/NonverbalTTS/ex03/ex03_happy_02_00104.wav,"Yeah. Like, wow. Like, how did  he get away with that?",Nonverbal_ex03,happy_laugh,NonverbalTTS
raw_datasets/NonverbalTTS/ex03/ex03_sad_02_00105.wav,"You know, Abigail and I haven't talked much in recent years.",Nonverbal_ex03,sad_breath,NonverbalTTS
raw_datasets/NonverbalTTS/id07600/id07600_other_02_00106.wav,"Then you've got a schedule, then you have to do an email. It's keeping up with it because  it's a society where you've got to work fast and you've got to be lean and mean. And if you don't, you're left behind.",Nonverbal_id07600,other_breath,NonverbalTTS
raw_datasets/NonverbalTTS/id06261/id06261_sad_02_00107.wav,"Have to go to bed at nine o'clock, have school the next day.  Really a bad decision. Plays game.",Nonverbal_id06261,sad_breath,NonverbalTTS
raw_datasets/NonverbalTTS/ex04/ex04_other_02_00108.wav,"They were punsters, it's true.  Yeah.  Thank you for...",Nonverbal_ex04,other_breath,NonverbalTTS
raw_datasets/NonverbalTTS/id11206/id11206_happy_02_00109.wav,"You know, he's here with me tonight. He sat next to me and we've both been sat there  all night like, when's itco?",Nonverbal_id11206,happy_laugh,NonverbalTTS
raw_datasets/NonverbalTTS/ex04/ex04_happy_02_00110.wav,"Yeah,  👃 she really was.",Nonverbal_ex04,happy_laugh,NonverbalTTS
raw_datasets/NonverbalTTS/id06944/id06944_neutral_02_00111.wav,We have now taken within our bank in our banking system.  Now  it won't be tomorrow and it won't be the day after.,Nonverbal_id06944,neutral_breath,NonverbalTTS
raw_datasets/NonverbalTTS/id10994/id10994_other_02_00112.wav,"It's a pain in the ass, Reginald.  That's not true. Reginald isn't even there. I just made him up completely.",Nonverbal_id10994,other_laugh,NonverbalTTS
raw_datasets/NonverbalTTS/ex01/ex01_neutral_02_00113.wav,"Oh, that is disgusting. I'm sorry about that. I wish I could have avoided it.",Nonverbal_ex01,neutral_breath,NonverbalTTS
raw_datasets/NonverbalTTS/id04962/id04962_happy_02_00114.wav,"You know, I think it'd be great. I think that they're actually a very talented family. I mean, Lindsey Lohan is very talented and so is her little sister. And  it would be interesting to see what kind of drama and fun spice that they would bring to the show.",Nonverbal_id04962,happy_breath,NonverbalTTS
raw_datasets/NonverbalTTS/ex03/ex03_sad_02_00115.wav,"Yeah. I'm sorry. I'm just having a real hard time.  You know, Flanders was always, always just jumping around. And like, I keep looking over there thinking he's going to be there.  And,",Nonverbal_ex03,sad_breath,NonverbalTTS
raw_datasets/NonverbalTTS/id08648/id08648_happy_02_00116.wav,"Doesn't mean we're not going to this and going to end, but I just wasn't ready and I'm so sorry  and so we  thought we should go to the river.",Nonverbal_id08648,happy_breath,NonverbalTTS
raw_datasets/NonverbalTTS/ex04/ex04_neutral_02_00117.wav,"is an old postcard of the Colosseum. I know what is written on the other side. I wrote it.  I consider walking up the hill to the Villa's family burial ground to check for any recent additions,  but I know what I may find there, and I'm",Nonverbal_ex04,neutral_breath,NonverbalTTS
raw_datasets/NonverbalTTS/id01966/id01966_other_02_00118.wav,"I get asked this one a fair bit. 😷  Random one, but when I was little, I started supporting leads because I was born supporting leads. My brother supported leads.",Nonverbal_id01966,other,NonverbalTTS
raw_datasets/NonverbalTTS/id03894/id03894_other_02_00119.wav,"I mean, that's the thing. Our scouting report will just be the same as we have been.  Card things the same way. You don't have to go over a lot of plays because they're going to run up and down and they're going to find a way to shoot the basketball and try to create tempo. And we're going to have to just get back and make sure we stop them, protect the paint.",Nonverbal_id03894,other_breath,NonverbalTTS
raw_datasets/NonverbalTTS/ex04/ex04_happy_02_00120.wav,"Yeah  Reykjavik,  Iceland. Yeah. Yeah.",Nonverbal_ex04,happy_breath,NonverbalTTS
raw_datasets/NonverbalTTS/id10482/id10482_neutral_02_00121.wav,But he doesn't need me.  And the business he's gone into is very different from the business I weint.,Nonverbal_id10482,neutral_breath,NonverbalTTS
raw_datasets/NonverbalTTS/ex03/ex03_happy_02_00122.wav,again sorry you can't smoke in here you gotta take that outside and then she you know talks back at us like she does if I have to deal with it one more time I'm  probably gonna slap her right in the face,Nonverbal_ex03,happy_laugh,NonverbalTTS
raw_datasets/NonverbalTTS/id02462/id02462_happy_02_00123.wav,"And when we pitched into the network, we used your name. Is it? Is it?  And they're like, no, we said Elizabeth Mitchell. I'm like, you wrote Elizabeth Mitc.",Nonverbal_id02462,happy_laugh,NonverbalTTS
raw_datasets/NonverbalTTS/id02981/id02981_neutral_02_00124.wav,"I think you always have to be realistic and know that  when you're on such a good run, when you've been playing so well,  there's always going to be a poor performance around the corner. You hope that it's  further away than.",Nonverbal_id02981,neutral_breath,NonverbalTTS
raw_datasets/NonverbalTTS/id03822/id03822_neutral_02_00125.wav,"Factors that bear on our thinking about the appropriate path of interest rates,  but remember that employment growth is strong, consumers are doing well.  That's an important support for housing.",Nonverbal_id03822,neutral_breath,NonverbalTTS
raw_datasets/NonverbalTTS/ex04/ex04_other_02_00126.wav,"Yeah, that's good.",Nonverbal_ex04,other_breath,NonverbalTTS
raw_datasets/NonverbalTTS/ex03/ex03_disgusted_02_00127.wav,"😖I was like, I can taste it 😖t. It's like the car itself is farting in my mouth. 😖 Oh, God.",Nonverbal_ex03,disgusted,NonverbalTTS
raw_datasets/NonverbalTTS/id07100/id07100_neutral_02_00128.wav,"Well, we're concerned about  how.",Nonverbal_id07100,neutral_breath,NonverbalTTS
raw_datasets/NonverbalTTS/id04752/id04752_other_02_00129.wav,"Again, I disagree. I have no chip on my shoulder.  What it is is me doing the things I feel like I need to do.",Nonverbal_id04752,other_breath,NonverbalTTS
raw_datasets/NonverbalTTS/ex03/ex03_other_02_00130.wav,I don't know what  was wrong with me.,Nonverbal_ex03,other_breath,NonverbalTTS
raw_datasets/NonverbalTTS/ex04/ex04_happy_02_00131.wav,"Overall,  the labour market continued to tighten.",Nonverbal_ex04,happy_laugh,NonverbalTTS
raw_datasets/NonverbalTTS/id04358/id04358_neutral_02_00132.wav,"Afterwards, there are points of discussion. 👃 Why? Because we need a strong Italy, stable Italy at the centre of the.",Nonverbal_id04358,neutral,NonverbalTTS
raw_datasets/NonverbalTTS/ex03/ex03_happy_02_00134.wav,"Everyone, including  his parents, just assumed he was guilty!",Nonverbal_ex03,happy_laugh,NonverbalTTS
raw_datasets/NonverbalTTS/id07826/id07826_neutral_02_00136.wav,"Everybody was engaged, everybody was in a stance, our hands were active,  we contested shots, we rebounded the basketball.",Nonverbal_id07826,neutral_breath,NonverbalTTS
raw_datasets/NonverbalTTS/ex01/ex01_other_02_00137.wav,These guys are 😷 so cool. I,Nonverbal_ex01,other,NonverbalTTS
raw_datasets/NonverbalTTS/id01772/id01772_neutral_02_00138.wav,"Um,😷 but he, Jack had probably more than most characters.",Nonverbal_id01772,neutral,NonverbalTTS
raw_datasets/NonverbalTTS/ex02/ex02_neutral_02_00139.wav,"out into Bastille, the 12th quarter area, as I was mentioning, and  I walk along the streets of Paris at night.  And I come across this place...",Nonverbal_ex02,neutral_breath,NonverbalTTS
raw_datasets/NonverbalTTS/ex04/ex04_happy_02_00141.wav,you're going to handpick her a four leaf clover,Nonverbal_ex04,happy_laugh,NonverbalTTS
raw_datasets/NonverbalTTS/ex04/ex04_sad_02_00142.wav,I'll pull forward and you can just you'd have the space I'm sorry,Nonverbal_ex04,sad_breath,NonverbalTTS
raw_datasets/NonverbalTTS/id05856/id05856_neutral_02_00143.wav,"We play better, try to play better, be concentrated, very concentrate and very focused on the game. But  yes, now I don't remember.",Nonverbal_id05856,neutral_breath,NonverbalTTS
raw_datasets/NonverbalTTS/ex01/ex01_other_02_00144.wav,"I mean, I guess that's fair, but,  you know. 😤",Nonverbal_ex01,other_laugh,NonverbalTTS
raw_datasets/NonverbalTTS/ex04/ex04_happy_02_00145.wav,She liked to ride in the car?,Nonverbal_ex04,happy_breath,NonverbalTTS
raw_datasets/NonverbalTTS/id10086/id10086_happy_02_00146.wav,"And he broke me  and made me realize that I was a proletarian, salty.",Nonverbal_id10086,happy_laugh,NonverbalTTS
raw_datasets/NonverbalTTS/id10757/id10757_neutral_02_00147.wav,"three hundred and thirty something like that, even more. I think it was sort of a quarter to two and then the weather was very very heavy in terms of rain.  So they made the right decisions. All in all, as I say, Jensen's day, he was drove a phenomenal race to come back and pass the bastion the last lap, Seb led every lap, obviously, so for him a tough day. But  we got good points today for the team.",Nonverbal_id10757,neutral_breath,NonverbalTTS
raw_datasets/NonverbalTTS/id07719/id07719_neutral_02_00148.wav,"Unfortunately, probably with the same result.  But I think the basic.",Nonverbal_id07719,neutral_breath,NonverbalTTS
raw_datasets/NonverbalTTS/id06929/id06929_neutral_02_00149.wav,"My my kids, they're not really dating yet. Now my one boy's fourteen. My other's twelve.  I was already like,",Nonverbal_id06929,neutral_breath,NonverbalTTS
raw_datasets/NonverbalTTS/ex03/ex03_disgusted_02_00150.wav,"😷 Oh my god, it's rough.",Nonverbal_ex03,disgusted,NonverbalTTS
raw_datasets/NonverbalTTS/ex01/ex01_happy_02_00151.wav,"And then  when his crotch ripped open and then  what's the main guy's name? I forgot his name. Whatever.  His name,  Seymour. Yes, God just gave that to me.",Nonverbal_ex01,happy_breath,NonverbalTTS
raw_datasets/NonverbalTTS/id07809/id07809_neutral_02_00152.wav,"I don't know what all, but anyhow different.  But when I say that we need a democracy that enables I didn't.",Nonverbal_id07809,neutral_breath,NonverbalTTS
raw_datasets/NonverbalTTS/id01436/id01436_neutral_02_00153.wav,It was in a really challenging place. It was one of the places that my ex husband grew up. So it was where we didn't I didn't want to go again. And it was after our amazing road trip of a honeymoon.  And it sort of all came crashing to a stop in Miami where 👃 old patterns resurfaced and.,Nonverbal_id01436,neutral_breath,NonverbalTTS
raw_datasets/NonverbalTTS/id05133/id05133_neutral_02_00154.wav,"It took some character to make that, you know, he was under duress and turned, made a real stiff throw and  I liked it. It's just we need.",Nonverbal_id05133,neutral_breath,NonverbalTTS
raw_datasets/NonverbalTTS/id10532/id10532_other_02_00155.wav,"😷 I've always felt that it was Beckett's saying, 'Here, but for the grace of God'.",Nonverbal_id10532,other,NonverbalTTS
raw_datasets/NonverbalTTS/id10647/id10647_happy_02_00156.wav,"Crazy, crazy time. And I couldn't be more thankful either. I mean, it was such a fun set to be on and also just such a great environment. The people were so great that worked on the show. So I just feel.",Nonverbal_id10647,happy_laugh,NonverbalTTS
raw_datasets/NonverbalTTS/id09078/id09078_happy_02_00157.wav,"That means looking at a schedule at a studio, going to the studio, finding the genre of dance that you want to do. And a lot of times you can't. Even yoga is getting harder. So  I actually  go to the gym in my building.",Nonverbal_id09078,happy_breath,NonverbalTTS
raw_datasets/NonverbalTTS/ex03/ex03_sad_02_00159.wav,"All right, that's what matters.",Nonverbal_ex03,sad_breath,NonverbalTTS
raw_datasets/NonverbalTTS/ex02/ex02_happy_02_00160.wav,"Yeah.  But I have to say two things. One,  that the dress and Alicia designing it for you, it makes so much sense.  All of those flowers that she was...",Nonverbal_ex02,happy_breath,NonverbalTTS
raw_datasets/NonverbalTTS/ex04/ex04_happy_02_00161.wav,"Oh my gosh. Oh my gosh.  I'm getting mine with ice cream. I know that it's bad. I know that's too ice cream and cookie dough. It's like too much at once , but it's a celebration and I'm going to have a lot of sugar and it's going to be so worth it.",Nonverbal_ex04,happy_breath,NonverbalTTS
raw_datasets/NonverbalTTS/id06220/id06220_sad_02_00163.wav,"It's always a struggle because she always kind of, especially now that she has these new powers, she's always wanting to go around and save people and  make sure that what happened to her doesn't happen to these people. She really has a lot of empathy and  I really like that human side of her whereas, you know, she seems very tough, but under all that, she's really fighting this terror that she feels when she's having to save someone. She understands the consequences.",Nonverbal_id06220,sad_breath,NonverbalTTS
raw_datasets/NonverbalTTS/ex04/ex04_other_02_00164.wav,"Three, two, one. 😖 Thanks, Jack. 😖 You got it, Jack. You got it. 😖 Roll.  Thank you.",Nonverbal_ex04,other_breath,NonverbalTTS
raw_datasets/NonverbalTTS/ex01/ex01_sad_02_00165.wav,"But seriously, dude, it's probably just, you know, the neighbor's, like,  alarm or something. Like, the  cats swallowed a radio and now it beeps and meows.",Nonverbal_ex01,sad_breath,NonverbalTTS
raw_datasets/NonverbalTTS/id07550/id07550_neutral_02_00166.wav,I'm not to win this game because we believe that we're from what we've done and what we've  showed today and all the chances we had  to put ourselves in a better position and not capitalize and of course the.,Nonverbal_id07550,neutral_breath,NonverbalTTS
raw_datasets/NonverbalTTS/id10539/id10539_other_02_00167.wav,"For them, for them.  And if I'm giving nervous performance, I've been anxious for them.",Nonverbal_id10539,other_breath,NonverbalTTS
raw_datasets/NonverbalTTS/ex03/ex03_happy_02_00168.wav,"huh?  And she said it was like the funniest moment ever. That was like, I was so excited and then I was so confused and then like, like she couldn't even explain it to me that no, you take it,  you put it on the chair because I'm like,",Nonverbal_ex03,happy_laugh,NonverbalTTS
raw_datasets/NonverbalTTS/id05260/id05260_sad_02_00169.wav,"You know, people have a lot of pride and then what happens is you lose contact with people  out of shame and embarrassment and things like that. o the connection, the human connection, you know, as a society, we're only as strong as our weakest link. So if we don't take care of this particular problem,  we'll all suffer from it.",Nonverbal_id05260,sad_breath,NonverbalTTS
raw_datasets/NonverbalTTS/id01967/id01967_neutral_02_00170.wav,"Follow your heart in terms of , you know, if you're very passionate in doing something, then definitely stick with it and.",Nonverbal_id01967,neutral_breath,NonverbalTTS
raw_datasets/NonverbalTTS/id10243/id10243_neutral_02_00171.wav,"I mean, meeting these people that represent me and believe in me and take this journey with me and 👃 kind of go.",Nonverbal_id10243,neutral,NonverbalTTS
raw_datasets/NonverbalTTS/id07351/id07351_other_02_00173.wav,"And you know, that's a great feeling.  And  I guess I'm about that age right now.",Nonverbal_id07351,other_breath,NonverbalTTS
raw_datasets/NonverbalTTS/id04903/id04903_neutral_02_00174.wav,"😷 And I think even if you're in a movie, you get to escape and if you're watching a movie, you get to escape. And I like to be dressed up in clothes.",Nonverbal_id04903,neutral,NonverbalTTS
raw_datasets/NonverbalTTS/id06418/id06418_neutral_02_00175.wav,"I'm  looking forward to the, you know, the preceding months coming up and the following years to come.",Nonverbal_id06418,neutral_breath,NonverbalTTS
raw_datasets/NonverbalTTS/id05091/id05091_neutral_02_00176.wav,"But if you have someone in your family that does have it, you are at increased risk.  But I'll tell you um.",Nonverbal_id05091,neutral_breath,NonverbalTTS
raw_datasets/NonverbalTTS/ex04/ex04_happy_02_00177.wav,That's what I really want. 👃,Nonverbal_ex04,happy,NonverbalTTS
raw_datasets/NonverbalTTS/ex01/ex01_happy_02_00178.wav,This  is a test of our character.,Nonverbal_ex01,happy_laugh,NonverbalTTS
raw_datasets/NonverbalTTS/ex03/ex03_happy_02_00179.wav,"Oh, right. Right. And Tina was like scared we were going to get caught.  And she's like, guys, guys, stop. Let's et's go. I'm like, Tina, relax. I have another drink.",Nonverbal_ex03,happy_laugh,NonverbalTTS
raw_datasets/NonverbalTTS/ex01/ex01_other_02_00180.wav,"Dude,  thank you so much for training me.  I couldn't have done it without you, man. 😤",Nonverbal_ex01,other_breath,NonverbalTTS
raw_datasets/NonverbalTTS/id10020/id10020_happy_02_00181.wav,"incredible greed  was selling off everything that they had, and they sold off half of their commissary.  They had this kind of historic",Nonverbal_id10020,happy_laugh,NonverbalTTS
raw_datasets/NonverbalTTS/id07719/id07719_neutral_02_00182.wav,"That's one of the things that tax reform is supposed to fix.  Obviously, it would also fix the repatriation question.",Nonverbal_id07719,neutral_breath,NonverbalTTS
raw_datasets/NonverbalTTS/id10705/id10705_happy_02_00183.wav,I would just  I'd like to thank Chandra Rhimes for that in.,Nonverbal_id10705,happy_breath,NonverbalTTS
raw_datasets/NonverbalTTS/id10756/id10756_neutral_02_00184.wav,Got glossy superheroes who  have magic powers and know what they're doing or superhuman powers and know what they're doing. You don't have a gangster who's necessarily a complete outnost.,Nonverbal_id10756,neutral_breath,NonverbalTTS
raw_datasets/NonverbalTTS/ex03/ex03_neutral_02_00185.wav,"it was for a good cause. I'll just say that much. It's, you know,  it's a cause I really believe  in and it  would have been perfect. I wanted that job so bad.",Nonverbal_ex03,neutral_breath,NonverbalTTS
raw_datasets/NonverbalTTS/id03796/id03796_neutral_02_00186.wav,And it's also something that the Secretary General and I feel we want to do before we end our term. And I'm sure that Antonio Guterres  will  think and work in thi.,Nonverbal_id03796,neutral_breath,NonverbalTTS
raw_datasets/NonverbalTTS/id06984/id06984_neutral_02_00187.wav,"Well, in the second and third, I think it was pretty close match and for sure I'm very happy. I think it was very solid and I've,  yeah, you know, if you win seven thicks.",Nonverbal_id06984,neutral_breath,NonverbalTTS
raw_datasets/NonverbalTTS/ex04/ex04_happy_02_00188.wav,"He, I believed he was in his 60s.  I did.  They do.  Oh, man.  Oh, boy.  What a cute group of kids.  And the nurse? Oh, boy.  The nurse.",Nonverbal_ex04,happy_breath,NonverbalTTS
raw_datasets/NonverbalTTS/id04655/id04655_neutral_02_00189.wav,"Historically, it wasn't anything 🗣️ interesting. And then I decided to be.",Nonverbal_id04655,neutral,NonverbalTTS
raw_datasets/NonverbalTTS/id04712/id04712_other_02_00190.wav,"Reforming ones, not the old imperialist knights of the shire, but the reforming ones. They were in the ascendancy in their party.  Macmillan was",Nonverbal_id04712,other_breath,NonverbalTTS
raw_datasets/NonverbalTTS/id05019/id05019_happy_02_00191.wav,"To date, I think my favorite party was our wedding reception because it was the biggest party  I've ever thought.",Nonverbal_id05019,happy_laugh,NonverbalTTS
raw_datasets/NonverbalTTS/id06052/id06052_neutral_02_00192.wav,"🤧 By the way, I am not a fighter. My words are really the only thing I have. And if it came down to a fight, I'm going to run.",Nonverbal_id06052,neutral_breath,NonverbalTTS
raw_datasets/NonverbalTTS/id07809/id07809_neutral_02_00193.wav,"Europe has for a very long time  thought itself the continent of out migration. 🗣️ In fact, it has always had internal migrations. Already in the thirty",Nonverbal_id07809,neutral_breath,NonverbalTTS
raw_datasets/NonverbalTTS/ex01/ex01_happy_02_00195.wav,"Angel, be  nice and warm and you won't have to   fight the Missouri winters.",Nonverbal_ex01,happy_breath,NonverbalTTS
raw_datasets/NonverbalTTS/id05260/id05260_neutral_02_00196.wav,Individual effort. And I think that we always lose sight of that because it's easy in this country just to  pass it off on the group thing or.,Nonverbal_id05260,neutral_breath,NonverbalTTS
raw_datasets/NonverbalTTS/id05049/id05049_sad_02_00197.wav,"Why is that part of what you're trying to do to make it harder for others to save other people?  You know, and I think if you.",Nonverbal_id05049,sad_breath,NonverbalTTS
raw_datasets/NonverbalTTS/ex03/ex03_happy_02_00198.wav,"You know,  it's not just one new element.",Nonverbal_ex03,happy_laugh,NonverbalTTS
raw_datasets/NonverbalTTS/id02275/id02275_neutral_02_00199.wav,"You did not read my email, sir.  The Democratic National Committee, as.",Nonverbal_id02275,neutral_breath,NonverbalTTS
raw_datasets/NonverbalTTS/ex03/ex03_happy_02_00200.wav,"Yeah, that's  right.",Nonverbal_ex03,happy,NonverbalTTS
raw_datasets/NonverbalTTS/id10607/id10607_other_02_00203.wav,"was supposed to be one of the major leads and again, they moiro.",Nonverbal_id10607,other_breath,NonverbalTTS
raw_datasets/NonverbalTTS/ex01/ex01_other_02_00204.wav,And then sample and then cut. And then... You got a vacuum? To suck out the blood clot? Alright.  And done. Looks like we got it. Alright. Closing it back up. Make sure you get the... 😤 Hear the clamps.,Nonverbal_ex01,other_breath,NonverbalTTS
raw_datasets/NonverbalTTS/ex01/ex01_sad_02_00205.wav,"😖 I am...  Oh, that's not good. That's not good. Oh, what? Oh, my...",Nonverbal_ex01,sad,NonverbalTTS
raw_datasets/NonverbalTTS/id08658/id08658_sad_02_00206.wav,"You know, it's now onwards and upwards if, you know, and when we come to that point, we need to add a little bit and improve it, but we'll do it. And Jeremy, you know, I'll tell you now, he won't go over and break any budgets. We have to be clever.  e have to be on the ball in respect of recruitment to get one or two in to make sure again that we show some improvement next.",Nonverbal_id08658,sad_breath,NonverbalTTS
raw_datasets/NonverbalTTS/ex01/ex01_sad_02_00207.wav,"And when it stops being fun,  you unhook.",Nonverbal_ex01,sad_breath,NonverbalTTS
raw_datasets/NonverbalTTS/ex01/ex01_sad_02_00208.wav,Is it a...  I think I'm doing everything you're asking of me.,Nonverbal_ex01,sad_breath,NonverbalTTS
raw_datasets/NonverbalTTS/ex02/ex02_happy_02_00209.wav,"next floor.   yeah, no, we're not joking. That's not a joke, man. I'm starving. I have to eat.  It's been like 12 hours since my last meal.   yeah",Nonverbal_ex02,happy_breath,NonverbalTTS
raw_datasets/NonverbalTTS/ex03/ex03_other_02_00210.wav,😖 okay well if we do that then yeah I mean it doesn't sit directly on the floor there's the platform underneath that so if we start jumping the,Nonverbal_ex03,other,NonverbalTTS
raw_datasets/NonverbalTTS/id00876/id00876_happy_02_00211.wav,"Patties in LA,  we sat down and we're like, let's do this nd.  And from the casting process to the script revisions to hiring our crew, our camera, our lights,  our locations, I mean, all of it, they allowed me to be part of the process a.",Nonverbal_id00876,happy_breath,NonverbalTTS
raw_datasets/NonverbalTTS/ex02/ex02_sad_02_00212.wav,It would depend on the circumstance.  Sometimes euphoria can come from everything coming together ever so perfectly all at,Nonverbal_ex02,sad_breath,NonverbalTTS
raw_datasets/NonverbalTTS/id01276/id01276_neutral_02_00213.wav,"fighters and their families who have been injured on duty. Now, if you get the album this week, proceeds from that album will go to help the good guys help firefighters all over the United States and Canada.  With that being said, this album rocks.",Nonverbal_id01276,neutral_breath,NonverbalTTS
raw_datasets/NonverbalTTS/id10996/id10996_neutral_02_00215.wav,"I was an English major, you know, all through college and even in graduate school and even a PhD candidate in English  at the University of Chicago and I read all the time.",Nonverbal_id10996,neutral_breath,NonverbalTTS
raw_datasets/NonverbalTTS/id04221/id04221_neutral_02_00216.wav,I would and I had to pick someone to play me as a young woman.,Nonverbal_id04221,neutral_breath,NonverbalTTS
raw_datasets/NonverbalTTS/id05235/id05235_happy_02_00217.wav,The only character that actually could really fight  the bad guys. The rest of the mob cops are tripping over pe.,Nonverbal_id05235,happy_laugh,NonverbalTTS
raw_datasets/NonverbalTTS/id04866/id04866_neutral_02_00218.wav,"I think it's pretty technical our number and it's pretty difficult for the camera guys and everybody.  nd of course, like today it was a first rehearsal day, it's always different.",Nonverbal_id04866,neutral_breath,NonverbalTTS
raw_datasets/NonverbalTTS/id05370/id05370_neutral_02_00219.wav,"This  idea of her one idea of one path that she could take. So that was kind of fun. And then technically,  we used a camera, 'cause I'm in a scene with myself.  So technically, we used a camera that I had never used before. And it's basically you shoot the scene as one person, and the camera is locked, and it goes like this on the dolly. And then you have to do the exact same thing.",Nonverbal_id05370,neutral_breath,NonverbalTTS
raw_datasets/NonverbalTTS/id05585/id05585_neutral_02_00220.wav,"Not solely a women's issue. We can engage peacekeepers and train and prepare peacekeepers so that they can be much better in preventing this. We can, first and foremost, I would say, do everything to 😷 end impunity because this has had almost no consequences.",Nonverbal_id05585,neutral,NonverbalTTS
raw_datasets/NonverbalTTS/id07360/id07360_neutral_02_00221.wav,"First thing we're going to do is we're going to work tirelessly to make sure this gets repealed.  So we're going to elect individuals that say we're going to get rid of this because we know it's devastating for patients, taxpayers,  and jobs. We need jobs in our state.  Now,  if  if that doesn't happen, we are still not going to implement these exchanges.  Exchanges are not going to reduce the cost of health care. They're going to increase the cost of health care.  Expanding Medicaid is not going to help the citizens of Florida.",Nonverbal_id07360,neutral_breath,NonverbalTTS
raw_datasets/NonverbalTTS/id07351/id07351_neutral_02_00222.wav,"I just understood the language of it and what was happening.  But I couldn't get any chicks that looked like her, so I just put all that shit down and I started to make I picked up a new.",Nonverbal_id07351,neutral_breath,NonverbalTTS
raw_datasets/NonverbalTTS/ex03/ex03_neutral_02_00223.wav,I'm sure it was fun last night. 🗣️,Nonverbal_ex03,neutral,NonverbalTTS
raw_datasets/NonverbalTTS/id02740/id02740_neutral_02_00224.wav,People want to inform themselves as  other audience rise through internet. I think the future will be to combine this and,Nonverbal_id02740,neutral_breath,NonverbalTTS
raw_datasets/NonverbalTTS/id01285/id01285_happy_02_00225.wav,"Well, I'm going to be there and so I find it's always like last year, it was a little awkward  sitting in the audience for it.",Nonverbal_id01285,happy_laugh,NonverbalTTS
raw_datasets/NonverbalTTS/ex03/ex03_happy_02_00226.wav,"Oh, I swear, we were just about rolling on the floor after  after he left.",Nonverbal_ex03,happy_laugh,NonverbalTTS
raw_datasets/NonverbalTTS/id05946/id05946_happy_02_00227.wav,"It's so different on the show. It's kind of like any average thing. You know, you're working year round, five days a week.  And so every once in a while, you're another wedding's coming up.",Nonverbal_id05946,happy_breath,NonverbalTTS
raw_datasets/NonverbalTTS/id03605/id03605_neutral_02_00228.wav,And a lot of people were asking me whether or not I was a Russian spy.,Nonverbal_id03605,neutral_breath,NonverbalTTS
raw_datasets/NonverbalTTS/id08700/id08700_happy_02_00229.wav,"Talk about.  For example, I mean, the most  modern world people.",Nonverbal_id08700,happy_laugh,NonverbalTTS
raw_datasets/NonverbalTTS/ex01/ex01_happy_02_00230.wav,Isn't that what a controlled experiment is about?,Nonverbal_ex01,happy_laugh,NonverbalTTS
raw_datasets/NonverbalTTS/id03194/id03194_neutral_02_00231.wav,"He said, What do you mean waxing? I said, Well, I sort of tried to explain to him what it was.  And I said, There's a procedure that I just heard about, but I think you should try it.",Nonverbal_id03194,neutral_breath,NonverbalTTS
raw_datasets/NonverbalTTS/ex01/ex01_sad_02_00233.wav,"I think it's just because I failed on the third one, you know. The 👃 he fourth one was just like slowly let me down. There was no chance. They walked in and they're like, hey, 👃 you know, we really love your work, but it's just now is not the time, you know.",Nonverbal_ex01,sad,NonverbalTTS
raw_datasets/NonverbalTTS/ex03/ex03_other_02_00234.wav,"Yeah, up until I went to college, we were like  joining the hip. Not literally. I know we shouldn't joke about that because I know that's a real thing apparently. But  yeah, she was my best.",Nonverbal_ex03,other_breath,NonverbalTTS
raw_datasets/NonverbalTTS/ex01/ex01_disgusted_02_00235.wav,"Oh, I can guarantee you everyone wants to hear about this. You gotta tell this story in just excruciatingly disgusting detail. 👃 And you're gonna be the life of the body. 👃 I tell you what. 👃 All right?",Nonverbal_ex01,disgusted,NonverbalTTS
raw_datasets/NonverbalTTS/ex03/ex03_happy_02_00237.wav,"Do we all feel like dancing? I think it's the Balloon I ate made me a little more buoyant. It added some,  it's some just levity to my body. I feel like I'm floating. All right.  All right. Now that I got that out of my system,  I need my",Nonverbal_ex03,happy_breath,NonverbalTTS
raw_datasets/NonverbalTTS/id07243/id07243_neutral_02_00238.wav,"To survive, make a living.  But I think I always did it because.",Nonverbal_id07243,neutral_breath,NonverbalTTS
raw_datasets/NonverbalTTS/id01681/id01681_other_02_00239.wav,"I think at first it is when you start this job, but for me, I've kind of gotten used to it. I mean, I just  people say all these things  and  you just live with it. And you can't really complain about it, I don't think, because it's part of the job. So  there's an element of it that builds resilience. I actually, I've come to really  believe this and my son.",Nonverbal_id01681,other_breath,NonverbalTTS
raw_datasets/NonverbalTTS/ex01/ex01_happy_02_00241.wav,"You know, so it really feel  like, you're like, yeah, sure. I don't know.  And the other one I have is, well, obviously s'mores, but you can make s'mores special.",Nonverbal_ex01,happy_laugh,NonverbalTTS
raw_datasets/NonverbalTTS/id06006/id06006_neutral_02_00242.wav,"They're playing for other things, but we have to move on, not get carried away now that  we achieve four goals after the pre great preseason with only, I think, one goal in ten games or something against. We have to move on.",Nonverbal_id06006,neutral_breath,NonverbalTTS
raw_datasets/NonverbalTTS/id06607/id06607_happy_02_00244.wav,"Like, yeah, why not?  You know, for me, it's like, if they make that fight possible or if they make that fight happen, you know, I'm ready for it.",Nonverbal_id06607,happy_laugh,NonverbalTTS
raw_datasets/NonverbalTTS/id08928/id08928_neutral_02_00246.wav,"She made it clear to me that she saw her function in a special way, 😷 where she will not be just performing.",Nonverbal_id08928,neutral,NonverbalTTS
raw_datasets/NonverbalTTS/id10210/id10210_neutral_02_00247.wav,Michael 😷 has a dark sense of humor. It's evident in the scr.,Nonverbal_id10210,neutral,NonverbalTTS
raw_datasets/NonverbalTTS/id10398/id10398_other_02_00248.wav,"And we sat down, you know, we set up a meeting to have lunch and I had read the script and obviously was   in love with what Bill Dubuque had put on paper  and wanted to meet Gavin. I was a fan of his and he spent the first ten or twelve minutes just going on and on and on about whiplash in a way that, you know, I mean a lot of people were and justifiably so. But there was like.",Nonverbal_id10398,other_breath,NonverbalTTS
raw_datasets/NonverbalTTS/ex01/ex01_happy_02_00249.wav,Thanks for offering us the KKK's official viewpoint.,Nonverbal_ex01,happy_laugh,NonverbalTTS
raw_datasets/NonverbalTTS/id11089/id11089_happy_02_00250.wav,"😤 Many amazing dialogues, but then I guess I'll choose my dad's dialogue.",Nonverbal_id11089,happy,NonverbalTTS
raw_datasets/NonverbalTTS/ex02/ex02_happy_02_00251.wav,"I don't know about you,  but I wouldn't have come  if I knew that Trevor was going to be here today.  It's not that I don't like him, it's just  every time.",Nonverbal_ex02,happy_breath,NonverbalTTS
raw_datasets/NonverbalTTS/ex01/ex01_angry_02_00252.wav,I'm not going  to die.    😖,Nonverbal_ex01,angry_breath,NonverbalTTS
raw_datasets/NonverbalTTS/id11095/id11095_neutral_02_00253.wav,"for a day,  a night and a bit of a day. And.",Nonverbal_id11095,neutral_breath,NonverbalTTS
raw_datasets/NonverbalTTS/id09064/id09064_neutral_02_00254.wav,"to roll out our successfully proven  transactional model in China to worldwide.  To roll out this new model, we must have major transformation in many areas.",Nonverbal_id09064,neutral_breath,NonverbalTTS
raw_datasets/NonverbalTTS/id11156/id11156_happy_02_00255.wav,"It was noisy, it was loud,  but she  she kept saying like, do you think there'll be a cheers reunion show and you saw au",Nonverbal_id11156,happy_laugh,NonverbalTTS
raw_datasets/NonverbalTTS/id04486/id04486_neutral_02_00256.wav,"Housing is not a problem nearly as much as it is a solution.  If we get housing right, if we manage to make people able to afford their homes,  then everything else starts to fall into place in our economy.  So we're going to be investing massively in infrastructure that will allow for the creation of low income housing. We're going to be investing in   advantages for people who build.",Nonverbal_id04486,neutral_breath,NonverbalTTS
raw_datasets/NonverbalTTS/ex04/ex04_sad_02_00257.wav,"Yeah,  you're right.  I love you. You're my best friend, and you're always gonna be my best friend, okay?",Nonverbal_ex04,sad_breath,NonverbalTTS
raw_datasets/NonverbalTTS/ex01/ex01_happy_02_00258.wav,Did you read the article about Shonda Rhimes from ABC Studios?,Nonverbal_ex01,happy_breath,NonverbalTTS
raw_datasets/NonverbalTTS/id09156/id09156_happy_02_00259.wav,"You know, I remember the first time was really kind of like when the Bears went to the Super Bowl, I was able to get us tickets to take us to the Super Bowl and it was like a cool thing for me to like do something for my dad that way,  where he'd always been the person who would take me to a baseball game or whatever. So that was the beginning of it, but just kind of that transition of the relationship changing I've experienced and luckily ours is a much help.",Nonverbal_id09156,happy_breath,NonverbalTTS
raw_datasets/NonverbalTTS/id08381/id08381_neutral_02_00260.wav,It was all the friends that I grew up with in the theater community that I put into the film  and just wrote characters really based on them. That's why everyone in the film is weird.,Nonverbal_id08381,neutral_breath,NonverbalTTS
raw_datasets/NonverbalTTS/id10639/id10639_happy_02_00261.wav,Just went to a screening a few days ago. They had me watch it before I did all this press.  And I brought a whole gaggle of  my girlfriends because I thought it's a scary movie.,Nonverbal_id10639,happy_breath,NonverbalTTS
raw_datasets/NonverbalTTS/ex03/ex03_sad_02_00262.wav,"Listen, 😤 are you going to be okay?",Nonverbal_ex03,sad,NonverbalTTS
raw_datasets/NonverbalTTS/ex02/ex02_sad_02_00263.wav,"under an alphabetized system that's also numerical. I'm really  sorry about that though. It's not that your process is bad, it's the processing from upper management",Nonverbal_ex02,sad_breath,NonverbalTTS
raw_datasets/NonverbalTTS/ex02/ex02_happy_02_00264.wav,"Sorry, my stomach. I need more s'mores.",Nonverbal_ex02,happy_laugh,NonverbalTTS
raw_datasets/NonverbalTTS/id10247/id10247_neutral_02_00265.wav,"He reopened all the theatres, Charles II, and made  made England fun again, and Rochester was kind of at the helm of that in his  outra.",Nonverbal_id10247,neutral_breath,NonverbalTTS
raw_datasets/NonverbalTTS/id03983/id03983_neutral_02_00266.wav,I have a good role anymore.  How come nobody takes me seriously?,Nonverbal_id03983,neutral_breath,NonverbalTTS
raw_datasets/NonverbalTTS/id05160/id05160_neutral_02_00267.wav,"And I think that's why these films resonate with such a global audience because  at their core, they're about the love and sanctity of family and the lengths we'll go to protect that.",Nonverbal_id05160,neutral_breath,NonverbalTTS
raw_datasets/NonverbalTTS/id04301/id04301_sad_02_00269.wav,"🗣️ By the time I took the sign and got the ball back up, it, you know, everything dried up and you know, I,  it should have been a lot worse than what it was today to be honest with you. I mean, I had no clue where the ball was going and.",Nonverbal_id04301,sad_breath,NonverbalTTS
raw_datasets/NonverbalTTS/id06111/id06111_neutral_02_00270.wav,our clubhouse  and inside this organization that I believe line up  with how mister Dewey.,Nonverbal_id06111,neutral_breath,NonverbalTTS
raw_datasets/NonverbalTTS/id08840/id08840_happy_02_00271.wav,These interviews are a tiny part of my life.  So the big part is actually out there playing and winning matches.,Nonverbal_id08840,happy_laugh,NonverbalTTS
raw_datasets/NonverbalTTS/ex02/ex02_happy_02_00272.wav,You  really know your stuff.,Nonverbal_ex02,happy_laugh,NonverbalTTS
raw_datasets/NonverbalTTS/id10078/id10078_happy_02_00273.wav,And I was sitting in the sofa and he was over in a shot and in my lap. 👃 And it really wasn't frightening. The roar was frightening because it was so loud.,Nonverbal_id10078,happy_laugh,NonverbalTTS
raw_datasets/NonverbalTTS/id10907/id10907_happy_02_00274.wav,So I went back to Europe where I had started modeling my last semester when I studied abroad  and I was doing the lowest rung of modeling. I was a fit model which is basically being a human hanger for designers when they want to see if the  clothes look good on a body and what they've designed on paper and in their head actually walks and moves.,Nonverbal_id10907,happy_breath,NonverbalTTS
raw_datasets/NonverbalTTS/ex04/ex04_other_02_00275.wav,"Huh?  Good boy. Yeah, you gotta drop it. You gotta drop it. No.",Nonverbal_ex04,other_breath,NonverbalTTS
raw_datasets/NonverbalTTS/id07517/id07517_neutral_02_00276.wav,Go against. Who are you taking out to win that title?,Nonverbal_id07517,neutral_breath,NonverbalTTS
raw_datasets/NonverbalTTS/id10846/id10846_neutral_02_00278.wav,"oo, you step onto the set and you feel like you are in the world of Ripper.  And what's lovely about this show is that the writing does it. All the actors that",Nonverbal_id10846,neutral_breath,NonverbalTTS
raw_datasets/NonverbalTTS/ex03/ex03_sad_02_00279.wav,It's going to take some time. That's all  I can do.,Nonverbal_ex03,sad_breath,NonverbalTTS
raw_datasets/NonverbalTTS/id10664/id10664_other_02_00280.wav,"I don't know, you know, I think in some ways it was like they were like, ah, you know, screen test is okay, but he's.",Nonverbal_id10664,other_breath,NonverbalTTS
raw_datasets/NonverbalTTS/id11032/id11032_other_02_00281.wav,"They send me lovely messages on Twitter and I just go like,  they don't know how much.",Nonverbal_id11032,other_breath,NonverbalTTS
raw_datasets/NonverbalTTS/ex04/ex04_disgusted_02_00282.wav,"Yeah, they definitely connect because we did not eat mac and cheese. 😖",Nonverbal_ex04,disgusted,NonverbalTTS
raw_datasets/NonverbalTTS/ex03/ex03_neutral_02_00283.wav,"Now, I feel like it would be helpful to  understand  the origins of hot yoga. So  I'm going to tell you a brief history of hot yoga. Now, of course, it started with Bikram.",Nonverbal_ex03,neutral_breath,NonverbalTTS
raw_datasets/NonverbalTTS/id04179/id04179_neutral_02_00284.wav,"for a while. And then we did two more albums. We kept, kept powering through and, you know,  and now John is back and we're doing it more the way we want to do it. More like a tour.",Nonverbal_id04179,neutral_breath,NonverbalTTS
raw_datasets/NonverbalTTS/ex01/ex01_sad_02_00286.wav,"No, your mind is in the gutter, man. What the hell?  Jeez. Jeez, though.  What is the idea? But, um, I think I'm gonna play the, uh,",Nonverbal_ex01,sad_breath,NonverbalTTS
raw_datasets/NonverbalTTS/id07346/id07346_neutral_02_00287.wav,"For the economy.  The biggest thing about the economy is when we ask them,  you know, what effect will all of these cuts have on the economy if they're all adopted? What assumptions did you use? What will happen?",Nonverbal_id07346,neutral_breath,NonverbalTTS
raw_datasets/NonverbalTTS/id07429/id07429_neutral_02_00288.wav,I don't think so. I think what it was for me was a surprise because 🗣️ two things came together that I wasn't expecting.,Nonverbal_id07429,neutral,NonverbalTTS
raw_datasets/NonverbalTTS/id01353/id01353_happy_02_00289.wav,"I hate to admit that, but   no, it's just, you know, we do all we can.",Nonverbal_id01353,happy_breath,NonverbalTTS
raw_datasets/NonverbalTTS/id10778/id10778_happy_02_00290.wav,It's a love story. It's about  love and what people do when they fall in love and what love makes people.,Nonverbal_id10778,happy_breath,NonverbalTTS
raw_datasets/NonverbalTTS/id04167/id04167_neutral_02_00291.wav,"At the start of the summer,  Erin Morgan, one day, captain, sat us all down and said how he wanted to go.",Nonverbal_id04167,neutral_breath,NonverbalTTS
raw_datasets/NonverbalTTS/id10353/id10353_neutral_02_00292.wav,"For me, I was most concerned with making Dido.",Nonverbal_id10353,neutral_breath,NonverbalTTS
raw_datasets/NonverbalTTS/ex01/ex01_happy_02_00293.wav,"You don't want them to see it, dick.",Nonverbal_ex01,happy_laugh,NonverbalTTS
raw_datasets/NonverbalTTS/ex04/ex04_happy_02_00294.wav,"I don't know where my owner is, no,  but I'm having a great day at the park.",Nonverbal_ex04,happy_breath,NonverbalTTS
raw_datasets/NonverbalTTS/id05453/id05453_neutral_02_00295.wav,"Yes, it's out thinking.  And there was a, 🗣️ in the course of writing that article, there was a little fact  which stuck in my head, which is that if you look at battles, battles, wars between",Nonverbal_id05453,neutral_breath,NonverbalTTS
raw_datasets/NonverbalTTS/ex03/ex03_happy_02_00296.wav,"Did you purchase a doll  at a store called ""Toys and Treasures""?",Nonverbal_ex03,happy_laugh,NonverbalTTS
raw_datasets/NonverbalTTS/ex03/ex03_happy_02_00297.wav,"And then the look in his face when he came out and he tried to make light of it.  He's like, it was just so freaking awkward.",Nonverbal_ex03,happy_breath,NonverbalTTS
raw_datasets/NonverbalTTS/id04358/id04358_neutral_02_00298.wav,"Respecting, of course, the national level, but accepting that we have to share sovereignty for those purposes. That is why  the monetary union and economic union are also linked with further",Nonverbal_id04358,neutral_breath,NonverbalTTS
raw_datasets/NonverbalTTS/ex04/ex04_happy_02_00299.wav,"Sorry, I can't answer that question, but today in Marion,  it'll  be sunny and temperatures should go from seventy to ninety eight.",Nonverbal_ex04,happy_laugh,NonverbalTTS
raw_datasets/NonverbalTTS/id04493/id04493_other_02_00300.wav,"This is the shit.  I mean,  three great bands. I'm big fan of our Swedish brothers, Crash Diet and Hardcore Superstar, and I'm really  happy to be on this tour. And in general, this package is really cool I men.",Nonverbal_id04493,other_breath,NonverbalTTS
raw_datasets/NonverbalTTS/ex04/ex04_sad_02_00301.wav,I wish I had just used the broom in the first place because then I would have had to touch it.  Now it's all over my fingers. 😖,Nonverbal_ex04,sad,NonverbalTTS
raw_datasets/NonverbalTTS/id03248/id03248_neutral_02_00302.wav,I'm  🗣️ old fashioned. What happened on the beach is set to the beach and I'm  and that type of person.,Nonverbal_id03248,neutral_breath,NonverbalTTS
raw_datasets/NonverbalTTS/id10726/id10726_neutral_02_00303.wav,"And I certainly made mine. That was part of the mistake.  The other part was I didn't pay attention to the material because once you get yourself locked onto one need that you think you have, which was the security of the job and having the job to go to every day, which I love, and the economic false security because I wasn't in trouble. I was doing fine.",Nonverbal_id10726,neutral_breath,NonverbalTTS
raw_datasets/NonverbalTTS/id09046/id09046_neutral_02_00304.wav,"Doing contact app, but because of that we need to be really careful, but  but of course and as well.",Nonverbal_id09046,neutral_breath,NonverbalTTS
raw_datasets/NonverbalTTS/id05856/id05856_neutral_02_00305.wav,"Yes, it's true that he's very young, but from the beginning of the season,  he worked very hard to and wait his opportunity and today, right opportunity.",Nonverbal_id05856,neutral_breath,NonverbalTTS
raw_datasets/NonverbalTTS/ex01/ex01_other_02_00306.wav,"I gotta, I gotta,  I gotta do what I'm,",Nonverbal_ex01,other_breath,NonverbalTTS
raw_datasets/NonverbalTTS/ex03/ex03_other_02_00307.wav,"But my God, that I wanted to hedge up so bad. It was  it was like they had four weeks of paid vacation. And 😤 look, I can't tell you what industry it was in because I signed NDAs, but.",Nonverbal_ex03,other_breath,NonverbalTTS
raw_datasets/NonverbalTTS/id03425/id03425_happy_02_00308.wav,You're always going to be able to come back and I've done it twice. Hopefully I don't  have to do it a third.,Nonverbal_id03425,happy_laugh,NonverbalTTS
raw_datasets/NonverbalTTS/ex03/ex03_happy_02_00309.wav,Reva ordered  the cremation?,Nonverbal_ex03,happy_laugh,NonverbalTTS
raw_datasets/NonverbalTTS/ex04/ex04_happy_02_00310.wav,"She does like everybody's makeup, you know, and  and all the celebrities, and she's going to do mine on my big day. 😤 I just can't wait. It's going to be a really, really wonderful day, and I'm so glad you're going to be there to.",Nonverbal_ex04,happy_breath,NonverbalTTS
raw_datasets/NonverbalTTS/id10532/id10532_other_02_00311.wav,"Yes, that was five months in the Outlaw Inn, Kallas Belmont.",Nonverbal_id10532,other_breath,NonverbalTTS
raw_datasets/NonverbalTTS/id07429/id07429_neutral_02_00312.wav,"He's the only person that claimed he'd seen the dragon. Nobody believes him,  but they like him.",Nonverbal_id07429,neutral_breath,NonverbalTTS
raw_datasets/NonverbalTTS/id07429/id07429_sad_02_00313.wav,Because I was in a pretty bad way as a young guy.,Nonverbal_id07429,sad_breath,NonverbalTTS
raw_datasets/NonverbalTTS/id01680/id01680_neutral_02_00314.wav,"You know, it's all Paris Hilton and what are you wearing? And  you know,  like a G six, it's all like we've lost kind.",Nonverbal_id01680,neutral_breath,NonverbalTTS
raw_datasets/NonverbalTTS/ex01/ex01_sad_02_00315.wav,"Okay,  I have the K95 masks that we 👃 can do the K95 and we got hazmats.",Nonverbal_ex01,sad_breath,NonverbalTTS
raw_datasets/NonverbalTTS/id10038/id10038_happy_02_00316.wav,"It brought me in initially to for the Laura and Mary Reeves, they were seeing everyone. I mean, this was one of those epics like Search for Scarlet  O'Hara.",Nonverbal_id10038,happy_laugh,NonverbalTTS
raw_datasets/NonverbalTTS/id08282/id08282_neutral_02_00317.wav,"I'm like this. I'm sorry, but I'm a little bit paternalist.   I need the morale.",Nonverbal_id08282,neutral_breath,NonverbalTTS
raw_datasets/NonverbalTTS/id11129/id11129_neutral_02_00318.wav,Making a movie now. And I know like all these different appearances and all these different things that we do.  It's a business and on top of it you have a lot of fun.,Nonverbal_id11129,neutral_breath,NonverbalTTS
raw_datasets/NonverbalTTS/id01581/id01581_happy_02_00319.wav,"DI don't believe in all that kind of  thing. No offense, but yes, I don't believe in all the Sadhu Matma or all these people. I believe in Kya.",Nonverbal_id01581,happy_breath,NonverbalTTS
raw_datasets/NonverbalTTS/id08499/id08499_neutral_02_00320.wav,"How many people have asked me, did you have that eureka moment? Well, actually, it's a very rare commodity.  Sitting in a bath for hours and end playing with your rubber duck  is not going to give you that eureka moment. It might shrivel you up a bit and your rubber duck as well,  but it's unlikely you're going to have that eureka moment.  For me, I've never really had an original idea. I look at other people's ideas and I execute them. If I stayed in that bath,  I'd be so shriveled now.",Nonverbal_id08499,neutral_breath,NonverbalTTS
raw_datasets/NonverbalTTS/id04229/id04229_neutral_02_00321.wav,"😷 That because of our way of bringing innovation and process change to governments,  which can change their standard of living, their education, their business models, their industry,  innovation, et cetera, within it.  And when you talk with government leaders, as long as you take a step back and educate them  about the challenges when you start to regulate something that has become great because of not being regulated hey.",Nonverbal_id04229,neutral_breath,NonverbalTTS
raw_datasets/NonverbalTTS/id10921/id10921_neutral_02_00322.wav,"And that's the only frustrating part is that I find it tends to be the thing with the internet that we didn't kind of used to have, which is  I think people feel more ownership over everything and they feel like they're getting so much information that they.",Nonverbal_id10921,neutral_breath,NonverbalTTS
raw_datasets/NonverbalTTS/id03028/id03028_neutral_02_00323.wav,went after that.  So the imprisonment itself was a,Nonverbal_id03028,neutral_breath,NonverbalTTS
raw_datasets/NonverbalTTS/id00358/id00358_neutral_02_00324.wav,"The world have been  staggered by the numbers that turn up, particularly at home and away, where Film Stadium is still home and away.  🗣️",Nonverbal_id00358,neutral_breath,NonverbalTTS
raw_datasets/NonverbalTTS/ex04/ex04_happy_02_00325.wav,"I mean, like, some eggs, Benny, could be good, or... Perfect, then let's go. That sounds amazing. I could use some breakfast potatoes.  Yeah.",Nonverbal_ex04,happy_laugh,NonverbalTTS
raw_datasets/NonverbalTTS/ex01/ex01_sad_02_00326.wav,Wipe the tears from your eyes.  Take a breath in and a breath out.,Nonverbal_ex01,sad_breath,NonverbalTTS
raw_datasets/NonverbalTTS/id01234/id01234_happy_02_00328.wav,"Be honest, just a party with my cast members because we all get, we just wrap, so  I haven't seen them in like a week, so we're just gonna hang out and have a good time. And   I don't know, it's just an exciting event to be a part of. It's just very inspiring.",Nonverbal_id01234,happy_breath,NonverbalTTS
raw_datasets/NonverbalTTS/id04588/id04588_neutral_02_00329.wav,"It may be at a local level, because, you know, but we may or may not ️ ever know who is behind it.  But look at those signs. I mean, talk about illiteracy.  Silence equals violence.",Nonverbal_id04588,neutral_breath,NonverbalTTS
raw_datasets/NonverbalTTS/id11028/id11028_neutral_02_00330.wav,I was curious to see what it'd be like working with this with a studio.,Nonverbal_id11028,neutral_breath,NonverbalTTS
raw_datasets/NonverbalTTS/id07256/id07256_happy_02_00331.wav,"She's fundamentally happy. She's  got a, she has a great when we first meet her, she has a.",Nonverbal_id07256,happy_laugh,NonverbalTTS
raw_datasets/NonverbalTTS/id06435/id06435_neutral_02_00332.wav,"You know,  put some runs on the board with a big hit. We just couldn't get.",Nonverbal_id06435,neutral_breath,NonverbalTTS
raw_datasets/NonverbalTTS/id06948/id06948_neutral_02_00333.wav,"You will be shot if you run away from the front lines. That's true in a lot of armies,  right?  So I think he.",Nonverbal_id06948,neutral_breath,NonverbalTTS
raw_datasets/NonverbalTTS/id10852/id10852_happy_02_00334.wav,"I would have ended up performing Zoo Story to myself,  you know, every night.",Nonverbal_id10852,happy_laugh,NonverbalTTS
raw_datasets/NonverbalTTS/ex01/ex01_neutral_02_00335.wav,you served? Ugh. 😤,Nonverbal_ex01,neutral,NonverbalTTS
raw_datasets/NonverbalTTS/id04458/id04458_happy_02_00336.wav,"Why don't you do the same thing that you did in rehearsal? Say, well, you know, I'm not a robot, you know,  sometimes like this and sometimes it's like that. 👃  And I say, well, okay. I say, but I can do another one, another take if you want to.  So we started on that little game together.",Nonverbal_id04458,happy_breath,NonverbalTTS
raw_datasets/NonverbalTTS/id04080/id04080_neutral_02_00337.wav,"Yeah, couple turnovers and then we hit the threes at the same time. So  it wasn't all the press, but we, we, you know,w",Nonverbal_id04080,neutral_breath,NonverbalTTS
raw_datasets/NonverbalTTS/id03042/id03042_other_02_00338.wav,"And they're clapping and applauding. And at the end, they turn and say, oh my God,  that was amazing  because it, it.",Nonverbal_id03042,other_breath,NonverbalTTS
raw_datasets/NonverbalTTS/id10941/id10941_happy_02_00339.wav,"And if he wants a knife or he wants a sword, he wants a knife.  ️ So these sort of nuances and these small details make a big difference  between making a good film and a great film  and becoming a good actor to a great actor.  And I think that's something where Kamilser has definitely imbibed and sort of ensconced in himself.",Nonverbal_id10941,happy_breath,NonverbalTTS
raw_datasets/NonverbalTTS/ex01/ex01_happy_02_00340.wav,"You kind of sound like...  Hey, do you remember that one?  Do you remember the Scooby Doo live action film   with Velma in the leather pants?",Nonverbal_ex01,happy_breath,NonverbalTTS
raw_datasets/NonverbalTTS/ex01/ex01_sad_02_00341.wav,"Mm hmm. Oh, and the music's gonna sound so good.  That place was designed for music, you know, so your voice could, like, carry to the back seats.",Nonverbal_ex01,sad_breath,NonverbalTTS
raw_datasets/NonverbalTTS/ex01/ex01_neutral_02_00342.wav,"But I want to talk about, there was  this one time, 🗣️ I one of my rare days off  with",Nonverbal_ex01,neutral_breath,NonverbalTTS
raw_datasets/NonverbalTTS/id06936/id06936_neutral_02_00343.wav,I told every every one of my friends.  I said the best way to describe Joe Dimaggio.,Nonverbal_id06936,neutral_breath,NonverbalTTS
raw_datasets/NonverbalTTS/ex01/ex01_sad_02_00344.wav,Or the surfboard shop Or  you know the pier All of these  Things start to come to life And  With that coming to life So too did the  The ocean,Nonverbal_ex01,sad_breath,NonverbalTTS
raw_datasets/NonverbalTTS/id10261/id10261_neutral_02_00345.wav,"🗣️ It's a stripped down revved up rock and roll record, executive produced by Brian Setzer from The Stray Cats.  So it's kind of going against the grain of of",Nonverbal_id10261,neutral_breath,NonverbalTTS
raw_datasets/NonverbalTTS/ex02/ex02_sad_02_00346.wav,"👃 Yeah, it's just like one of the last things that I had of hers.",Nonverbal_ex02,sad_breath,NonverbalTTS
raw_datasets/NonverbalTTS/ex02/ex02_sad_02_00347.wav,"you know, effervescent character that turns it all around and 👃 owns the stage with their force and I just... I...",Nonverbal_ex02,sad_breath,NonverbalTTS
raw_datasets/NonverbalTTS/ex04/ex04_sad_02_00348.wav,"Cry away, please. I when my cat passed away, I cried a lot.  Yeah.",Nonverbal_ex04,sad_breath,NonverbalTTS
raw_datasets/NonverbalTTS/id11021/id11021_other_02_00349.wav,"You know, he takes care of you, he makes sure you're healthy all the time, going to bed, you know, making sure you're drinking enough water, all that kind of stuff. But  for Tahiro, Baymax is, you know, a representation of his older brother. And you'll see that in the film. And Baymax is, Baymax is a very special character. People are going to.",Nonverbal_id11021,other_breath,NonverbalTTS
raw_datasets/NonverbalTTS/id03894/id03894_other_02_00350.wav,"You know, we had three victories and  and we wanted to get on a roll and play well, but  you know, we came in, we played face a team that obviously looked like and played like they wanted it a little bit more tonight. So  I mean, there's still too much basketball still to be played and we still play these guys again. So it's not like, you know, we're down two one in the series, we have another home game with them. So  there's still a lot of basketball to be played and they have to play it and so do we.",Nonverbal_id03894,other_breath,NonverbalTTS
raw_datasets/NonverbalTTS/ex03/ex03_happy_02_00351.wav,I'm astonished by this decision.,Nonverbal_ex03,happy_laugh,NonverbalTTS
raw_datasets/NonverbalTTS/ex04/ex04_neutral_02_00352.wav,"Well,  maybe I should just return it? I don't know. I think maybe...",Nonverbal_ex04,neutral_breath,NonverbalTTS
raw_datasets/NonverbalTTS/id02902/id02902_other_02_00353.wav,"That 🗣️ for me in my mind, that was one reason I was,  you know, kind of contemplating bunny.",Nonverbal_id02902,other_breath,NonverbalTTS
raw_datasets/NonverbalTTS/id06696/id06696_happy_02_00354.wav,"Iwas sending him an email saying,  Hey, if you want me to don the blonde wig and pointed ears again at any time, you know, I'd be happy to.",Nonverbal_id06696,happy_breath,NonverbalTTS
raw_datasets/NonverbalTTS/ex03/ex03_happy_02_00355.wav,"Well,  I to be honest, I was kind of worried for the safety. I had a panic moment. I thought we'd have to call  call the paramedics in.",Nonverbal_ex03,happy_breath,NonverbalTTS
raw_datasets/NonverbalTTS/id07617/id07617_sad_02_00356.wav,"And it was literally kind of over the  next few days my life completely changed. And  it was yeah, it was a real adjustment.",Nonverbal_id07617,sad_breath,NonverbalTTS
raw_datasets/NonverbalTTS/id10607/id10607_neutral_02_00357.wav,One of the teachers or the wife of one of the teachers  at a boarding school.,Nonverbal_id10607,neutral_breath,NonverbalTTS
raw_datasets/NonverbalTTS/id05049/id05049_neutral_02_00358.wav,"technologies.  m And of course, it's not helping the young generation.",Nonverbal_id05049,neutral_breath,NonverbalTTS
raw_datasets/NonverbalTTS/ex01/ex01_other_02_00359.wav,"Well, thank God I've been freaking acting, huh? Not acting. I've been working out. I've never acted one day in my life. 😤 Okay, okay, okay, okay, okay, okay.",Nonverbal_ex01,other,NonverbalTTS
raw_datasets/NonverbalTTS/ex04/ex04_happy_02_00360.wav,We don't revolve around you.,Nonverbal_ex04,happy_laugh,NonverbalTTS
raw_datasets/NonverbalTTS/ex03/ex03_happy_02_00361.wav,"All right, you know what? If you ever mention his farts again, I'm quitting. Like,  I'm working out right now.  There's a...",Nonverbal_ex03,happy_breath,NonverbalTTS
raw_datasets/NonverbalTTS/ex03/ex03_sad_02_00362.wav,It's not a raccoon. I know what a raccoon sounds like. It wasn't a raccoon. It was  something man made. I know that for sure.,Nonverbal_ex03,sad_breath,NonverbalTTS
raw_datasets/NonverbalTTS/ex01/ex01_sad_02_00363.wav,"Oh, okay, so... On my knees... Uh... Oh...  I think I'm doing this wrong.",Nonverbal_ex01,sad_breath,NonverbalTTS
raw_datasets/NonverbalTTS/ex03/ex03_happy_02_00364.wav,Shut  it off.,Nonverbal_ex03,happy_laugh,NonverbalTTS
raw_datasets/NonverbalTTS/ex04/ex04_happy_02_00365.wav,"It's true.  You spoke right to my heart.  My goodness, I cannot wait. Shall we jog the rest of the hike?  I think we might have to.",Nonverbal_ex04,happy_breath,NonverbalTTS
raw_datasets/NonverbalTTS/id07341/id07341_other_02_00366.wav,"partly wishing I had been a little bit more inquisitive of people,  and yes,  recognising in those years of two, five, six and seven  that there was something smelly  happening in the financial world. But 😷",Nonverbal_id07341,other_breath,NonverbalTTS
raw_datasets/NonverbalTTS/id10103/id10103_neutral_02_00367.wav,"But that's not a great load for her to carry because she's so incredibly resilient because of that upbringing,  because of where they lived in a remote part of the coastline.  And",Nonverbal_id10103,neutral_breath,NonverbalTTS
raw_datasets/NonverbalTTS/ex01/ex01_disgusted_02_00368.wav,Feel them wriggling through the leather.,Nonverbal_ex01,disgusted_breath,NonverbalTTS
raw_datasets/NonverbalTTS/id08079/id08079_neutral_02_00370.wav,"So look, I could start talking to you about the detail of cap. I don't want to do that because I'd rather invite questions.",Nonverbal_id08079,neutral_breath,NonverbalTTS
raw_datasets/NonverbalTTS/id05376/id05376_happy_02_00373.wav,"You know, of the Gibson factory and then we went upstairs and I see it in its case. It hasn't been opened yet.  Walked over, tried to open. He's like, no, no, no, no. Before you open it, you have to do an interview for Gibson dot com",Nonverbal_id05376,happy_breath,NonverbalTTS
raw_datasets/NonverbalTTS/ex01/ex01_happy_02_00374.wav,"The ""MV Agusta Brutale thirty seven""  is fitted with an upside down fork,  and shock absorber with hydraulic response.",Nonverbal_ex01,happy_breath,NonverbalTTS
raw_datasets/NonverbalTTS/ex02/ex02_happy_02_00375.wav,"Are you asking about  O Brother, Where Art Thou?",Nonverbal_ex02,happy_laugh,NonverbalTTS
raw_datasets/NonverbalTTS/id04372/id04372_neutral_02_00376.wav,"You are still going to have the plants that are your opening today.  This is why you have to plan with an eye on twenty one hundred, not  on twenty fif",Nonverbal_id04372,neutral_breath,NonverbalTTS
raw_datasets/NonverbalTTS/ex03/ex03_other_02_00377.wav,"Our.  You take like 40 minutes in the shower. Why don't you let me brush my teeth first, all right?",Nonverbal_ex03,other_breath,NonverbalTTS
raw_datasets/NonverbalTTS/id07469/id07469_happy_02_00378.wav,He's an expert on behavior.  And I just thought it was lovely the day I met him that he got off a bus.,Nonverbal_id07469,happy_breath,NonverbalTTS
raw_datasets/NonverbalTTS/id11060/id11060_other_02_00379.wav,"In situations, but like,  you know, more than anything, I just wanted it to be funny. I wanted to, I was like, we're going to do this. Like, let's not embarrass ourselves. None of us have to do this movie. I wanted Stifler to be funny. For me, that was like the biggest thing. It was like, you know, this character gave me a career. I'm always going to be known as this character. So if I'm going to go out, I'm going to go out with a bang  and I want him to be memorable.",Nonverbal_id11060,other_breath,NonverbalTTS
raw_datasets/NonverbalTTS/ex02/ex02_happy_02_00380.wav,But we tried that and it didn't work.,Nonverbal_ex02,happy_breath,NonverbalTTS
raw_datasets/NonverbalTTS/id05926/id05926_other_02_00382.wav,"For you  But for some people, when they have that trigger of alcohol, their vessels dilate so much that they have a rush of blood, especially to their legs and to their feet. And so it gets very hot and begins to tingle because of the heat that's being released.",Nonverbal_id05926,other_breath,NonverbalTTS
raw_datasets/NonverbalTTS/id05276/id05276_other_02_00383.wav,"two hundred people are now known to have died following the wildfires in Australia.  Police say that number is expected to rise still further.  People should be able to veto excessive rises in their council tax, say the Conservatives. The proposals for local referendums  on council tax are part of a series",Nonverbal_id05276,other_breath,NonverbalTTS
raw_datasets/NonverbalTTS/ex03/ex03_neutral_02_00384.wav,"Well, you know, he was, uh,  he was just always the center of attention. Like, remember he would like, he'd be like singing those show tunes and he'd run through the halls and he'd be, he'd like be throwing glitter around. Like he was,",Nonverbal_ex03,neutral_breath,NonverbalTTS
raw_datasets/NonverbalTTS/ex01/ex01_happy_02_00385.wav,"It's awesome. I'm so lucky to be in this position.  I get to do a lot of audiobooks,  so that pays my rent.  I was talking with a friend about, like, I don't know about",Nonverbal_ex01,happy_breath,NonverbalTTS
raw_datasets/NonverbalTTS/id07212/id07212_neutral_02_00386.wav,😷 We didn't seem to have much energy and they were much more energetic than we were.,Nonverbal_id07212,neutral,NonverbalTTS
raw_datasets/NonverbalTTS/id08726/id08726_neutral_02_00387.wav,"Is laying there on the floor and it's just filling up with my own blood. You know,  I just won the biggest race of my career, the Dolphin A just a few days before and I was basically.",Nonverbal_id08726,neutral_breath,NonverbalTTS
raw_datasets/NonverbalTTS/id01723/id01723_neutral_02_00388.wav,"Those characters. Im  I kind of, there's a relatable quality to them, but they are entirely like they're aspirational the.",Nonverbal_id01723,neutral_breath,NonverbalTTS
raw_datasets/NonverbalTTS/id10952/id10952_other_02_00389.wav,"Them  hat are very, very funny about Jim's ethics.",Nonverbal_id10952,other_breath,NonverbalTTS
raw_datasets/NonverbalTTS/ex01/ex01_sad_02_00390.wav,I  thought it started because  a bunch of hot people would get together  in a really hot  and sweaty environment that ever,Nonverbal_ex01,sad_breath,NonverbalTTS
raw_datasets/NonverbalTTS/id02721/id02721_happy_02_00391.wav,"😷 then I remember briefly  the time that he dated Eve as well, because Eve and I did a song together, and I think that was around the time they were dating, but you know,  nothing super crazy that I've witnessed, you know, but he's definitely always been the same  personality that that people.",Nonverbal_id02721,happy_breath,NonverbalTTS
raw_datasets/NonverbalTTS/ex01/ex01_happy_02_00392.wav,"Okay, gotcha. Well, thank you. I think I'm going to go to London now.  Yep, just I need to work a couple more months to save up the pay and then I'll get there.",Nonverbal_ex01,happy_laugh,NonverbalTTS
raw_datasets/NonverbalTTS/id08437/id08437_neutral_02_00393.wav,"And so, he, she said, look, if you want to use his apartment, he owes me. And I went in, loved it. I mean, it was  listen, Trump's apartment, which is, uh,",Nonverbal_id08437,neutral_breath,NonverbalTTS
raw_datasets/NonverbalTTS/id06676/id06676_other_02_00394.wav,"make up its mind or didn't decide one way or the other and asked both countries to stand still and give it time to decide. Hyderabad and Junagad at that point in time had opted to go with Pakistan.  Of course, that was it was it was unfeasible and certain developments took place which obviously meant that Hyderabad and Junagad merged into India.  Jamun Kushma.",Nonverbal_id06676,other_breath,NonverbalTTS
raw_datasets/NonverbalTTS/id10361/id10361_neutral_02_00395.wav,"You know, we invented recording,  you know, one hundred something years ago.",Nonverbal_id10361,neutral_breath,NonverbalTTS
raw_datasets/NonverbalTTS/ex02/ex02_happy_02_00396.wav,"Being in a community of people  with improv and sketch and doing all of that and knowing that,  again, it's like, you know, it's the baby step of if I can do this, what else can be accomplished?",Nonverbal_ex02,happy_breath,NonverbalTTS
raw_datasets/NonverbalTTS/id01880/id01880_neutral_02_00397.wav,"We held on to our seat. It would have been nice to get another. As you know very well, Steve, it's always hard in government to win by elections.  We won half.",Nonverbal_id01880,neutral_breath,NonverbalTTS
raw_datasets/NonverbalTTS/ex01/ex01_neutral_02_00399.wav,"Oh, so, you know what? Never mind.  We can take our revenge.",Nonverbal_ex01,neutral_breath,NonverbalTTS
raw_datasets/NonverbalTTS/ex03/ex03_other_02_00400.wav,"six years of experience and they only needed four. I've got a master's degree  and  I don't know why, I just choked up when they were asking those questions they.",Nonverbal_ex03,other_breath,NonverbalTTS
raw_datasets/NonverbalTTS/ex04/ex04_happy_02_00401.wav,"Garam masala. G A R A M masala. Yeah, like masala, chicken tikka masala kind of thing. Yeah. It's a simple spice, pretty straightforward. You throw it in, you start your pan with some hot oil.  You put in some,",Nonverbal_ex04,happy_breath,NonverbalTTS
raw_datasets/NonverbalTTS/ex03/ex03_other_02_00402.wav,"You're right. You're right. I mean, any children's birthday party, you're going to see some,  you know...",Nonverbal_ex03,other_breath,NonverbalTTS
raw_datasets/NonverbalTTS/id10977/id10977_happy_02_00403.wav,Come from my humble beginnings  to demanding champagne on private. It's the funny side of.,Nonverbal_id10977,happy_breath,NonverbalTTS
raw_datasets/NonverbalTTS/id04589/id04589_neutral_02_00404.wav,in line with  what Roddenberry was trying to achieve.,Nonverbal_id04589,neutral_breath,NonverbalTTS
raw_datasets/NonverbalTTS/id10525/id10525_neutral_02_00405.wav,"I'm probably getting it wrong, but it's just aired this month.  She takes us on a world tour. And  I don't know if I know anybody plus with all the idle stuff. I don't know of anybody who really works as hard as she does. And",Nonverbal_id10525,neutral_breath,NonverbalTTS
raw_datasets/NonverbalTTS/ex01/ex01_sad_02_00406.wav,What helps me when I'm in  a really sad space after I also lost a pet was I  sat and talked about  some of my favorite memories I've had.,Nonverbal_ex01,sad_breath,NonverbalTTS
raw_datasets/NonverbalTTS/id04995/id04995_neutral_02_00407.wav,"Well, people think I am grumpy.",Nonverbal_id04995,neutral_breath,NonverbalTTS
raw_datasets/NonverbalTTS/ex03/ex03_other_02_00409.wav,"Deal. Let's do that.  Yeah. Well, what's calling out to you? Like, what's on your list?",Nonverbal_ex03,other_breath,NonverbalTTS
raw_datasets/NonverbalTTS/ex01/ex01_sad_02_00410.wav,"We came,  we saw,  we kicked butt!",Nonverbal_ex01,sad_breath,NonverbalTTS
raw_datasets/NonverbalTTS/ex04/ex04_happy_02_00411.wav,"Yeah, he told me to not ever  take a cab again in the town.   Yeah.",Nonverbal_ex04,happy_breath,NonverbalTTS
raw_datasets/NonverbalTTS/id10326/id10326_other_02_00412.wav,"But Phil 🗣️ knew it by he did sounds,  which was  an interesting thing.",Nonverbal_id10326,other_breath,NonverbalTTS
raw_datasets/NonverbalTTS/ex01/ex01_happy_02_00413.wav,"Oh man, another great day of getting my hands covered in grease and oil as we work at this car wash and then getting berated by these freaking parents who don't know that I'm teaching their children. Ugh. 😤",Nonverbal_ex01,happy,NonverbalTTS
raw_datasets/NonverbalTTS/id04742/id04742_neutral_02_00415.wav,"Feet manage me right now, young money,  but I'm also managed by Bee Rich also.",Nonverbal_id04742,neutral_breath,NonverbalTTS
raw_datasets/NonverbalTTS/id11142/id11142_neutral_02_00416.wav,A true historical event. I was actually quite embarrassed with it myself because I love.,Nonverbal_id11142,neutral_breath,NonverbalTTS
raw_datasets/NonverbalTTS/id10693/id10693_neutral_02_00418.wav,I'm winning people round. I want to win people round. I just want to make the situation believable.  But I don't think you can say.,Nonverbal_id10693,neutral_breath,NonverbalTTS
raw_datasets/NonverbalTTS/ex01/ex01_happy_02_00420.wav,"ghost labradoodle kind of thing?  Or is it like a,  just a tiny little shih tzu?  Haha, you see the play on words there. Um, 😷 hm.",Nonverbal_ex01,happy_breath,NonverbalTTS
raw_datasets/NonverbalTTS/id03866/id03866_other_02_00421.wav,"That that they'd cast Dragonheart and the guy who was playing the part I eventually played had had a better offer, he thought, in a film that was going to be a huge success.  So he'd cut out of Dragonheart and he went to do Cutthroat Island.",Nonverbal_id03866,other_breath,NonverbalTTS
raw_datasets/NonverbalTTS/id09088/id09088_other_02_00422.wav,"o a hear how all this stuff falls together in the way I play  it is check out my album Spellbound that was just released december fifth, twenty twelve  and it was the whole thing was done with these guitars and stuff like this so it really shows you because it's got a lot of the what I'm kind of known for, you know, the neoclassical  stuff but it's also got some little Hendrixy cleaner sounds as well so it's got a lot of versatility, you know what's going on there. So check it out, Spellbound.",Nonverbal_id09088,other_breath,NonverbalTTS
raw_datasets/NonverbalTTS/id10957/id10957_happy_02_00423.wav,"You know, you had to do the training in the beginning. You'll have to go back and take the test and everything. He said, But if you want to be a firefighter, I'll make it easy for you.  And I, you know, I had to go home. I had to think about, you know, wow, that was the biggest honor I think anybody had ever bestowed on me. And I thought to myself, you know,  the money you make as an actor, the money you make as a firefighter, you know, maybe I can do more good for firefighters if I remain an actor ut a.",Nonverbal_id10957,happy_breath,NonverbalTTS
raw_datasets/NonverbalTTS/id07361/id07361_neutral_02_00424.wav,"Next thing you know,  you had Hendrix, Clapton, and Jimmy Page, and Jeff Beck,  and all of a sudden, then you had Eddie Van Allen down here reinvented the guitar.",Nonverbal_id07361,neutral_breath,NonverbalTTS
raw_datasets/NonverbalTTS/id08066/id08066_happy_02_00425.wav,"Honestly, had never done  a job like that and it was great to me to be part of something so exciting for a brief time.",Nonverbal_id08066,happy_laugh,NonverbalTTS
raw_datasets/NonverbalTTS/id06052/id06052_happy_02_00426.wav,"I think sometimes when you're a sarcastic human being, everyone thinks like, oh, you're being sarcastic. I was being one thousand percent honest.  And he said back to me, I know, but we just signed another sixty million dollars deal with E. And I went, well.",Nonverbal_id06052,happy_breath,NonverbalTTS
raw_datasets/NonverbalTTS/id04968/id04968_other_02_00428.wav,That's an adaptation. So  there's that and then another  sort of female driven crazy.,Nonverbal_id04968,other_breath,NonverbalTTS
raw_datasets/NonverbalTTS/id07522/id07522_happy_02_00429.wav,"It is one of my dreams. I would love to do that, but that's again something else. But on Terry's move, and you know, it's not very often when people ask you to dance in the movie  unless you're playing a dancer. And this was, but you know, in this way, it was a great way of portraying the folly, you know, the craziness.  ecause",Nonverbal_id07522,happy_breath,NonverbalTTS
raw_datasets/NonverbalTTS/id06415/id06415_happy_02_00430.wav,"And he's trying to express, he tries to express that  to the evil queen.  And, you know, because she's evil,  she doesn't really care.  m so thet",Nonverbal_id06415,happy_breath,NonverbalTTS
raw_datasets/NonverbalTTS/ex01/ex01_happy_02_00431.wav,"Oh, you'd be surprised. That guy's like, what, 5'3"", and he can fit an entire,  like, 12 000 calories in one sitting  oof",Nonverbal_ex01,happy_breath,NonverbalTTS
raw_datasets/NonverbalTTS/id07738/id07738_neutral_02_00432.wav,"I'm like, listen,  from a hero, I've compromised to be a villain and I'm not even getting work. 👃 So I was in a very tricky situation.  And then",Nonverbal_id07738,neutral_breath,NonverbalTTS
raw_datasets/NonverbalTTS/id11002/id11002_sad_02_00433.wav,👃 I'm thinking like what my actual purpose is and maybe just winning all the time isn't what's best for.,Nonverbal_id11002,sad,NonverbalTTS
raw_datasets/NonverbalTTS/ex02/ex02_neutral_02_00434.wav,"Very quick,  I guess.",Nonverbal_ex02,neutral_breath,NonverbalTTS
raw_datasets/NonverbalTTS/id03710/id03710_sad_02_00435.wav,I'm not sad about the fact that these questions are raised because the games are organized in something that is not a vacuum.  The games will be organized seven years after.,Nonverbal_id03710,sad_breath,NonverbalTTS
raw_datasets/NonverbalTTS/ex03/ex03_other_02_00436.wav,"😖 And look how crusty the steering wheel is.  Like, I can't even touch it. Like, I need gloves on just to touch it. It's like, yo, this cake dirt just, like, crumbled.  It's like the whole cloud, the whole...",Nonverbal_ex03,other_breath,NonverbalTTS
raw_datasets/NonverbalTTS/id09078/id09078_happy_02_00437.wav,"know, continued to believe in me and then to my fans who now, you know, who remember me from that,  it was just so long ago. Now it's so crazy, but  you know, now they're watching Chicago Med and I feel so connected to them because they've, they've watched me grow and then they've supported me,  you know, throughout my indie films and everything. It just feels so great to have that, that consistent support.",Nonverbal_id09078,happy_breath,NonverbalTTS
raw_datasets/NonverbalTTS/id10376/id10376_neutral_02_00439.wav,Events were just mind blowing actually and it's kind   just.,Nonverbal_id10376,neutral_breath,NonverbalTTS
raw_datasets/NonverbalTTS/ex03/ex03_happy_02_00440.wav,in this  dead mouth and there was just like this streak of blood across the floor  and like you know most people would be like  you know I'm gonna strangle you for that but  for some weird reason just  just,Nonverbal_ex03,happy_breath,NonverbalTTS
raw_datasets/NonverbalTTS/id06028/id06028_happy_02_00441.wav,"How,  what they were seeing  and how bad it was and all of it made me laugh so hard that I wet my pants.",Nonverbal_id06028,happy_breath,NonverbalTTS
raw_datasets/NonverbalTTS/id08887/id08887_neutral_02_00442.wav,"nineteen oh two, and in many ways India is home.  We've got a strong franchise in India, and we're looking forward to being part of India's gre",Nonverbal_id08887,neutral_breath,NonverbalTTS
raw_datasets/NonverbalTTS/ex01/ex01_sad_02_00443.wav,"And  just tell me what happened, all right?",Nonverbal_ex01,sad_breath,NonverbalTTS
raw_datasets/NonverbalTTS/ex02/ex02_sad_02_00444.wav,"Yeah, I don't know. The white onions always get me. Oh.",Nonverbal_ex02,sad_breath,NonverbalTTS
raw_datasets/NonverbalTTS/id02062/id02062_happy_02_00445.wav,"Well, I'm currently single, but let's not get into all that right now.  Is it true?",Nonverbal_id02062,happy_laugh,NonverbalTTS
raw_datasets/NonverbalTTS/id08606/id08606_neutral_02_00446.wav,"In a couple of years,  twon thirteen was a year of tremendous.",Nonverbal_id08606,neutral_breath,NonverbalTTS
raw_datasets/NonverbalTTS/id10440/id10440_happy_02_00447.wav,"But I mean, that's what I call champagne problems. When I was in theater school going, I wonder if anyone's going to hire me. I never thought it.",Nonverbal_id10440,happy_laugh,NonverbalTTS
raw_datasets/NonverbalTTS/id04265/id04265_neutral_02_00448.wav,Everybody knows the Holocaust existed.  So there's a ray of hope.,Nonverbal_id04265,neutral_breath,NonverbalTTS
raw_datasets/NonverbalTTS/id05804/id05804_other_02_00449.wav,"Of course, we know it's not going to be not going to be easy, but  we were ready for this kind of games.",Nonverbal_id05804,other_breath,NonverbalTTS
raw_datasets/NonverbalTTS/id06892/id06892_happy_02_00450.wav,"But he looks like a kid,  you know, so it was a bit frightening, but it was.",Nonverbal_id06892,happy_laugh,NonverbalTTS
raw_datasets/NonverbalTTS/id10006/id10006_other_02_00451.wav,"As a just a real guy, you know,  and when I say regular guy.",Nonverbal_id10006,other_breath,NonverbalTTS
raw_datasets/NonverbalTTS/id03764/id03764_other_02_00452.wav,"It doesn't feel great,  but  look, the awesome thing about tonight  is I had James Roberts there with me the whole way.",Nonverbal_id03764,other_breath,NonverbalTTS
raw_datasets/NonverbalTTS/ex03/ex03_sad_02_00453.wav,That's a very good way to put it.  Yeah. He was part of the family. There's no other cat like him. I don't  really imagine there's ever any replacing him.,Nonverbal_ex03,sad_breath,NonverbalTTS
raw_datasets/NonverbalTTS/id06858/id06858_other_02_00454.wav,"Recently this year broken, this season's broken the record for the youngest player to have started a senior game for Exeter City. Debassien's record from whenever it was so long ago now, I can't remember.  But it's a wonderful achievement for everybody, Ethan particularly, but the club generally and a club that's got the health and the strength and the composure to make that decision and provide years of development for that moment. It's not a one day thing, it's years.",Nonverbal_id06858,other_breath,NonverbalTTS
raw_datasets/NonverbalTTS/id10722/id10722_sad_02_00455.wav,"It's weird. I don't know why I did. And I kind of went fix my makeup and I went, okay, all I can do is just  one thing at a time. And I can't do it bri",Nonverbal_id10722,sad_breath,NonverbalTTS
raw_datasets/NonverbalTTS/ex04/ex04_disgusted_02_00456.wav,"Okay, oh, 😖 that's not what I expected you to say. Ugh. 😖",Nonverbal_ex04,disgusted,NonverbalTTS
raw_datasets/NonverbalTTS/ex03/ex03_happy_02_00457.wav,"Well, I  can't disagree with you on that. Although  I would say leave me Aquaman. Leave Aquaman alone. Keep making Aquaman movies and keep making Harley Quinn movies.  Everything else...",Nonverbal_ex03,happy_breath,NonverbalTTS
raw_datasets/NonverbalTTS/ex02/ex02_other_02_00459.wav,"Oh my god. Caroline, shut up.",Nonverbal_ex02,other_laugh,NonverbalTTS
raw_datasets/NonverbalTTS/ex03/ex03_neutral_02_00460.wav,"And every once in a while, you'd see little critters. Critters. If we're all looking around, it'd be an occasional...  You a like",Nonverbal_ex03,neutral_breath,NonverbalTTS
raw_datasets/NonverbalTTS/id07344/id07344_neutral_02_00461.wav,"I'm sorry, people can be connected in lots of ways,  but.",Nonverbal_id07344,neutral_breath,NonverbalTTS
raw_datasets/NonverbalTTS/id10104/id10104_other_02_00462.wav,"And similarly with the, you know, the nominees, like, you know, I'd love to work with Tim Spau. I've never worked with Tim.",Nonverbal_id10104,other_breath,NonverbalTTS
raw_datasets/NonverbalTTS/id05585/id05585_other_02_00463.wav,"And then we have to start to count backwards. How do we reach that? What is necessary to do?  And the big challenge will be to make sure that we can have in the richer part of the world, we can have comparable emission redu",Nonverbal_id05585,other_breath,NonverbalTTS
raw_datasets/NonverbalTTS/id11243/id11243_happy_02_00464.wav,"Now, you know, it's not the worst. I don't want to map.  Every once in a while, you walk into people's houses and like,  that's on their kitchen counter.  And there's always an awkward moment where they realize.",Nonverbal_id11243,happy_breath,NonverbalTTS
raw_datasets/NonverbalTTS/id05641/id05641_neutral_02_00465.wav,"Most of the points where I made the first serve,  I placed it really well in the part of the core where I was aiming for and I think that made a  much more relief from my own side that I can play more relaxed and that I'm having this advantage when the point starts.  From the other hand, I felt that Eva wasn't playing as good as",Nonverbal_id05641,neutral_breath,NonverbalTTS
raw_datasets/NonverbalTTS/id10096/id10096_neutral_02_00466.wav,"We know that.  But they said, these people who are trying to have world peace a reality, should watch the prices right. And they pointed out that we have all of these different religions and all of these different colors.  And it said, there's only one person going to play the game and only one person is going to win. They don't compete against each other once they get out of contestants' row.  And yet they're all on their feet cheering them on.  And they see someone else win a car. You think that the person cheering it won the car. And that is the atmosphere we.",Nonverbal_id10096,neutral_breath,NonverbalTTS
raw_datasets/NonverbalTTS/id02724/id02724_neutral_02_00469.wav,"He fought for as long as he had to to get who he wanted for this part, for these parts. 👃 So, and he's had this throughout, and I see it every single day on set. He's the one with, you know, he's the mastermind behind this entire project. He knows what he wants. He goes after it.  He doesn't stop until he gets.",Nonverbal_id02724,neutral_breath,NonverbalTTS
raw_datasets/NonverbalTTS/id03866/id03866_other_02_00470.wav,"What response he wants the other person or maybe doesn't want, maybe wants them to be quiet, maybe  to, you know,  so it's always just make.",Nonverbal_id03866,other_breath,NonverbalTTS
raw_datasets/NonverbalTTS/id10756/id10756_neutral_02_00471.wav,The source material as well as the script meant that I could draw elements of Jim from both. But the truth is it was  tricky to refer back to the novel because really you have to deal with the thing that you're actually making. And also trust Thomas to take your pieces of jigsaw that you offer him for him to make the whole picture.  But Jim is a fascinating character because you get to see many facets.,Nonverbal_id10756,neutral_breath,NonverbalTTS
raw_datasets/NonverbalTTS/id08533/id08533_happy_02_00472.wav,"We could feel it coming and the ball was coming  and it was a goal and it was no offside and we thought,  okay, we thought we were spectacular, but these.",Nonverbal_id08533,happy_breath,NonverbalTTS
raw_datasets/NonverbalTTS/ex03/ex03_happy_02_00473.wav,"Oh,  so now you think you know me?",Nonverbal_ex03,happy_laugh,NonverbalTTS
raw_datasets/NonverbalTTS/ex04/ex04_happy_02_00474.wav,Sorry I'm a star nerd.,Nonverbal_ex04,happy_breath,NonverbalTTS
raw_datasets/NonverbalTTS/ex04/ex04_happy_02_00475.wav,"Are you kidding me?  And she was like, um, also, are you forgetting to tell us that there's a works cited page included at the end of the paper?  So thanks for the reminder, Caroline. Yeah,  thank you for reminding the teacher of all the things",Nonverbal_ex04,happy_breath,NonverbalTTS
raw_datasets/NonverbalTTS/id10022/id10022_neutral_02_00476.wav,"🗣️ I thought, well, I just finished two years on and off playing Valmont.",Nonverbal_id10022,neutral,NonverbalTTS
raw_datasets/NonverbalTTS/id11045/id11045_neutral_02_00478.wav,"Well, I had wanted to play a love story for a long time nd.",Nonverbal_id11045,neutral_breath,NonverbalTTS
raw_datasets/NonverbalTTS/id04193/id04193_neutral_02_00479.wav,"I think you should have  gooed correctly, but now I have not lifted it.",Nonverbal_id04193,neutral_breath,NonverbalTTS
raw_datasets/NonverbalTTS/ex02/ex02_other_02_00480.wav,A bull? But then that means we have to get close to it. Why don't you just use the vacuum at that point? Why are you asking me to get a bull?,Nonverbal_ex02,other_breath,NonverbalTTS
raw_datasets/NonverbalTTS/ex02/ex02_happy_02_00481.wav,Stage and she was just like panicking like you could hear her backstage going no no no no 👃 no,Nonverbal_ex02,happy,NonverbalTTS
raw_datasets/NonverbalTTS/id11103/id11103_happy_02_00482.wav,"Um, I don't know, it's funny, like in high school, I was even in middle school, I was always quiet. I wasn't really that outgoing and I think, um, I always wanted be.",Nonverbal_id11103,happy_laugh,NonverbalTTS
raw_datasets/NonverbalTTS/id04017/id04017_happy_02_00483.wav,"And  ️ it was really fun. I mean, the character that they gave me is really fun.",Nonverbal_id04017,happy_laugh,NonverbalTTS
raw_datasets/NonverbalTTS/id04654/id04654_other_02_00484.wav,"Really behind her for that. You know, I was kind of like, you know, go, God, Gemma, prove everyone wrong.  And then she just proved herself right that she just eats a lot and can't really cope for three days without a caprice dairy milk. So, but she's come on the show. You know, that's a great thing.",Nonverbal_id04654,other_breath,NonverbalTTS
raw_datasets/NonverbalTTS/ex01/ex01_other_02_00487.wav,"And you know,  👃 you get your car and then  I remember my mom would,   she would,  she was playing",Nonverbal_ex01,other_breath,NonverbalTTS
raw_datasets/NonverbalTTS/id08241/id08241_neutral_02_00488.wav,"And he was a popular player, really, really popular 🗣️ amongst the squad.",Nonverbal_id08241,neutral,NonverbalTTS
raw_datasets/NonverbalTTS/id11077/id11077_neutral_02_00489.wav,"🗣️ There's a time in hopefully everyone's, at least most people's lives, hopefully  where an epiphany happens.",Nonverbal_id11077,neutral_breath,NonverbalTTS
raw_datasets/NonverbalTTS/ex01/ex01_surprised_02_00490.wav,I don't know!  I'm not a scientist!,Nonverbal_ex01,surprised_breath,NonverbalTTS
raw_datasets/NonverbalTTS/ex01/ex01_happy_02_00491.wav,"Oh my gosh, and then the tiger.  Oh, the tiger.",Nonverbal_ex01,happy_breath,NonverbalTTS
raw_datasets/NonverbalTTS/id04047/id04047_happy_02_00492.wav,"I knew from that point that I was a fan. I was like, I love you, Beyonce.",Nonverbal_id04047,happy_breath,NonverbalTTS
raw_datasets/NonverbalTTS/id10426/id10426_neutral_02_00493.wav,"You know, and at least with, you know, with Dexter, he's at least performing some kind of community service.  Whereas, you know, Joe Carroll, I mean, that's, that's the big risk that we're taking is, you know, he's a man who kills innocent people  and he's clearly patched it crazy.",Nonverbal_id10426,neutral_breath,NonverbalTTS
raw_datasets/NonverbalTTS/id07844/id07844_other_02_00494.wav,"He's so honest, he's trying to head it, he's got someone holding his waist, he can't get off the floor to head it.  I'm not saying it's a definite one, but I think there's a good shout on that one.  But beyond that, we're going to wear soft gold, we've given too many of them away, we've created chances.",Nonverbal_id07844,other_breath,NonverbalTTS
raw_datasets/NonverbalTTS/ex04/ex04_happy_02_00495.wav,That cat has dragged it around their entire house.  It looks like a cat had taken its claws to it .,Nonverbal_ex04,happy_laugh,NonverbalTTS
raw_datasets/NonverbalTTS/ex02/ex02_sad_02_00496.wav,being told that we have to do it on like a specific style of lamp like  you know  I'm sorry I like the arts and crafts movement just as much as anybody else did but like I really didn't think that we had to waste our time on this,Nonverbal_ex02,sad_breath,NonverbalTTS
raw_datasets/NonverbalTTS/id01193/id01193_neutral_02_00497.wav,"I never  I had no clue. I'm going, man, I've been diabetic. I took good care of myself.  I feel.",Nonverbal_id01193,neutral_breath,NonverbalTTS
raw_datasets/NonverbalTTS/id03750/id03750_neutral_02_00498.wav,"But n at that time, Emma Goldman was one of the great  vocalists for female equality at that time, probably the most notable one. And I read a lot of her stuff.",Nonverbal_id03750,neutral_breath,NonverbalTTS
raw_datasets/NonverbalTTS/id10603/id10603_sad_02_00499.wav,"It's false. They didn't have horns coming out of their helmets. And yes, they did rape and pillage and raid raided and invaded and explored, but they also what's great about.",Nonverbal_id10603,sad_breath,NonverbalTTS
raw_datasets/NonverbalTTS/id05813/id05813_neutral_02_00500.wav,"A lot more about myself and maybe,   you know.",Nonverbal_id05813,neutral_breath,NonverbalTTS
raw_datasets/NonverbalTTS/ex03/ex03_happy_02_00501.wav,"Oh, man.  I love it, though. I absolutely love  it.",Nonverbal_ex03,happy_laugh,NonverbalTTS
raw_datasets/NonverbalTTS/ex04/ex04_happy_02_00502.wav,You're so sweet. Let's go to Cold Stone. That sounds nice.,Nonverbal_ex04,happy_breath,NonverbalTTS
raw_datasets/NonverbalTTS/ex03/ex03_neutral_02_00503.wav,"I'm sorry, I don't have that information, however, tomorrow in Los Angeles, California  it'll be partly cloudy with a high of forty and lows down to nineteen degrees Fahrenheit.",Nonverbal_ex03,neutral_breath,NonverbalTTS
raw_datasets/NonverbalTTS/ex04/ex04_sad_02_00504.wav,"It's true, but  I went to law school so I could work there. I feel like everything has been put  into this basket, and I have been...  Everything has been done with this in mind, and this was the ultimate goal, and I had a chan",Nonverbal_ex04,sad_breath,NonverbalTTS
raw_datasets/NonverbalTTS/id01879/id01879_neutral_02_00505.wav,"same as Ukrainian people  are devoted and ready to defend their country. So  yes, we have disturbance in Europe. Yes, we have  country which is ready to overbreach any international law.",Nonverbal_id01879,neutral_breath,NonverbalTTS
raw_datasets/NonverbalTTS/ex01/ex01_sad_02_00506.wav,"Hey,  how'd you recognize me?",Nonverbal_ex01,sad_breath,NonverbalTTS
raw_datasets/NonverbalTTS/ex01/ex01_sad_02_00507.wav,your  👃 experiences in life and you put them going forward and  👃 I had a really good time at that camp and,Nonverbal_ex01,sad_breath,NonverbalTTS
raw_datasets/NonverbalTTS/id03983/id03983_happy_02_00508.wav,"And so I was actually helping him write jokes about me  and the studio rejected the script.  They said, oh, she's she's so unlikeable.",Nonverbal_id03983,happy_breath,NonverbalTTS
raw_datasets/NonverbalTTS/id06110/id06110_other_02_00509.wav,"And we have every reason to be miserablist and negative in the twenty first century. We are on a disaster course, as we all know.  But  I felt that what I wanted to share.",Nonverbal_id06110,other_breath,NonverbalTTS
raw_datasets/NonverbalTTS/id11212/id11212_neutral_02_00510.wav,"A roof in a tube.  I'm just an actress, you know. I'm not a stunt.",Nonverbal_id11212,neutral_breath,NonverbalTTS
raw_datasets/NonverbalTTS/id01691/id01691_happy_02_00511.wav,"There were were no skeletons, there were no revelations, there was, you know, had abso",Nonverbal_id01691,happy_laugh,NonverbalTTS
raw_datasets/NonverbalTTS/ex02/ex02_sad_02_00512.wav,I'm just so bummed out.,Nonverbal_ex02,sad_breath,NonverbalTTS
raw_datasets/NonverbalTTS/ex03/ex03_happy_02_00514.wav,I feel  the feeling.,Nonverbal_ex03,happy_laugh,NonverbalTTS
raw_datasets/NonverbalTTS/ex04/ex04_happy_02_00515.wav,"You still have arm problems.  Yeah, that was a really bad idea.",Nonverbal_ex04,happy_breath,NonverbalTTS
raw_datasets/NonverbalTTS/id10853/id10853_neutral_02_00516.wav,"Uh, right.  Mad eye just cause he's mental. Like, yeah, and he'd make it funny. He wouldn't be.",Nonverbal_id10853,neutral_breath,NonverbalTTS
raw_datasets/NonverbalTTS/id05994/id05994_happy_02_00517.wav,"Good, good,  because he wrote a song called The Christmas Song, Chess. Nuts roasting on an open fire.  Well, he said that one day he got a recording of the Christmas song Cha, Cha, Cha by Hugo Winterhalder and his orchestra.",Nonverbal_id05994,happy_breath,NonverbalTTS
raw_datasets/NonverbalTTS/id08294/id08294_neutral_02_00518.wav,"I'd beat Hearns, beat Hackler, beat Durant.  It took me.",Nonverbal_id08294,neutral_breath,NonverbalTTS
raw_datasets/NonverbalTTS/id08064/id08064_neutral_02_00519.wav,"So  so to take shots that 🗣️ are just hopeful or just a pad of stats doesn't make any sense, but on the same token, two shots is not enough  and we needed to sustain pressure and create chances and do better there.",Nonverbal_id08064,neutral_breath,NonverbalTTS
raw_datasets/NonverbalTTS/id02180/id02180_happy_02_00520.wav,Random face  or whatever his elbow  in my side and it will just banter so we don't have any difficulty to get over before we start doing stuff. So if we're doing something that's  very intense likewise we can look at each other and go time to get in the zone time to just lock into what we're doing.  And equally if it's something lighthearted we'll really throw ourselves into enjoy.,Nonverbal_id02180,happy_breath,NonverbalTTS
raw_datasets/NonverbalTTS/id08655/id08655_neutral_02_00521.wav,"After my wife's death, 😷 I think faith became a very, very important part of my life.",Nonverbal_id08655,neutral,NonverbalTTS
raw_datasets/NonverbalTTS/id04080/id04080_neutral_02_00522.wav,"I'll drive down, I'll be there. So I just got in the car.  Went down there, probably got there, what, one o'clock, two o'clock, I don't know.",Nonverbal_id04080,neutral_breath,NonverbalTTS
raw_datasets/NonverbalTTS/id10142/id10142_neutral_02_00523.wav,"Anybody who's not familiar with Jane Austen's Pride and Prejudice, if they go and see this film,  they might, if only for curiosity's sake, read Pride and Prejudice, having seen Pride and Prejudice in zombies,  and I think they will then.",Nonverbal_id10142,neutral_breath,NonverbalTTS
raw_datasets/NonverbalTTS/id10390/id10390_other_02_00524.wav,Because I don't feel that it really touches me and is not really doesn't really represent me.  But when I think about some of the TV that I loe.,Nonverbal_id10390,other_breath,NonverbalTTS
raw_datasets/NonverbalTTS/id11060/id11060_other_02_00525.wav,"I just gotta ask you, I'm so sorry to bother you, but my daughters are like your biggest fans  and they would love to take a photo with you like.",Nonverbal_id11060,other_breath,NonverbalTTS
raw_datasets/NonverbalTTS/id10083/id10083_sad_02_00526.wav,"You know, the anarchy that ultimately manifests in Batman himself. It's a slow, well, not necessarily so slow. It's a, it starts off slow and it picks up steam, descent into utter chaos. And so when we left season two, the monsters that were that Huba Strange was.",Nonverbal_id10083,sad_breath,NonverbalTTS
raw_datasets/NonverbalTTS/ex01/ex01_happy_02_00527.wav,"Just imagining this little kid  with a bandage over his arm for the 23 apples or the 23 candy, whatever it was, and the little girl  holding the gun.",Nonverbal_ex01,happy_breath,NonverbalTTS
raw_datasets/NonverbalTTS/id05684/id05684_neutral_02_00528.wav,And give him opportunities there. Chris Fry is a guy that's a football player.  He's demonstrated that. 🗣️,Nonverbal_id05684,neutral_breath,NonverbalTTS
raw_datasets/NonverbalTTS/id05856/id05856_neutral_02_00529.wav,"When in a better period for us, when we were better, we can see the goal. We have we had some.",Nonverbal_id05856,neutral_breath,NonverbalTTS
raw_datasets/NonverbalTTS/ex04/ex04_happy_02_00530.wav,"Right? Like, yeah, but like, such big guys going after each other, right? Like, there's something fun about  just watching two scantily clad men  fight over cultural, beautiful art that is ancient, right?",Nonverbal_ex04,happy_breath,NonverbalTTS
raw_datasets/NonverbalTTS/id06482/id06482_sad_02_00531.wav,"Years, your awkward years in front of the world can be kind of weird, but  I feel like I balanced it as well as I could have and had my family around me, which .",Nonverbal_id06482,sad_breath,NonverbalTTS
raw_datasets/NonverbalTTS/id10510/id10510_neutral_02_00532.wav,"from a social life, it prevented me from being the pretty girl, it prevented me from all those kind of things. m",Nonverbal_id10510,neutral_breath,NonverbalTTS
raw_datasets/NonverbalTTS/id10911/id10911_neutral_02_00533.wav,"There are many things about a precise moment of my work that's the moment when a director works with other screenwriters.  And so there are many things of my real life when I was a screenwriter, not when I was not now, but some years, many years ago.",Nonverbal_id10911,neutral_breath,NonverbalTTS
raw_datasets/NonverbalTTS/id10854/id10854_other_02_00534.wav,"Shooting a lot of night shoots and it's freezing cold and you're being bitten to death by mosquitoes,  you will laugh quite a lot.  And I at a lot of M and Ms, that's how I saw it.",Nonverbal_id10854,other_breath,NonverbalTTS
raw_datasets/NonverbalTTS/id06918/id06918_neutral_02_00535.wav,"But normally when you play good, you win a lot of tackles, but after four minutes to zero  in the mind of the player say, well, what's going on? What happened?",Nonverbal_id06918,neutral_breath,NonverbalTTS
raw_datasets/NonverbalTTS/id10696/id10696_happy_02_00537.wav,in a car with a crack addict or like meth addict. I don't remember.   m,Nonverbal_id10696,happy_laugh,NonverbalTTS
raw_datasets/NonverbalTTS/id02812/id02812_neutral_02_00538.wav,"😷 Lexi and I Lexi's my baby mama, we have two children and one of the reasons we wanted to make the film together is we.",Nonverbal_id02812,neutral,NonverbalTTS
raw_datasets/NonverbalTTS/ex03/ex03_other_02_00539.wav,"I don't know. I guess I, you know, I'm always in the locker room. I'm always in a hurry. And, you know, it was changing. And I guess,  you know, I had, like, my fresh socks in the front of my backpack. And then I had, like,  the",Nonverbal_ex03,other_breath,NonverbalTTS
raw_datasets/NonverbalTTS/id10986/id10986_neutral_02_00540.wav,👃 that obtained the rights and decided this is something they should make into an American show. But he didn't have all that much to.,Nonverbal_id10986,neutral,NonverbalTTS
raw_datasets/NonverbalTTS/ex04/ex04_other_02_00541.wav,"Ugh, yeah, I don't know, maybe several times in a row, maybe a month, who knows, that is, ugh, 😖 ugh.",Nonverbal_ex04,other,NonverbalTTS
raw_datasets/NonverbalTTS/ex03/ex03_other_02_00542.wav,"Yeah, no, we're fine. I've got to bring 🗣️g  everything I need.",Nonverbal_ex03,other,NonverbalTTS
raw_datasets/NonverbalTTS/ex02/ex02_neutral_02_00543.wav,"I'm vegan. They have tons of vegan options there if you wanted to go around.  m  you can go to, you can go to, oh, why am I blanking on it? m you can go to the recordings.",Nonverbal_ex02,neutral_breath,NonverbalTTS
raw_datasets/NonverbalTTS/ex03/ex03_happy_02_00544.wav,"Well, you better try not to lose any bets.",Nonverbal_ex03,happy_laugh,NonverbalTTS
raw_datasets/NonverbalTTS/ex04/ex04_other_02_00545.wav,"I guess so. Valid. Yeah, fair, fair.  But man, it's always so neat when they're bigger than you, the statues. I'm just like, this is great. Makes me feel tiny.",Nonverbal_ex04,other_breath,NonverbalTTS
raw_datasets/NonverbalTTS/ex01/ex01_other_02_00546.wav,get you perpendicular  there we go  all right little guy what's your name,Nonverbal_ex01,other_breath,NonverbalTTS
raw_datasets/NonverbalTTS/id01028/id01028_surprised_02_00547.wav,"I brought one and oh my god, like I went back to the room and I'm like, 😤",Nonverbal_id01028,surprised,NonverbalTTS
raw_datasets/NonverbalTTS/id05698/id05698_neutral_02_00548.wav,"Yeah, happy with the win. I think the first frame was a big turning point. I missed the long red first shot.  Alfie got in, had a chance and he missed the first red where if he pots out the balls were nice and probably makes forty or fifty or even wins the frame in that visit himself.  And then it's a totally different.",Nonverbal_id05698,neutral_breath,NonverbalTTS
raw_datasets/NonverbalTTS/id11225/id11225_other_02_00550.wav,"ell, I'm going to be the announcer, so I would.",Nonverbal_id11225,other_breath,NonverbalTTS
raw_datasets/NonverbalTTS/ex04/ex04_other_02_00551.wav,"Okay, thank god I don't have to do it.  Okay.",Nonverbal_ex04,other_breath,NonverbalTTS
raw_datasets/NonverbalTTS/id10976/id10976_other_02_00552.wav,Horse riding and sword fighting and stuff like that. But I suppose one of the parallels with Prince Kit is this sense of  responsibility being thrust on you you've not asked for. And I think that's something I could relate to the two of them. I think it's a really strange unique position to be in is royalty where you have no choice over what you're.,Nonverbal_id10976,other_breath,NonverbalTTS
raw_datasets/NonverbalTTS/id10030/id10030_neutral_02_00553.wav,Beauty of what we're doing because it immerses you on such a level that there's no question. You're kind of just in it. There's no  that that.,Nonverbal_id10030,neutral_breath,NonverbalTTS
raw_datasets/NonverbalTTS/id10935/id10935_other_02_00554.wav,in the lighting and composing different elements together. Plus the  fact that I'll tell you the one.,Nonverbal_id10935,other_breath,NonverbalTTS
raw_datasets/NonverbalTTS/ex04/ex04_other_02_00555.wav,that' s that' s that' s oh sh That's thousands of ants yeah that is not a real rat oh m ugh 😤,Nonverbal_ex04,other,NonverbalTTS
raw_datasets/NonverbalTTS/id07429/id07429_neutral_02_00556.wav,See what happens when you put art against nature.  Something wonderful might happen. It might create some spiri,Nonverbal_id07429,neutral_breath,NonverbalTTS
raw_datasets/NonverbalTTS/ex01/ex01_happy_02_00557.wav,Search Instagram for bulldog puppies.,Nonverbal_ex01,happy_laugh,NonverbalTTS
raw_datasets/NonverbalTTS/id08683/id08683_neutral_02_00558.wav,"From here,  from here onward, is how we will be able",Nonverbal_id08683,neutral_breath,NonverbalTTS
raw_datasets/NonverbalTTS/ex03/ex03_happy_02_00559.wav,It's as  eventful as it is momentous.,Nonverbal_ex03,happy_laugh,NonverbalTTS
raw_datasets/NonverbalTTS/id03906/id03906_other_02_00560.wav,"Two speed Europe, Romania and Bulgaria being, for example, in all these",Nonverbal_id03906,other_breath,NonverbalTTS
raw_datasets/NonverbalTTS/id06821/id06821_happy_02_00561.wav,"spent all night with my brother in law in the city. We were out till four or five in the morning, had one of those nights. And when I showed up at the hockey game, not only did they want me to paint my face, they wanted me to paint the D on my chest. And I said, you know, really, really, really tired.",Nonverbal_id06821,happy_laugh,NonverbalTTS
raw_datasets/NonverbalTTS/ex02/ex02_happy_02_00562.wav,"Well, you couldn't say that if you were there at the wedding, right? You'd have to be very careful.  😤",Nonverbal_ex02,happy_laugh,NonverbalTTS
raw_datasets/NonverbalTTS/id03527/id03527_neutral_02_00563.wav,"But he was a great storyteller. He had a fund of kind of characters, mythical characters that he would from the age of three, four, he would tell me these stories about these  people. And then later on again, I also realized that some of these incidents were things that had happened to him,  but he was reinventing them as fiction. So it worked both ways.",Nonverbal_id03527,neutral_breath,NonverbalTTS
raw_datasets/NonverbalTTS/id11095/id11095_happy_02_00564.wav,"Maybe he ended up with the phrase it makes one proud to be British, which was the kind of phrase that Lawrence Olivier was very stirred by. He was a very simple patriot, Lawrence Olivier, and it may have been that, or may have been something else in the letter.",Nonverbal_id11095,happy_breath,NonverbalTTS
raw_datasets/NonverbalTTS/ex02/ex02_sad_02_00565.wav,"I had a client 👃 come in and they were really happy with the work that was happening. So,  you know, work is fine. It's just, yeah, when I hear this song, sometimes I guess  maybe  maybe I've just... 👃",Nonverbal_ex02,sad_breath,NonverbalTTS
raw_datasets/NonverbalTTS/id05460/id05460_neutral_02_00567.wav,And that's the goal thing because I'm looking at my team and they're playing well and they're on the offensive and we're playing against  a team that I think is going to be promoted out of this league.,Nonverbal_id05460,neutral_breath,NonverbalTTS
raw_datasets/NonverbalTTS/ex01/ex01_other_02_00569.wav,Oh my goodness.  Okay. 😖,Nonverbal_ex01,other_breath,NonverbalTTS
raw_datasets/NonverbalTTS/ex03/ex03_happy_02_00570.wav,"Whoa!  That's something you don't see every day!  A moose chase!  And then,  oh, that guy is terrified!",Nonverbal_ex03,happy_breath,NonverbalTTS
raw_datasets/NonverbalTTS/id10329/id10329_neutral_02_00571.wav,"The same thoughts today. Do we go to Somalia? Do we,  you know,  what do we do about?",Nonverbal_id10329,neutral_breath,NonverbalTTS
raw_datasets/NonverbalTTS/id10597/id10597_neutral_02_00572.wav,"🗣️ The second one is the mercenary story, which is when we all, you know, come down to the planet when we are the rides, basically that Riddick has called, we're taxis.",Nonverbal_id10597,neutral,NonverbalTTS
raw_datasets/NonverbalTTS/id10238/id10238_neutral_02_00573.wav,she goes  flying off of the bed. And that's just before we even get to lunchtime on one of the dishes casts up to here. Stephanie Scott plays the lead role in the movie and just,Nonverbal_id10238,neutral_breath,NonverbalTTS
raw_datasets/NonverbalTTS/id01530/id01530_other_02_00574.wav,"He hit that stage and it just, 😷 oh, it just belted out there.",Nonverbal_id01530,other,NonverbalTTS
raw_datasets/NonverbalTTS/ex03/ex03_disgusted_02_00575.wav,😖 This is so disgusting.,Nonverbal_ex03,disgusted,NonverbalTTS
raw_datasets/NonverbalTTS/id04613/id04613_neutral_02_00576.wav,"And over again, the other word  which has fallen somewhat out of use is plucky  plucky.",Nonverbal_id04613,neutral_breath,NonverbalTTS
raw_datasets/NonverbalTTS/ex01/ex01_happy_02_00577.wav,Go to hell!,Nonverbal_ex01,happy_laugh,NonverbalTTS
raw_datasets/NonverbalTTS/id10047/id10047_happy_02_00578.wav,"with me that I'm not nervous about it. Maybe I'll be nervous that night. But yeah, one of my friends, Chelsea Brady,  said in that article that she I don't care what people think to",Nonverbal_id10047,happy_laugh,NonverbalTTS
raw_datasets/NonverbalTTS/id07418/id07418_happy_02_00579.wav,"The money is for the business. You got to grow your business. And she was like,  What do you mean? I can't buy a car with it. And we're like, No.",Nonverbal_id07418,happy_breath,NonverbalTTS
raw_datasets/NonverbalTTS/id10109/id10109_happy_02_00580.wav,"Yeah, and grandpa never got mad at me before, so that was the first time. And he's kind of the sweetest man on the planet, so it.",Nonverbal_id10109,happy_breath,NonverbalTTS
raw_datasets/NonverbalTTS/ex02/ex02_sad_02_00581.wav,I'm so grossed out. I just cannot wait to get back to the hospital.,Nonverbal_ex02,sad_breath,NonverbalTTS
raw_datasets/NonverbalTTS/id10218/id10218_neutral_02_00582.wav,"ou know, in this  role is everything I am as a man, you know, who he was in terms of sacrificial love, what he had by way of his faith, what he did in terms of not just.",Nonverbal_id10218,neutral_breath,NonverbalTTS
raw_datasets/NonverbalTTS/id10873/id10873_other_02_00583.wav,We've truly blazed trails and opened doors and changed  the face of telen.,Nonverbal_id10873,other_breath,NonverbalTTS
raw_datasets/NonverbalTTS/id06741/id06741_neutral_02_00584.wav,"We got so much good boxing with Doe, but you know, if you like Kay Taylor, McConnell, and McConnell for me, he's probably  one of the most skillful boxing skillful boxers around ever produced. You know, the skill that he has is unbeliev.",Nonverbal_id06741,neutral_breath,NonverbalTTS
raw_datasets/NonverbalTTS/id06541/id06541_neutral_02_00585.wav,"died very young,  early twenties  and",Nonverbal_id06541,neutral_breath,NonverbalTTS
raw_datasets/NonverbalTTS/id08968/id08968_other_02_00586.wav,"on the table right away.  But you know, what happened was I was getting increasingly frustrated by the amount of finger pointing that was being done inappropriately in my mind at politicians.",Nonverbal_id08968,other_breath,NonverbalTTS
raw_datasets/NonverbalTTS/id05295/id05295_neutral_02_00587.wav,Finish my training as a full experimental test pilot.,Nonverbal_id05295,neutral_breath,NonverbalTTS
raw_datasets/NonverbalTTS/ex03/ex03_happy_02_00588.wav,It sounds   It sounds really amazing.  You sure you don't do any weddings in the afternoon? My daughter's getting married in Houston next weekend.,Nonverbal_ex03,happy_breath,NonverbalTTS
raw_datasets/NonverbalTTS/id07517/id07517_neutral_02_00589.wav,"Roman,  with all due respect.  How are you going to handle",Nonverbal_id07517,neutral_breath,NonverbalTTS
raw_datasets/NonverbalTTS/id11124/id11124_other_02_00590.wav,It's a group of the nicest people I've ever met.  And second.,Nonverbal_id11124,other_breath,NonverbalTTS
raw_datasets/NonverbalTTS/id05741/id05741_neutral_02_00591.wav,as big as News Corp  in a relatively short period of time. Faceb.,Nonverbal_id05741,neutral_breath,NonverbalTTS
raw_datasets/NonverbalTTS/id10020/id10020_neutral_02_00592.wav,"Cute  or because you're on a popular show. But if you get an award for writing, the chances are much.",Nonverbal_id10020,neutral_breath,NonverbalTTS
raw_datasets/NonverbalTTS/id10166/id10166_happy_02_00593.wav,"And I've probably forgotten them now,  but I and I read a lot about it.",Nonverbal_id10166,happy_breath,NonverbalTTS
raw_datasets/NonverbalTTS/ex02/ex02_happy_02_00594.wav,Jurassic World is  awesome!,Nonverbal_ex02,happy_laugh,NonverbalTTS
raw_datasets/NonverbalTTS/ex01/ex01_happy_02_00595.wav,"Oh my gosh, wait, wait, wait.  If you would  have this same group of kids, but two years from now do another play,  what would that play be?",Nonverbal_ex01,happy_breath,NonverbalTTS
raw_datasets/NonverbalTTS/ex03/ex03_neutral_02_00596.wav,"Well, this could get dangerous.",Nonverbal_ex03,neutral_breath,NonverbalTTS
raw_datasets/NonverbalTTS/id06798/id06798_other_02_00597.wav,"Working with Tarantino with Spike Lee, you've been such a major influence not only to the hip hop culture, but just to pop culture in general.  What is it that makes you still say like, yeah, you know what, Khan?",Nonverbal_id06798,other_breath,NonverbalTTS
raw_datasets/NonverbalTTS/id08416/id08416_sad_02_00598.wav,"You know, speak up about what I was feeling, but  I didn't really know how to. I for me, the things that I was doing were bad and there was a lot of shame that came along with it.",Nonverbal_id08416,sad_breath,NonverbalTTS
raw_datasets/NonverbalTTS/ex01/ex01_happy_02_00599.wav,They would know the show.  But think of all of the crazy choices they would make.,Nonverbal_ex01,happy_breath,NonverbalTTS
raw_datasets/NonverbalTTS/ex04/ex04_happy_02_00600.wav,"Oh, Stefan! Yeah!  Yeah, with Bill Hader!   Yeah, because he can't stop laughing.  He keeps breaking character.  You know, I heard that John Mulaney would write all of those bits,  and then he would...",Nonverbal_ex04,happy_breath,NonverbalTTS
raw_datasets/NonverbalTTS/ex04/ex04_disgusted_02_00601.wav,"Ugh, let's just go back to the hostel and take a shower. Ugh. 😖",Nonverbal_ex04,disgusted,NonverbalTTS
raw_datasets/NonverbalTTS/id07429/id07429_neutral_02_00602.wav,But it would be in more of an art form like shorts.,Nonverbal_id07429,neutral_breath,NonverbalTTS
raw_datasets/NonverbalTTS/ex04/ex04_happy_02_00603.wav,Who wrote the Black Circle?,Nonverbal_ex04,happy_laugh,NonverbalTTS
raw_datasets/NonverbalTTS/id04013/id04013_happy_02_00604.wav,We're gonna get wild. We have a special guest here that we'll be introducing later in the show.  And so,Nonverbal_id04013,happy_breath,NonverbalTTS
raw_datasets/NonverbalTTS/id06018/id06018_happy_02_00605.wav,"And I was surprised because that was kind  of like, you know, the whole different side. I was usually on the field  and he said, you can't talk to me like that.",Nonverbal_id06018,happy_breath,NonverbalTTS
raw_datasets/NonverbalTTS/ex04/ex04_happy_02_00607.wav,"I recognize this place. Uh  huh, this is my house.  I smell my own pee here.",Nonverbal_ex04,happy_breath,NonverbalTTS
raw_datasets/NonverbalTTS/ex01/ex01_happy_02_00609.wav,"That is true.  That is true.  I could sing, um, what's the song that, , it is the, uh, it is, um,  it's the new Dua Lipa song.  Um",Nonverbal_ex01,happy_breath,NonverbalTTS
raw_datasets/NonverbalTTS/id06067/id06067_happy_02_00610.wav,"It was totally fine, it was very safe, and we did a couple of days in Istanbul as well. And it was really amazing. It was one of those things that I love about my job, you know, being  ending up shooting at these back roads.",Nonverbal_id06067,happy_breath,NonverbalTTS
raw_datasets/NonverbalTTS/ex01/ex01_sad_02_00611.wav,It was so dramatic and for what purpose?,Nonverbal_ex01,sad_breath,NonverbalTTS
raw_datasets/NonverbalTTS/ex02/ex02_happy_02_00612.wav,That's a lot  of RSVPs for the party!,Nonverbal_ex02,happy_laugh,NonverbalTTS
raw_datasets/NonverbalTTS/id06867/id06867_angry_02_00613.wav,"What I'm going to say to you, but I do picture it in my head ahead of time.  You know, like I picture coming out and feeling.",Nonverbal_id06867,angry_breath,NonverbalTTS
raw_datasets/NonverbalTTS/ex04/ex04_happy_02_00614.wav,Can we go there please?,Nonverbal_ex04,happy_laugh,NonverbalTTS
raw_datasets/NonverbalTTS/id06013/id06013_sad_02_00615.wav,Probably landed on the foot with all his weight and coming down on his knee as  put a break in the foot and then we'll never neer.,Nonverbal_id06013,sad_breath,NonverbalTTS
raw_datasets/NonverbalTTS/ex03/ex03_other_02_00616.wav,"I wasn't myself. My sense of humor, everything,  you know  I wasn't speaking intelligently about... He asked me about this project. I can't tell you about it. It's classified. But this  project I did...",Nonverbal_ex03,other_breath,NonverbalTTS
raw_datasets/NonverbalTTS/ex02/ex02_other_02_00617.wav,"It's my fault because I didn't ask for it and I should have said something.  But  one of my favorite openings of any Disney movie  is Oliver and Company.  They don't say a single word.  They're playing the music, but...",Nonverbal_ex02,other_breath,NonverbalTTS
raw_datasets/NonverbalTTS/id10741/id10741_neutral_02_00618.wav,It was supposed to be a bandaid for her broken heart and ultimately that didn't bandaid the wo.,Nonverbal_id10741,neutral_breath,NonverbalTTS
raw_datasets/NonverbalTTS/ex03/ex03_neutral_02_00619.wav,"And they make trouble. And he says very graciously, if you don't mind, gentlemen, I'd like to  like to have this dance with my wife. But they don't leave him alone.  So he takes him outside.",Nonverbal_ex03,neutral_breath,NonverbalTTS
raw_datasets/NonverbalTTS/ex03/ex03_happy_02_00620.wav,"Today in Cancún,  it'll be sunny, with a high of  seventy two and low  of sixty.",Nonverbal_ex03,happy_breath,NonverbalTTS
raw_datasets/NonverbalTTS/id02187/id02187_neutral_02_00621.wav,"I said, but I'll be happy to write, you know, two or three scripts this season.  And said, Dick, let me explain something to.",Nonverbal_id02187,neutral_breath,NonverbalTTS
raw_datasets/NonverbalTTS/ex01/ex01_disgusted_02_00622.wav,"Oh, like, somebody was, the diarrhea was back here yesterday, the day before, the day before that. 👃",Nonverbal_ex01,disgusted,NonverbalTTS
raw_datasets/NonverbalTTS/id10088/id10088_neutral_02_00623.wav,"We became instant friends and the kids would all kind of watch the two of us and they'd say check if if if he said something nice or I said something nice, the kids would all say check.  Well",Nonverbal_id10088,neutral_breath,NonverbalTTS
raw_datasets/NonverbalTTS/ex01/ex01_other_02_00624.wav,Basically I got in this car accident a while back and my uh...  my neck and,Nonverbal_ex01,other_breath,NonverbalTTS
raw_datasets/NonverbalTTS/id05895/id05895_happy_02_00625.wav,He was watching a game or something  and I remember calling him over and he wouldn't come over,Nonverbal_id05895,happy_breath,NonverbalTTS
raw_datasets/NonverbalTTS/id07421/id07421_happy_02_00626.wav,"He's an empresario, he's an entrepreneur,  he saw an opportunity and he ran with  it.",Nonverbal_id07421,happy_breath,NonverbalTTS
raw_datasets/NonverbalTTS/id10840/id10840_other_02_00627.wav,"Kids are in school. I'm really like, okay, I'm going to go swimming now.  Now I'm going to run.  Now I'm going to do my stretches. I've gotten so thrifty with organizing my time that in some way I'm probably more together now as a mom  with all the health stuff and vitamins and exercise. I feel",Nonverbal_id10840,other_breath,NonverbalTTS
raw_datasets/NonverbalTTS/id10108/id10108_neutral_02_00628.wav,👃 It's amazing how many felonies we've committed on Saint Patrick's Day over the years.,Nonverbal_id10108,neutral,NonverbalTTS
raw_datasets/NonverbalTTS/id10115/id10115_sad_02_00629.wav,"I took my I stole my mom's ring one time, this big old diamond ring, and I gave it to this girl, this sixth grader who had a crush on when I was in.",Nonverbal_id10115,sad_breath,NonverbalTTS
raw_datasets/NonverbalTTS/id10252/id10252_happy_02_00630.wav,"New York, right out to California to be in a major motion picture with one of the biggest stars in the world. So I was like,  woo.",Nonverbal_id10252,happy_breath,NonverbalTTS
raw_datasets/NonverbalTTS/id10945/id10945_happy_02_00631.wav,"👃 And you know, messing around. And now I'm into travel. I like traveling. I love traveling.",Nonverbal_id10945,happy,NonverbalTTS
raw_datasets/NonverbalTTS/ex04/ex04_happy_02_00632.wav,"Kik and   they stuck with that homemade whipped cream that is so fresh and good. And yeah,  I think I might say the 30th anniversary took the cheesecake. Yeah.  Instead of... I don't know. They're all good, though. I have to...",Nonverbal_ex04,happy_breath,NonverbalTTS
raw_datasets/NonverbalTTS/id07642/id07642_happy_02_00633.wav,"On a train, come to New York City with a beat tape and just be like, man, I hope  I meet somebody. I was standing outside this.",Nonverbal_id07642,happy_laugh,NonverbalTTS
raw_datasets/NonverbalTTS/id10265/id10265_other_02_00634.wav,"s  nd something that I had been wanting to see from the show was humans against humans causing real trouble. And you've got the aliens out here and that's a whole other threat, but we're now turning on ourselves when it's in this final push, when we really needed to band together. And so we have some really interesting things happening there  and then it all culminates in the last episode. I mean, we kind of leave it pretty open ended.",Nonverbal_id10265,other_breath,NonverbalTTS
raw_datasets/NonverbalTTS/ex02/ex02_happy_02_00635.wav,"So,  the slight difference with this is that I'm gonna be setting up some board games and everything too.  So, it's gonna be kind of like cafe board game kind of time for everybody to play around at,  you know?  Um...",Nonverbal_ex02,happy_breath,NonverbalTTS
raw_datasets/NonverbalTTS/ex03/ex03_happy_02_00636.wav,e  He was like so professional. He had his like tie perfectly buttoned. He was like so just on it. Like he answered every question just on the ball.,Nonverbal_ex03,happy_laugh,NonverbalTTS
raw_datasets/NonverbalTTS/id10730/id10730_neutral_02_00637.wav,"That was in a real way one of the most fun parts about the experience was developing and working on the action, the big scope. Ultimately,  it's just about the time you have to spend on it. And when you're thinking about action sequencing.",Nonverbal_id10730,neutral_breath,NonverbalTTS
raw_datasets/NonverbalTTS/ex01/ex01_neutral_02_00638.wav,"Honestly, that would have been more, that would have been more pleasing to listen to than this guy's  singing. Yeah.  I honestly,  I don't think I can recall a worse singer in my entire life.",Nonverbal_ex01,neutral_breath,NonverbalTTS
raw_datasets/NonverbalTTS/id04995/id04995_neutral_02_00639.wav,I did not want to memorise any lines and I feel like  you don't get.,Nonverbal_id04995,neutral_breath,NonverbalTTS
raw_datasets/NonverbalTTS/id06360/id06360_happy_02_00640.wav,It's about a Kelly bag. My younger sister receives a gift which  has all kinds of.,Nonverbal_id06360,happy_breath,NonverbalTTS
raw_datasets/NonverbalTTS/id03871/id03871_happy_02_00641.wav,"Short answers, I don't really know.  But   I know in the next couple episodes, you start to see him.",Nonverbal_id03871,happy_breath,NonverbalTTS
raw_datasets/NonverbalTTS/id06911/id06911_neutral_02_00642.wav,"Interesting with Brian, who really likes to map out the scenes and kind of have them really  choreographed already.",Nonverbal_id06911,neutral_breath,NonverbalTTS
raw_datasets/NonverbalTTS/ex04/ex04_disgusted_02_00643.wav,"Oh my gosh, yeah, it's in the middle. I think it's just two twin beds pushed together. I don't think it's a real...",Nonverbal_ex04,disgusted_breath,NonverbalTTS
raw_datasets/NonverbalTTS/id10243/id10243_neutral_02_00644.wav,"I generally block out anything bad and just kind of shrug it off. Some people are very  very persistent in certain ways. But for the most part, people are 👃 I'm a fairly regular guy.",Nonverbal_id10243,neutral_breath,NonverbalTTS
raw_datasets/NonverbalTTS/ex04/ex04_happy_02_00645.wav,"I don't think they had an era. I think it was whatever they could find at home and bring in.  Like,  I'm pretty sure Tommy's outfit was his mom's curtains.",Nonverbal_ex04,happy_breath,NonverbalTTS
raw_datasets/NonverbalTTS/ex01/ex01_other_02_00646.wav,😖Oh!,Nonverbal_ex01,other,NonverbalTTS
raw_datasets/NonverbalTTS/id04726/id04726_neutral_02_00647.wav,"The role of the OSM in terms of mentoring or being involved with the development and the support of next generations to come,  it's essential. And it's been a part of.",Nonverbal_id04726,neutral_breath,NonverbalTTS
raw_datasets/NonverbalTTS/ex01/ex01_other_02_00648.wav,Make them make a look on your face when you know you have to take just the world's stinkiest shit.  I don't know.,Nonverbal_ex01,other_breath,NonverbalTTS
raw_datasets/NonverbalTTS/id04100/id04100_other_02_00649.wav,"Now I'd probably now I would probably think about it, but back then, you know, it was just  I never really had any giant success or anything, so I really didn't know how to treat it, you know, and so I didn't know how to react. So I just didt  didn't think about what anybody thought about it. But now I would go into it now, I would probably  think about it.",Nonverbal_id04100,other_breath,NonverbalTTS
raw_datasets/NonverbalTTS/id11067/id11067_happy_02_00650.wav,"He tries beer for the first night, for the first time ever on the night of the event, and as a result gets the power to project his intoxication to other people  through like, you know, burping at them o any.",Nonverbal_id11067,happy_breath,NonverbalTTS
raw_datasets/NonverbalTTS/id01528/id01528_neutral_02_00651.wav,"😷 In my opinion, yeah, I don't believe in the pressure points. I feel like that's a bunch of BS. I feel like I ca.",Nonverbal_id01528,neutral,NonverbalTTS
raw_datasets/NonverbalTTS/id10977/id10977_other_02_00652.wav,"But no, I think they eventually got it. And by the third time, I think everyone got it. I think they go, oh, we get it. He's just telling jokes.  I think they weren't used.",Nonverbal_id10977,other_breath,NonverbalTTS
raw_datasets/NonverbalTTS/ex04/ex04_happy_02_00653.wav,You're comparing  me to EJ.,Nonverbal_ex04,happy_laugh,NonverbalTTS
raw_datasets/NonverbalTTS/id11030/id11030_neutral_02_00654.wav,"Citizens such as myself, it would remove the question,B which you were talking about on your segment about AIG,  about why Goldman Sachs is getting this and why AIG?",Nonverbal_id11030,neutral_breath,NonverbalTTS
raw_datasets/NonverbalTTS/id10243/id10243_neutral_02_00656.wav,"It's always worked for me. It's never been one job. I mean, Mean Girls was great, but it didn't get me a ton of stuff after that. I kept working.  Kept doing the CBC and the CTV shows and the, you know, the sci fide bit parts on this and that. And I've been fortunate. I mean, I'm not there's a certain amount of luck and good timing, but 👃 I'm not one of those people, I think, who did a certain movie and then all of a sudden it was like the dam broke. I think it's been kind of chipping away.",Nonverbal_id10243,neutral_breath,NonverbalTTS
raw_datasets/NonverbalTTS/ex01/ex01_sad_02_00657.wav,Whate  What kind of W what kind of bird?,Nonverbal_ex01,sad_breath,NonverbalTTS
raw_datasets/NonverbalTTS/id04941/id04941_other_02_00658.wav,"It is, it is, it's a good period. I hate to say I'm,   I hate to say it's like his",Nonverbal_id04941,other_breath,NonverbalTTS
raw_datasets/NonverbalTTS/ex04/ex04_happy_02_00659.wav,"Yeah, yeah, that's like, that's, that's so important. That's, that's a whole role in the show. Like, if, if, if you get to do that, you're, you're honestly more personality in the show than probably Avery or anybody else in the cast, right? Like,",Nonverbal_ex04,happy_breath,NonverbalTTS
raw_datasets/NonverbalTTS/ex03/ex03_sad_02_00660.wav,Unwelcome?  I guess someone still has her panties in a twist.,Nonverbal_ex03,sad_breath,NonverbalTTS
raw_datasets/NonverbalTTS/ex03/ex03_happy_02_00661.wav,live that down  every day every day when it comes to work someone someone's gonna  walk into a closet in front of him and then we're all gonna crack up,Nonverbal_ex03,happy_breath,NonverbalTTS
raw_datasets/NonverbalTTS/ex04/ex04_neutral_02_00662.wav,"I agree with you. I totally agree with you, and I'm going to actually one up it, and I'm going to say that sumo wrestling might be the most interesting sport to watch out of all the different ones.  Sumo wrestling. It's like wrestling...",Nonverbal_ex04,neutral_breath,NonverbalTTS
raw_datasets/NonverbalTTS/id06938/id06938_other_02_00664.wav,"Or a Mary. I'd love all those names.  Amelia, even though that.",Nonverbal_id06938,other_breath,NonverbalTTS
raw_datasets/NonverbalTTS/ex03/ex03_happy_02_00665.wav,Milestones for Alex and the other  Travel Zoo. Break out  your scorecards!,Nonverbal_ex03,happy_laugh,NonverbalTTS
raw_datasets/NonverbalTTS/id05710/id05710_happy_02_00666.wav,"You know, I wouldn't be saying this. I mean, the fact that I've been there three times, that's proof, right?  But anyway, they're always thinking of ways in which to expose  their authors to the right audience. And the very right audience for me is women around the country who love books, who want to start over, and we're interested in talking about that. So this conversation will be not just about the book, but about them.  And we'll have a dialogue with them, which is my favorite thing to.",Nonverbal_id05710,happy_breath,NonverbalTTS
raw_datasets/NonverbalTTS/id03871/id03871_happy_02_00667.wav,"You just sort of get to pretend for a couple days that  that you did work as hard as some of these rock stars work, and then you just get to go up and have a lot of fun. Just ust had to unlock that little part of me and let them out, 😷 and then lock them back away.",Nonverbal_id03871,happy_breath,NonverbalTTS
raw_datasets/NonverbalTTS/ex02/ex02_other_02_00668.wav,"aminos are similar to soy sauce, but they don't have the same properties. So  it's actually a soy sauce replacement.  So liquid aminos are known for being gluten free. You know how it gets in this house. So",Nonverbal_ex02,other_breath,NonverbalTTS
raw_datasets/NonverbalTTS/id03902/id03902_neutral_02_00669.wav,"That whole period, the second wave of punk  was much more interesting.",Nonverbal_id03902,neutral_breath,NonverbalTTS
raw_datasets/NonverbalTTS/ex03/ex03_happy_02_00670.wav,"I was like, I don't know this guy.  I couldn't believe you did that.",Nonverbal_ex03,happy_laugh,NonverbalTTS
raw_datasets/NonverbalTTS/ex04/ex04_other_02_00671.wav,"Yeah, I was gonna say it was a fun dinner, but... what?",Nonverbal_ex04,other_breath,NonverbalTTS
raw_datasets/NonverbalTTS/ex01/ex01_happy_02_00673.wav,What  what was it? There were like six of us packed  in like a two person car.,Nonverbal_ex01,happy_breath,NonverbalTTS
raw_datasets/NonverbalTTS/id06096/id06096_other_02_00674.wav,"And I'm like, 😤 I really I've been telling you this for weeks and need to read it. And like Phil,  you know, you try to get him, you try to get him for weeks and weeks and weeks, but then you finally, he's l.",Nonverbal_id06096,other_breath,NonverbalTTS
raw_datasets/NonverbalTTS/id05227/id05227_neutral_02_00675.wav,"Again, I thought, Oh, all right.  But then when they cast him to direct, you know, Cabre.",Nonverbal_id05227,neutral_breath,NonverbalTTS
raw_datasets/NonverbalTTS/id10132/id10132_happy_02_00676.wav,"My husband was the one because he is very funny and I love  he sounds so cheesy. I love to laugh, but you know what I do? And he was really, really funny and really cute, which for writers.",Nonverbal_id10132,happy_laugh,NonverbalTTS
raw_datasets/NonverbalTTS/id10044/id10044_happy_02_00677.wav,"And when I recorded with him, I had not seen Game of Thrones.  So I didn't know who he was. I just thought,  oh, he's quite good. Like somebody.",Nonverbal_id10044,happy_breath,NonverbalTTS
raw_datasets/NonverbalTTS/id03777/id03777_happy_02_00678.wav,I think from the word go we were always  redding and leaves was always like a big thing for us. We always wanted to.,Nonverbal_id03777,happy_laugh,NonverbalTTS
raw_datasets/NonverbalTTS/id10801/id10801_happy_02_00679.wav,I'm too pale to live in Miami.  I burst into fla,Nonverbal_id10801,happy_laugh,NonverbalTTS
raw_datasets/NonverbalTTS/id11095/id11095_neutral_02_00680.wav,"Quite loud music, which kind of not really the mood of the character or indeed the mood of the play, just something that 👃 gets me alive. It's in your dressing room, I came to the conclusion you can",Nonverbal_id11095,neutral,NonverbalTTS
raw_datasets/NonverbalTTS/id08064/id08064_neutral_02_00681.wav,"🗣️ All the other seven shots were, you know, twenty yards or so out and that's  that's not going to bother us.",Nonverbal_id08064,neutral_breath,NonverbalTTS
raw_datasets/NonverbalTTS/ex02/ex02_sad_02_00682.wav,toy she wasn't doing anything she was just being a good girl laying in her bed  👃 you know,Nonverbal_ex02,sad_breath,NonverbalTTS
raw_datasets/NonverbalTTS/id10539/id10539_neutral_02_00683.wav,"You get to meet Walter's wife and you actually go to the other dimension as well. It's stuff that we've  been  going on the edge of for a long time and we say, okay, here it is in one great.",Nonverbal_id10539,neutral_breath,NonverbalTTS
raw_datasets/NonverbalTTS/id06250/id06250_neutral_02_00684.wav,having a European aspect of the national campaign.  So that fear among the old parties.,Nonverbal_id06250,neutral_breath,NonverbalTTS
raw_datasets/NonverbalTTS/ex03/ex03_happy_02_00685.wav,"Well,  I gotta start getting used to being in this position of authority.  And you're right, celebration is definitely in order.",Nonverbal_ex03,happy_breath,NonverbalTTS
raw_datasets/NonverbalTTS/id04997/id04997_happy_02_00686.wav,"Good potato salad here for everybody.  Hi, you know, and they all sound  just like that. Everybody sounds the same.  So I remember I used to call Don Silverman.",Nonverbal_id04997,happy_breath,NonverbalTTS
raw_datasets/NonverbalTTS/id02873/id02873_neutral_02_00688.wav,"Some of the songs that I've been, I've been experiencing over the past couple of years.  It's like, I know this is gonna be great. This is gonna be one of the greatest loves I've ever had, but  it's just not the right time. And you just gotta, you gotta wait for your paths to cross.",Nonverbal_id02873,neutral_breath,NonverbalTTS
raw_datasets/NonverbalTTS/id02981/id02981_neutral_02_00689.wav,"It's difficult because there's part of you at that stage of the game. You think at one all,  do you throw men forward because there's part of you that doesn't really want to replay just to add to the backlog of games and particularly for us where we've got two, we had two injuries at halftime with herds and cuts. Hopefully cuts is not too serious but again, they're stretching our small squad.  So really pleased with the performance, a little bit disappointed with the results.",Nonverbal_id02981,neutral_breath,NonverbalTTS
raw_datasets/NonverbalTTS/ex02/ex02_happy_02_00690.wav,"I think you were, just a little bit.  Since I threw you under the bus with mom and dad anyway.",Nonverbal_ex02,happy_breath,NonverbalTTS
raw_datasets/NonverbalTTS/id00975/id00975_neutral_02_00691.wav,in Spain and sell in China. We are 😷 employing more than five hundred.,Nonverbal_id00975,neutral,NonverbalTTS
raw_datasets/NonverbalTTS/ex04/ex04_happy_02_00692.wav,"It's seedless, never messy.",Nonverbal_ex04,happy_laugh,NonverbalTTS
raw_datasets/NonverbalTTS/id08249/id08249_happy_02_00693.wav,"Yeah, that was  straight. It was a coincidence, wasn't it, when  we saw the Scotland line up and Ketch was playing it right back, did a good job.  So we've got options there and also Jamie Hansen, who will fill.",Nonverbal_id08249,happy_breath,NonverbalTTS
raw_datasets/NonverbalTTS/id11220/id11220_neutral_02_00694.wav,"Kids were not having any of their needs met because it is not required in so many of the charters  to even have that sort of part in your education system.  So a lot of people are being left behind. I have in Puncher Train Park  a community development corporation where we residents  initiated our own reconstruction,  but as we got the properties that were sold back in the Road Home program in our community of Puncher Train Park  so that we can put them back into commerce.",Nonverbal_id11220,neutral_breath,NonverbalTTS
raw_datasets/NonverbalTTS/ex02/ex02_other_02_00695.wav,"Uh, a little, um, but, uh,  I'm really trying not to throw up again and, uh, this,  this chicken water's gonna make me do it. So do you wanna clean it for me, please?",Nonverbal_ex02,other_breath,NonverbalTTS
raw_datasets/NonverbalTTS/ex01/ex01_happy_02_00696.wav,Will you answer a survey from Cadderbury Dairy Milk?,Nonverbal_ex01,happy_breath,NonverbalTTS
raw_datasets/NonverbalTTS/id11127/id11127_neutral_02_00697.wav,"🗣️ A lot of times were because  🗣️ they felt that I was young  and they felt, well, wow, you know.",Nonverbal_id11127,neutral_breath,NonverbalTTS
raw_datasets/NonverbalTTS/id08647/id08647_neutral_02_00698.wav,"More and more,  I just felt Mark was a longer term solution for where we wanted to go  over the next five years.",Nonverbal_id08647,neutral_breath,NonverbalTTS
raw_datasets/NonverbalTTS/id08480/id08480_neutral_03_00000.wav,"I mean, you're a very young man. Do you think with the advancing years,  and I speak as a very old man,  Ham?",Nonverbal_id08480,neutral_breath,NonverbalTTS
raw_datasets/NonverbalTTS/ex03/ex03_happy_03_00001.wav,"all of them. m you know, some people do. I wouldn't bother. No, I wouldn't bother peeling them at all.  You're going to grate them. That's hat's That's the key to it. Your our Your  ️ our forearms are going to look like",Nonverbal_ex03,happy_breath,NonverbalTTS
raw_datasets/NonverbalTTS/id10711/id10711_neutral_03_00002.wav,"The truth, right? That's my assumption. Now it doesn't always happen. People get pissed off.  Sometimes they don't like the films that I make,  but I always hope that it will come out and be.",Nonverbal_id10711,neutral_breath,NonverbalTTS
raw_datasets/NonverbalTTS/id10202/id10202_happy_03_00003.wav,"It really is, I think more just that I just like coming back and staying in touch with the country.  Because you know, creative. I mean, definitely.",Nonverbal_id10202,happy_breath,NonverbalTTS
raw_datasets/NonverbalTTS/id11039/id11039_happy_03_00004.wav,"That has I've never,  honestly, I've never felt that that was.",Nonverbal_id11039,happy_breath,NonverbalTTS
raw_datasets/NonverbalTTS/id04784/id04784_neutral_03_00005.wav,"You know, I look up to them. I think they are very brave. They're going through a very hard time,  you know, and they chose to do that for the betterment of all of us.  So yeah, I love to talk.",Nonverbal_id04784,neutral_breath,NonverbalTTS
raw_datasets/NonverbalTTS/ex03/ex03_sad_03_00006.wav,I just feel like  it's such a screw up that I let this happen.,Nonverbal_ex03,sad_breath,NonverbalTTS
raw_datasets/NonverbalTTS/ex02/ex02_happy_03_00008.wav,"You're working on it. Okay, thanks. Great.  Well,  I guess it's time to sip pretty, girl.  Because this is where we're going to be for a while.",Nonverbal_ex02,happy_breath,NonverbalTTS
raw_datasets/NonverbalTTS/id05092/id05092_neutral_03_00009.wav,"Most of the great composers have also great piano music.  But then, you know, you come to a point t to.",Nonverbal_id05092,neutral_breath,NonverbalTTS
raw_datasets/NonverbalTTS/ex01/ex01_happy_03_00010.wav,"I swear, we were like sardines in a can.",Nonverbal_ex01,happy_breath,NonverbalTTS
raw_datasets/NonverbalTTS/ex03/ex03_neutral_03_00011.wav,And  and the temperature of his village he came from is  the temperature that he set the room to in his  yoga classes. And that's how hot yoga started. It's really that simple.,Nonverbal_ex03,neutral_breath,NonverbalTTS
raw_datasets/NonverbalTTS/id08604/id08604_happy_03_00012.wav,"It's quite funny. All my family on my dad's side, they're kind of like the practical joking type.  And I mean, they've got banter. Seeing as like literally.",Nonverbal_id08604,happy_breath,NonverbalTTS
raw_datasets/NonverbalTTS/id04827/id04827_other_03_00013.wav,"And I hope that the model part these days is more like a role model part. And I hope that the mom part represents, obviously, family and being a mother and a wife.  And the mogul is the businesswoman part. So I think it's all about prioritizing your life and doing what's in front of you and not trying to do it all. Trying your best to get it done, but do what's in front of you. Don't stress, don't fret about it. I have a great team. They're very supportive, very smart people a .",Nonverbal_id04827,other_breath,NonverbalTTS
raw_datasets/NonverbalTTS/id11021/id11021_other_03_00014.wav,"You know, I've already, it was my first language. I'm trying to relearn it and this is so tough.  o",Nonverbal_id11021,other_breath,NonverbalTTS
raw_datasets/NonverbalTTS/id11028/id11028_neutral_03_00015.wav,"A great role model for young actors, I think, as well, because, you know, the way she behaves with carries herself on set with every",Nonverbal_id11028,neutral_breath,NonverbalTTS
raw_datasets/NonverbalTTS/ex03/ex03_other_03_00016.wav,"Man, God's gift to the game, God's gift to the school, God's gift to the town, God's gift to his own,  his own,  his own, I was going to say his own hideous, hideous,",Nonverbal_ex03,other_breath,NonverbalTTS
raw_datasets/NonverbalTTS/ex04/ex04_happy_03_00017.wav,"Yeah, I guess ice cream always helps people feel better.",Nonverbal_ex04,happy_laugh,NonverbalTTS
raw_datasets/NonverbalTTS/id10623/id10623_happy_03_00020.wav,"The bottom got a little bit stained, but it was okay, it was still really pretty.  So  I wore this tila dress, it was just like had these little spaghetti straps, it was really cute, had an open back.  I just went with all my friends, I didn't have a date, my mom bought me a corsage,  'cause ️ cause   I was flying my parents for like two weeks straight, I was like.",Nonverbal_id10623,happy_breath,NonverbalTTS
raw_datasets/NonverbalTTS/id10020/id10020_other_03_00021.wav,"Sometimes it does, but sometimes most of the time they're willing to take a chance. Scientists are brave people, you know, they get an idea and then they test it out and they're liable to be wrong. In fact, most of the time they're wrong and they have to get used to uncertainty.",Nonverbal_id10020,other_breath,NonverbalTTS
raw_datasets/NonverbalTTS/id05256/id05256_other_03_00022.wav,Here we go again is the likely refrain.,Nonverbal_id05256,other_breath,NonverbalTTS
raw_datasets/NonverbalTTS/id10932/id10932_neutral_03_00023.wav,"Friend Lindy,  I thought when I went to the BHEC.",Nonverbal_id10932,neutral_breath,NonverbalTTS
raw_datasets/NonverbalTTS/id05003/id05003_happy_03_00024.wav,"And whatever, do your own thing.  But by and large, I'd say I'm pretty lucky, also as an actor to have a regular.",Nonverbal_id05003,happy_breath,NonverbalTTS
raw_datasets/NonverbalTTS/ex01/ex01_other_03_00025.wav,I feel like it would have been even better had they not thrown the little girl up in the air.,Nonverbal_ex01,other_laugh,NonverbalTTS
raw_datasets/NonverbalTTS/ex03/ex03_happy_03_00026.wav,"Great. Great.  Well, it's back and shoulders day for me, but   I can I can meet you where you're at. Is it like leg day or where you at in the workout schedule?",Nonverbal_ex03,happy_breath,NonverbalTTS
raw_datasets/NonverbalTTS/ex01/ex01_happy_03_00028.wav,"I think, I think, uh,  there's an alien right behind you.  Are you being abducted right now?",Nonverbal_ex01,happy_breath,NonverbalTTS
raw_datasets/NonverbalTTS/id10882/id10882_neutral_03_00029.wav,"A down to earth  lovely person. I mean, really I",Nonverbal_id10882,neutral_breath,NonverbalTTS
raw_datasets/NonverbalTTS/ex01/ex01_happy_03_00030.wav,Mm hmm. And so. And so. And  so. And so. And so. And so. And so. Mm 😖 hmm.,Nonverbal_ex01,happy_breath,NonverbalTTS
raw_datasets/NonverbalTTS/ex04/ex04_other_03_00031.wav,"😷🗣️ Yeah, I, uh,  🗣️ I'd never smoked a cigar before. 🗣️ I didn't know you were supposed to not inhale fully. 🗣️ 👃 🗣️",Nonverbal_ex04,other_laugh,NonverbalTTS
raw_datasets/NonverbalTTS/ex01/ex01_neutral_03_00032.wav,"He made friends with them while they were at the table,  if I'm remembering the story correctly.  And so the Sorting Hat thinks for a moment, ponders,  and then allows Harry to join Gryffindor instead of",Nonverbal_ex01,neutral_breath,NonverbalTTS
raw_datasets/NonverbalTTS/ex01/ex01_sad_03_00033.wav,"And you remember when you fell down  and you hurt your leg real bad and you didn't know if you could get up. So much so that I had to come out there and I had to,  you know, motivate you to get up.  And then you remember",Nonverbal_ex01,sad_breath,NonverbalTTS
raw_datasets/NonverbalTTS/id03877/id03877_neutral_03_00034.wav,"are organic in some way and some others is so intellectual that you have to really make it,  make it work and find your place inside in order to make it.",Nonverbal_id03877,neutral_breath,NonverbalTTS
raw_datasets/NonverbalTTS/id05503/id05503_neutral_03_00035.wav,"If a centreman, if a Ford plays a bad game, unless you really pay attention, it lots of time it comes on notice.  And if a defenseman has a bad game or really bad shift,  it becomes a scoring chance.",Nonverbal_id05503,neutral_breath,NonverbalTTS
raw_datasets/NonverbalTTS/ex01/ex01_neutral_03_00036.wav,"And I could see it go into a tree, and then I lost sight of it, and then  the sun set, and  I walked down the cliffs",Nonverbal_ex01,neutral_breath,NonverbalTTS
raw_datasets/NonverbalTTS/id04694/id04694_other_03_00037.wav,"I mean, you know, though, honestly, with the festivals too, I think  it's less about that and more just about kind of bringing great energy and having a great time.",Nonverbal_id04694,other_breath,NonverbalTTS
raw_datasets/NonverbalTTS/id10505/id10505_neutral_03_00038.wav,"🗣️ You know, there was, you know, they really tried to make it as organic as possible. So some of the stuff you see.",Nonverbal_id10505,neutral,NonverbalTTS
raw_datasets/NonverbalTTS/ex03/ex03_happy_03_00039.wav,There is a lot of anger.,Nonverbal_ex03,happy_laugh,NonverbalTTS
raw_datasets/NonverbalTTS/id10510/id10510_neutral_03_00040.wav,"So I understand I didn't know how lucky I am,  but I also look at Meryl Streep.",Nonverbal_id10510,neutral_breath,NonverbalTTS
raw_datasets/NonverbalTTS/id03453/id03453_happy_03_00041.wav,"They were people who jumped back to life,  and I longed to give them solid.",Nonverbal_id03453,happy_breath,NonverbalTTS
raw_datasets/NonverbalTTS/id06502/id06502_other_03_00042.wav,"I disagree because what I think the Sun have done very well over the last few years in particular is I mean one of their page three idol winners, I think her name's Lucy, actually I know her name's Lucy because I follow her on Twitter and I'm sorry that I can't think of her surname.  She's one of the larger page three girls and she will quite often tweet herself about the fact that you don't have to be stick thin and perfect to be a model and she's a larger curvier shaped girl. It isn't perfect girls, it's girl next door.",Nonverbal_id06502,other_breath,NonverbalTTS
raw_datasets/NonverbalTTS/id03871/id03871_happy_03_00043.wav,"You know, here for a day and is playing that part or if it's part of the larger conspiracy and, you know, I don't know. So  some characters come back. I don't know who's a recurring character or who's not. So it's interesting. It has started to affect me. I'm like, I'm suspicious of everyone  I work with now but.",Nonverbal_id03871,happy_breath,NonverbalTTS
raw_datasets/NonverbalTTS/id04144/id04144_other_03_00044.wav,overseas filming.  So every day every 🗣️ everybody was like calling,Nonverbal_id04144,other_breath,NonverbalTTS
raw_datasets/NonverbalTTS/ex03/ex03_happy_03_00045.wav,"So as a kid,  I loved the lifestyles of the rich and famous.",Nonverbal_ex03,happy_laugh,NonverbalTTS
raw_datasets/NonverbalTTS/id10482/id10482_neutral_03_00046.wav,"I mean, that's just always part of playing a role is is  is where it takes you and  the.",Nonverbal_id10482,neutral_breath,NonverbalTTS
raw_datasets/NonverbalTTS/id05741/id05741_neutral_03_00047.wav,"On making sure we have the best people, making sure that we're working with the 😷 best local companies and last but not least, the best acquisitions.",Nonverbal_id05741,neutral,NonverbalTTS
raw_datasets/NonverbalTTS/ex03/ex03_happy_03_00048.wav,"I mean, 🗣️  don't get me wrong. I'd be kind of freaking out too if I was being chased  by a moose,  but the way he was running.",Nonverbal_ex03,happy_laugh,NonverbalTTS
raw_datasets/NonverbalTTS/id05399/id05399_neutral_03_00049.wav,"Same kind of life that I'm detailing without the famous part, forget that. That has nothing to do with it. That's the framework around the reality. O  hose people that are struggling and that are having trouble parenting and that maybe you know, are.",Nonverbal_id05399,neutral_breath,NonverbalTTS
raw_datasets/NonverbalTTS/id10365/id10365_neutral_03_00050.wav,"Well, the members of these communities want to be.",Nonverbal_id10365,neutral_breath,NonverbalTTS
raw_datasets/NonverbalTTS/id08321/id08321_neutral_03_00051.wav,Fantastic for  women who have lumps and bumps.,Nonverbal_id08321,neutral_breath,NonverbalTTS
raw_datasets/NonverbalTTS/id03820/id03820_happy_03_00052.wav,"I don't even know how old I was, but my aunt used to take me to church with her.  And there was a moment where our pastor was just so in, you know, the spirit and felt the Holy Spirit. He's like, Hats.",Nonverbal_id03820,happy_breath,NonverbalTTS
raw_datasets/NonverbalTTS/ex03/ex03_happy_03_00053.wav,Ah!,Nonverbal_ex03,happy_breath,NonverbalTTS
raw_datasets/NonverbalTTS/ex02/ex02_happy_03_00054.wav,"The title track became the fastest selling song on the iTunes store,  with over 1 million downloads in less than a week.  Following her EDM influenced third album, Artpop 2013 and its lead sing",Nonverbal_ex02,happy_breath,NonverbalTTS
raw_datasets/NonverbalTTS/ex04/ex04_happy_03_00055.wav,And no hope to shaking.,Nonverbal_ex04,happy_laugh,NonverbalTTS
raw_datasets/NonverbalTTS/ex04/ex04_happy_03_00056.wav,"If you want to grab a bottle of wine, you can do that, but I don't think we're supposed to do that in the park.  So maybe,  yeah, ask for a paper bag. Wink, wink.  Yup, yup, yup. You know,  we can find a place.",Nonverbal_ex04,happy_breath,NonverbalTTS
raw_datasets/NonverbalTTS/id08280/id08280_other_03_00057.wav,"So, you know, the switch happened. I passed out in the pool of blood and before I move on from there, I just I remember laying there in that pool of blood.",Nonverbal_id08280,other_breath,NonverbalTTS
raw_datasets/NonverbalTTS/ex03/ex03_sad_03_00058.wav,"I just, I can't stop leaving food out for him. It's just, you know,  it's a habit. I fill his water bowl and I  fill his dry food every morning, like I always did.",Nonverbal_ex03,sad_breath,NonverbalTTS
raw_datasets/NonverbalTTS/ex01/ex01_sad_03_00059.wav,"Denver,  he's the son of a fundamentalist preacher.",Nonverbal_ex01,sad_breath,NonverbalTTS
raw_datasets/NonverbalTTS/ex03/ex03_neutral_03_00060.wav,"Almost like a...  It's like a code, like as if it's like a message for somebody.",Nonverbal_ex03,neutral_breath,NonverbalTTS
raw_datasets/NonverbalTTS/ex04/ex04_happy_03_00061.wav,"I know. Give me all the food, please.   Oh, boy.",Nonverbal_ex04,happy_breath,NonverbalTTS
raw_datasets/NonverbalTTS/id07351/id07351_other_03_00062.wav,"Before that, we had fifty five thousand people a night in the Tokyo Dome.  I mean, when you play.",Nonverbal_id07351,other_breath,NonverbalTTS
raw_datasets/NonverbalTTS/id03455/id03455_neutral_03_00063.wav,"But this is not the fight we want to have, but I think all Americans want to hear, all Barack Obama wanted to hear,  is the president elect say,",Nonverbal_id03455,neutral_breath,NonverbalTTS
raw_datasets/NonverbalTTS/ex01/ex01_other_03_00064.wav,"Mm hmm. I, you know, that's what, that's what every  Katy Perry lover says, is they had nothing to do with how the  fireworks slipped into their playlist. I mean,  let's just say, I think I've heard you listening to Katy",Nonverbal_ex01,other_breath,NonverbalTTS
raw_datasets/NonverbalTTS/id03947/id03947_neutral_03_00065.wav,"Whenever she wants, but at least once for the shot, you know, and  she hadn't come for the Lebowski show. So I figured, oh, this is going to be the dude's dream. You know, it'd be kind of a busby burke.",Nonverbal_id03947,neutral_breath,NonverbalTTS
raw_datasets/NonverbalTTS/id04005/id04005_happy_03_00066.wav,"Well, I appreciate that. I'm glad I can get some a lot of people younger than me into the sport  and enjoy what they do. You know, that's what I did my whole career is I enjoyed everything. I never regret anything I've done. I love what I do. That's why I'm still running.  It's not about my legacy. It's not about records or anything to me. It's just about how you're having fun and loving what I do.",Nonverbal_id04005,happy_breath,NonverbalTTS
raw_datasets/NonverbalTTS/id07555/id07555_sad_03_00068.wav,"Yeah, he was. He's been a great form truck  and we really wanted it very badly and it's very disappointing that we couldn't quite get there.",Nonverbal_id07555,sad_breath,NonverbalTTS
raw_datasets/NonverbalTTS/id10012/id10012_happy_03_00069.wav,"I listened to a lot of secular music growing up,  but like Rock Manoff's third concerto I  I listen to all the time.",Nonverbal_id10012,happy_breath,NonverbalTTS
raw_datasets/NonverbalTTS/id05875/id05875_neutral_03_00070.wav,And of course Abu Dhabi.  But a world championship event can only take.,Nonverbal_id05875,neutral_breath,NonverbalTTS
raw_datasets/NonverbalTTS/ex03/ex03_neutral_03_00071.wav,"Deep cleansing breaths in through the nose, out through the mouth, while in her downward dog.  And keep on pedaling the dog, wiggle it out, whatever your body needs.",Nonverbal_ex03,neutral_breath,NonverbalTTS
raw_datasets/NonverbalTTS/id04358/id04358_neutral_03_00072.wav,"is going to join us next year.  And so  not only we consolidate peace among our members, but we can be a way of expanding this.",Nonverbal_id04358,neutral_breath,NonverbalTTS
raw_datasets/NonverbalTTS/ex02/ex02_sad_03_00073.wav,It's very...  How do you say this? Um...,Nonverbal_ex02,sad_breath,NonverbalTTS
raw_datasets/NonverbalTTS/id10911/id10911_neutral_03_00074.wav,"In some points, but in other points,  the American landscapes are seen.",Nonverbal_id10911,neutral_breath,NonverbalTTS
raw_datasets/NonverbalTTS/id06982/id06982_other_03_00075.wav,"And then you start to understand, you start to see the fruits of it in your marriage, obviously fruits in the children  that you're blessed with. As great gift for the church. You know, it's often looked at on the outside as, oh man, if you're Catholic, you.",Nonverbal_id06982,other_breath,NonverbalTTS
raw_datasets/NonverbalTTS/id10254/id10254_neutral_03_00077.wav,"It sinks since that, being a part of Star Wars,  you are immortalized.",Nonverbal_id10254,neutral_breath,NonverbalTTS
raw_datasets/NonverbalTTS/id10713/id10713_happy_03_00078.wav,"So like, I just would black out. I don't remember  filming it. It's such a weird thing. I don't know how to explain it. I don't know if it's some sort of mental problem.",Nonverbal_id10713,happy_laugh,NonverbalTTS
raw_datasets/NonverbalTTS/id11098/id11098_neutral_03_00079.wav,"🗣️ I had all his records, and all his songs were written by Barry Gordon.",Nonverbal_id11098,neutral,NonverbalTTS
raw_datasets/NonverbalTTS/id05960/id05960_neutral_03_00080.wav,"Because without the fans, you know, in the business side of it, you don't sell merchandise. You know, if you come off as a guy that nobody likes, nobody wants to buy you stuff, you know.  But besides that fact, you know, fans pay hard money, sometimes light bill money, carnote money.",Nonverbal_id05960,neutral_breath,NonverbalTTS
raw_datasets/NonverbalTTS/ex03/ex03_other_03_00081.wav,"Thank you so much for inviting me, man. Being back in live theater. I haven't seen a play since lockdown. This is   really great to be here.  remind me what this play is about.",Nonverbal_ex03,other_breath,NonverbalTTS
raw_datasets/NonverbalTTS/id04272/id04272_other_03_00082.wav,"And that's the downside. You can ruin a reputation, you can destroy a character.  So there is an upside and a downside.",Nonverbal_id04272,other_breath,NonverbalTTS
raw_datasets/NonverbalTTS/ex04/ex04_surprised_03_00083.wav,"Yes,  good boy, Oscar, good boy. Yes, a peanut for you, good boy, yes.  And two peanuts, all right, two peanuts for you.",Nonverbal_ex04,surprised_breath,NonverbalTTS
raw_datasets/NonverbalTTS/id04334/id04334_neutral_03_00084.wav,"But what are they doing? Cutting teachers' salaries. Now, you're not going to attract the best people into education  if you don't pay them.  I mean, that's simple economics.  So what they're doing is cutting taxes on corporations. The most dramatic story was GE that had billions of dollars of profits and wanted to get a rebate from the US government.  So you have people.",Nonverbal_id04334,neutral_breath,NonverbalTTS
raw_datasets/NonverbalTTS/ex02/ex02_sad_03_00085.wav,"before the session. But  I just wanted to say I didn't want this to go this way and I'm really, really sorry. I'm not trying to take  stuff",Nonverbal_ex02,sad_breath,NonverbalTTS
raw_datasets/NonverbalTTS/id10108/id10108_neutral_03_00086.wav,Eugene O'Neill writes a speech for his mother in the middle,Nonverbal_id10108,neutral_breath,NonverbalTTS
raw_datasets/NonverbalTTS/ex01/ex01_sad_03_00087.wav,"I just, it's just like, I spent so much money, you know, preparing for this interview and 👃 to get so close and just  not in, I'm just not it. I'm just,",Nonverbal_ex01,sad_breath,NonverbalTTS
raw_datasets/NonverbalTTS/ex01/ex01_sad_03_00088.wav,"Yeah, sure, I'll take a tissue.  Oh, shoot, I'm so they're gonna be a little salty. 👃",Nonverbal_ex01,sad,NonverbalTTS
raw_datasets/NonverbalTTS/id07166/id07166_neutral_03_00089.wav,Manipur is famous for boxing Manipur Mizuram  or there are large parts of North India.,Nonverbal_id07166,neutral_breath,NonverbalTTS
raw_datasets/NonverbalTTS/id10203/id10203_neutral_03_00090.wav,"I mean, I've never experienced anything like it and I will never experience it again. 😷 And the reason is,",Nonverbal_id10203,neutral,NonverbalTTS
raw_datasets/NonverbalTTS/id11008/id11008_happy_03_00091.wav,"Is  Well, it's as fast as a slow car is, but it's a slow car.  And",Nonverbal_id11008,happy_breath,NonverbalTTS
raw_datasets/NonverbalTTS/id10260/id10260_neutral_03_00092.wav,It's a way for black  Americans to express themselve,Nonverbal_id10260,neutral_breath,NonverbalTTS
raw_datasets/NonverbalTTS/id07413/id07413_neutral_03_00093.wav,"Lifelong loyalty and friendship, and Meryl,  you have my loyalty and friendship because you're a truly special person and a great actress.",Nonverbal_id07413,neutral_breath,NonverbalTTS
raw_datasets/NonverbalTTS/ex01/ex01_happy_03_00094.wav,"Some of these kids make stronger acting choices than I've seen in movies in a long time,  I can tell you that.   Did you,  Did you, Did you like  like the one where they  took the plane and   they came",Nonverbal_ex01,happy_breath,NonverbalTTS
raw_datasets/NonverbalTTS/id11073/id11073_neutral_03_00095.wav,"That's magnificent. I mean, it's something I've never seen. And  the commitment with, I think, that we have.",Nonverbal_id11073,neutral_breath,NonverbalTTS
raw_datasets/NonverbalTTS/id05768/id05768_neutral_03_00096.wav,"Sisters have been investing in creating opportunities for individuals  to go the best journey possible into themselves, make themselves the best, the strongest they can be,  and then to be strong for themselves, their families, their communities, their workplace, for their country, for this world,  but to bring out to that world not just the gift of the person who's educated in the academic sense, but also though that is important  and very important, but the person who well, in the words of Cardinal Newman, knowledge is one thing, virtue is an.",Nonverbal_id05768,neutral_breath,NonverbalTTS
raw_datasets/NonverbalTTS/ex04/ex04_happy_03_00099.wav,"Yes!  Good boy, Oscar! Here's a cracker!  Who wants a cracker? Does Oscar want a cracker?",Nonverbal_ex04,happy_breath,NonverbalTTS
raw_datasets/NonverbalTTS/id10439/id10439_other_03_00101.wav,"with Pablo and I remember getting Judas Regan on the phone. I remember saying  even to her,  this happened to me. I sent it to my editor, Cal Morgan, up at Regan Imprint.",Nonverbal_id10439,other_breath,NonverbalTTS
raw_datasets/NonverbalTTS/id10505/id10505_neutral_03_00102.wav,"We went pretty wild when we first arrived.  But you know, spending a month.",Nonverbal_id10505,neutral_breath,NonverbalTTS
raw_datasets/NonverbalTTS/id10691/id10691_neutral_03_00103.wav,"They're great stories.  And then people that have heard about the stories, they say, oh well, I have to watch that show that you've talked about.",Nonverbal_id10691,neutral_breath,NonverbalTTS
raw_datasets/NonverbalTTS/ex04/ex04_other_03_00104.wav,"Okay,  I...  I think he's... I think he's still alive. Do o...",Nonverbal_ex04,other_breath,NonverbalTTS
raw_datasets/NonverbalTTS/id10166/id10166_neutral_03_00105.wav,"You know, to make a movie in a box for an hour to make it work, an hour and a half to make it work. And  then I, you know, I read.",Nonverbal_id10166,neutral_breath,NonverbalTTS
raw_datasets/NonverbalTTS/id07719/id07719_neutral_03_00106.wav,serious wealth in this country  has done anything other than allow it to roll forward and not have to pay taxes on an ongoing basis.,Nonverbal_id07719,neutral_breath,NonverbalTTS
raw_datasets/NonverbalTTS/id08674/id08674_neutral_03_00107.wav,And I'm very proud on that. That at the end there was lots of pressure with a four time world champion behind him  and the communications on the radio was all cool and  bar  one breaking. There was no mistake at all in the final.,Nonverbal_id08674,neutral_breath,NonverbalTTS
raw_datasets/NonverbalTTS/ex03/ex03_other_03_00108.wav,"fen And then he embraced her.  But she's like,  she's just on the very edge and she is just  like laying back in his arms. And then look at their hands. Look at  just look at how look at how he's holding.",Nonverbal_ex03,other_breath,NonverbalTTS
raw_datasets/NonverbalTTS/ex04/ex04_sad_03_00109.wav,"Oh my gosh, no.  You are No, you're too nice. And even just the offer is making No, it's okay. 👃 No, you",Nonverbal_ex04,sad_breath,NonverbalTTS
raw_datasets/NonverbalTTS/id02948/id02948_happy_03_00110.wav,"But actually, I ended up the well got refilled. I I was",Nonverbal_id02948,happy_laugh,NonverbalTTS
raw_datasets/NonverbalTTS/id03525/id03525_neutral_03_00111.wav,"Eric was an invention of his, which I think is great, which is like, you know,  the idiot, you can use it any time, but he's really a good guy, do the errands, and he's also, you can teach him things about the business. And Lady Jay, the Lady Jay.",Nonverbal_id03525,neutral_breath,NonverbalTTS
raw_datasets/NonverbalTTS/id10994/id10994_sad_03_00113.wav,"Friend vibe. And then, you know, obviously we had to do some kind of nearly romantic stuff as well.  Yeah, it was all very difficult.",Nonverbal_id10994,sad_breath,NonverbalTTS
raw_datasets/NonverbalTTS/id08064/id08064_neutral_03_00115.wav,"👃 With them, yeah, you know, obviously they've come in off two wins, so they're very happy about that, you know.",Nonverbal_id08064,neutral,NonverbalTTS
raw_datasets/NonverbalTTS/id10203/id10203_neutral_03_00116.wav,"And given each program was given several viewings  and the queues stretched round the gallery, right around the block in Washington to get into this.  And Kay went over, I think for the premiere, but certainly for one of the performances and gave an address. 👃 And he says in his memoirs.",Nonverbal_id10203,neutral_breath,NonverbalTTS
raw_datasets/NonverbalTTS/ex01/ex01_happy_03_00117.wav,I remember because  I remember  I remember C12 like it's  a traumatic experience  for me.,Nonverbal_ex01,happy_laugh,NonverbalTTS
raw_datasets/NonverbalTTS/ex04/ex04_happy_03_00118.wav,I think the shares are good value.,Nonverbal_ex04,happy_laugh,NonverbalTTS
raw_datasets/NonverbalTTS/id03158/id03158_neutral_03_00119.wav,"I don't even get to see South African culture often in the US. It's so underrepresented. So  I think,",Nonverbal_id03158,neutral_breath,NonverbalTTS
raw_datasets/NonverbalTTS/ex03/ex03_happy_03_00120.wav,"Well, I guess our lives aren't all that different, are they, Einstein?",Nonverbal_ex03,happy_laugh,NonverbalTTS
raw_datasets/NonverbalTTS/id10457/id10457_neutral_03_00121.wav,"So I was very happy to do again a movie, to make a movie with him.",Nonverbal_id10457,neutral_breath,NonverbalTTS
raw_datasets/NonverbalTTS/id04586/id04586_neutral_03_00122.wav,"Cosmos who played for Santos and winning everything with the Brazilian national team.  But I believe when Maradona played football, it was more",Nonverbal_id04586,neutral_breath,NonverbalTTS
raw_datasets/NonverbalTTS/id10104/id10104_other_03_00124.wav,"And it just goes from bad to worse, basically. One of my    one of my minions is dispatched rather early in his career because of this gentleman. So I have to extract revenge. And the bounty part of it is where I put a price on.",Nonverbal_id10104,other_breath,NonverbalTTS
raw_datasets/NonverbalTTS/ex01/ex01_happy_03_00125.wav,"How does that even happen? Like,  where does that even come from? 👃 But, um, we, uh, I, I really enjoyed their grilled salmon with the broccoli and the lemon wedges and, yeah,  salt and pepper.",Nonverbal_ex01,happy_breath,NonverbalTTS
raw_datasets/NonverbalTTS/id11093/id11093_neutral_03_00126.wav,"Something you're just becoming comfortable with, learning how to work with 🗣️ is taken away from you, he's in trouble. So we got to be.",Nonverbal_id11093,neutral,NonverbalTTS
raw_datasets/NonverbalTTS/id04285/id04285_other_03_00127.wav,"So, so I was just trying to  trying to trying to not get stuck between him and th",Nonverbal_id04285,other_breath,NonverbalTTS
raw_datasets/NonverbalTTS/id10317/id10317_neutral_03_00128.wav,Useful in the story and I hope very fulfilling to watch is that these characters who on the surface seem so free Marla Norton is a sort of cocktail party soubrette  and Lois rambles around the countryside on her bicycle making frien.,Nonverbal_id10317,neutral_breath,NonverbalTTS
raw_datasets/NonverbalTTS/ex03/ex03_other_03_00129.wav,"Yeah, something about the gravitation.  You know It has a certain pull on you know on on the genitalia. He has some",Nonverbal_ex03,other_breath,NonverbalTTS
raw_datasets/NonverbalTTS/id10919/id10919_other_03_00130.wav,"He's Mavis's sounding board in conscience, except that  he so clearly is not utilizing  the wisdom that he's doling out on himself.  And thus, she has  😷 free rein to just call him on stuff and go, well, you're not doing it. I don't need to.  You know. So there's that kind of frustration there, which I love that   it's two equals going at a t.",Nonverbal_id10919,other_breath,NonverbalTTS
raw_datasets/NonverbalTTS/id07708/id07708_neutral_03_00131.wav,"I think purely because we kind of focused on that scene during the audition process. And  to me, it's sort of the beginning of the end. And I think that,  you know, there was so much kind of pressure I put on it myself and on myself for that moment  that, you know, I really got  it was quite an emotional moment as equally. So, you know, everything, everything kind of boiling around to that point was was was  was really challenging, really tough to.",Nonverbal_id07708,neutral_breath,NonverbalTTS
raw_datasets/NonverbalTTS/id06351/id06351_other_03_00132.wav,"Margin is  A, B, that the concern I have is big dark money coming in, fossil fuel money, Wall Street money, special interest money, dark coming in in a big way. But 🗣️ we have we're very proud of our chairman, Ben Ray Lujan.",Nonverbal_id06351,other_breath,NonverbalTTS
raw_datasets/NonverbalTTS/ex03/ex03_happy_03_00133.wav,Done! Purchase is complete.  Is there anything else?,Nonverbal_ex03,happy_laugh,NonverbalTTS
raw_datasets/NonverbalTTS/ex01/ex01_disgusted_03_00134.wav,"Okay. Ow, 😖 ow, ow, ow. God.",Nonverbal_ex01,disgusted,NonverbalTTS
raw_datasets/NonverbalTTS/ex02/ex02_happy_03_00135.wav,"I do know where Mexico City is.  Mexico City is the capital of Mexico,  and they're known for having incredible places and stays for people to get away.  Hey, do you know where Florence is?",Nonverbal_ex02,happy_breath,NonverbalTTS
raw_datasets/NonverbalTTS/ex01/ex01_other_03_00136.wav,"😖 What was your favorite part? What was your favorite, favorite part?",Nonverbal_ex01,other,NonverbalTTS
raw_datasets/NonverbalTTS/ex04/ex04_disgusted_03_00137.wav,I don't think it's ever gonna end. 😖 Here's the urine corner. 😤,Nonverbal_ex04,disgusted,NonverbalTTS
raw_datasets/NonverbalTTS/id08601/id08601_sad_03_00138.wav,"You know, it's one of my big hopes about the album is what you say, you know, if there are people out there who are in a similar position where they feel  afraid or ashamed or, you know, insecure or anxious or any of these things, that maybe if the record encourages them to try and seek help and to talk to other people.",Nonverbal_id08601,sad_breath,NonverbalTTS
raw_datasets/NonverbalTTS/ex02/ex02_happy_03_00140.wav,"Oh,  like dusting for fingerprints?",Nonverbal_ex02,happy_laugh,NonverbalTTS
raw_datasets/NonverbalTTS/ex04/ex04_happy_03_00142.wav,Come in! the door's unlocked.,Nonverbal_ex04,happy_laugh,NonverbalTTS
raw_datasets/NonverbalTTS/ex03/ex03_neutral_03_00143.wav,"If you have the capacity to be hurt like this and you have the capacity  to love again, and you will,  there's somebody out there.",Nonverbal_ex03,neutral_breath,NonverbalTTS
raw_datasets/NonverbalTTS/ex02/ex02_happy_03_00144.wav,I haven't eaten in two days.  😤,Nonverbal_ex02,happy_laugh,NonverbalTTS
raw_datasets/NonverbalTTS/ex01/ex01_happy_03_00145.wav,Is that plum you had for lunch?,Nonverbal_ex01,happy_breath,NonverbalTTS
raw_datasets/NonverbalTTS/id11235/id11235_neutral_03_00146.wav,And all of a sudden I get a phone call from my agent and manager.  To,Nonverbal_id11235,neutral_breath,NonverbalTTS
raw_datasets/NonverbalTTS/ex01/ex01_sad_03_00147.wav,"Um,  so,  Marley,  👃 I would say, um,",Nonverbal_ex01,sad_breath,NonverbalTTS
raw_datasets/NonverbalTTS/id11181/id11181_happy_03_00148.wav,Just and it was really she's good.  And I said that's a great shoulder massage and she,Nonverbal_id11181,happy_breath,NonverbalTTS
raw_datasets/NonverbalTTS/id10446/id10446_other_03_00149.wav,"Over twenty five years ago.  But at the time, I just it.",Nonverbal_id10446,other_breath,NonverbalTTS
raw_datasets/NonverbalTTS/id04976/id04976_neutral_03_00150.wav,"out with a few Republican senators so that when he does it, he'll know he has some support on our side of the aisle. Then it needs to go through the regular process in the open light of day.  But this is the kind of presidential leadership we need of the kind that President Johnson gave on",Nonverbal_id04976,neutral_breath,NonverbalTTS
raw_datasets/NonverbalTTS/id06268/id06268_sad_03_00151.wav,"My job cogger, PR Nekarung, if I will not love my job, if I will not love what I do,  big kiss of a cog, I will not survive in my industry for twelve ye.",Nonverbal_id06268,sad_breath,NonverbalTTS
raw_datasets/NonverbalTTS/ex04/ex04_happy_03_00152.wav,"Oh, yeah, yeah, and I can't wait because my mom has a sewing machine  and she just got a new one and it's like, it's so fancy and I've been wanting to try it out,  but I've not had an excuse.  So now I get to make my own little tail.",Nonverbal_ex04,happy_breath,NonverbalTTS
raw_datasets/NonverbalTTS/id06390/id06390_neutral_03_00153.wav,"Not like anybody else's. And so it's like not only a first time look behind the scenes at WWE, but our lives are extraordinary. We're in a different city, state, country, continent every single week. And the travel is often very strenuous and intense, but we get to kind of experience life at its most, you know,  I guess at its richest. So it's a very, you know, tensions can be high sometimes, but I also think, and I do agree with you on this summer, that.",Nonverbal_id06390,neutral_breath,NonverbalTTS
raw_datasets/NonverbalTTS/id05793/id05793_other_03_00154.wav,"A restaurant, a pub,  like  the chef would come out and go,  I made you this. We don't even serve this.",Nonverbal_id05793,other_breath,NonverbalTTS
raw_datasets/NonverbalTTS/id10096/id10096_other_03_00155.wav,Whatever you need.  So I sat down 😷 and I wrote out a.,Nonverbal_id10096,other_breath,NonverbalTTS
raw_datasets/NonverbalTTS/id06967/id06967_neutral_03_00156.wav,"We had, you know, tape developed overnight  or film, I should say.",Nonverbal_id06967,neutral_breath,NonverbalTTS
raw_datasets/NonverbalTTS/ex03/ex03_happy_03_00157.wav,"Well, I think we might have to have a little conversation with your mom, but  that's beside the point. All right. Now, be really quiet for a few seconds here. Listening Listening to your heartbeat.",Nonverbal_ex03,happy_laugh,NonverbalTTS
raw_datasets/NonverbalTTS/id07421/id07421_neutral_03_00158.wav,"Gives you exactly that sort of nail biting  fever that you had before, especially that first season. I don't.",Nonverbal_id07421,neutral_breath,NonverbalTTS
raw_datasets/NonverbalTTS/ex03/ex03_other_03_00159.wav,"I have never met anyone so anal. That spot in the corner, don't forget that spot in the corner! Like, I got her voices just like, ugh. 😤",Nonverbal_ex03,other,NonverbalTTS
raw_datasets/NonverbalTTS/id11086/id11086_neutral_03_00160.wav,"Single,  which was the first time that had happened in our career. We'd had something like sixteen straight radio.",Nonverbal_id11086,neutral_breath,NonverbalTTS
raw_datasets/NonverbalTTS/ex02/ex02_happy_03_00161.wav,Of course.  So why don't you go ahead and draw? What's your favorite color that you can draw on? You can pick any color construction paper.,Nonverbal_ex02,happy_breath,NonverbalTTS
raw_datasets/NonverbalTTS/id03351/id03351_neutral_03_00162.wav,"After the euros, maybe for the euros is not such a problem, but once the euros are finished,  the new season starts in England,  then the manager has to either be a Premier League manager if it's someone who manages in the Premier League  or the England manager to do the two jobs, it would be impossible.",Nonverbal_id03351,neutral_breath,NonverbalTTS
raw_datasets/NonverbalTTS/id02981/id02981_other_03_00163.wav,"He followed where the ball went rather than what happened afterwards,  which would have been unfair on Chef Wednesday, of course, to have gone in one mill.  But at that point, you know, you've rode a little bit of luck. You've had to change things and now it's about how you react. A and we sd",Nonverbal_id02981,other_breath,NonverbalTTS
raw_datasets/NonverbalTTS/id10209/id10209_neutral_03_00164.wav,He finished singing. We go to his dressing room and we start talking to him. 👃,Nonverbal_id10209,neutral,NonverbalTTS
raw_datasets/NonverbalTTS/id11016/id11016_neutral_03_00165.wav,"You know, the things that were the same were hot and corsets and kids,  but yet very different. And a traditionally a bit of movie knowledge. The train that we traveled in or got in in Mary Poppins was the train that was used, one of the trains that was used in the Lone Ranger. So there you go, that's for any mo.",Nonverbal_id11016,neutral_laugh,NonverbalTTS
raw_datasets/NonverbalTTS/id10011/id10011_other_03_00166.wav,"So I'm pumping the brakes, get it stopped.  A promoter, Tony Candela, who's a one of  a kind, says, Ah, it's not bad. I'll drive through. So he decides he's going to drive through. I said, I have Addit Boss tro i ks.",Nonverbal_id10011,other_breath,NonverbalTTS
raw_datasets/NonverbalTTS/ex02/ex02_other_03_00167.wav,"Exactly.  And building something new out of the broken.  You know, kind of like what rises out of the ashes.",Nonverbal_ex02,other_breath,NonverbalTTS
raw_datasets/NonverbalTTS/id06005/id06005_happy_03_00168.wav,"I'm a grown man. I'm actually worried about whether they're going to  make it or not. You know, I'm really caught up in the story, which which.",Nonverbal_id06005,happy_laugh,NonverbalTTS
raw_datasets/NonverbalTTS/id08546/id08546_neutral_03_00170.wav,o they know  that they're not going to overschedule.,Nonverbal_id08546,neutral_breath,NonverbalTTS
raw_datasets/NonverbalTTS/id10256/id10256_neutral_03_00171.wav,"They were both have done an incredible job and 😷 maybe you need a woman to sort of,  yeah, you need to tell stories about, yeah, maybe they're the only ones that could.",Nonverbal_id10256,neutral_breath,NonverbalTTS
raw_datasets/NonverbalTTS/id10364/id10364_neutral_03_00172.wav,"It's a good capo, it's a good sort of  fun story about these two guys.",Nonverbal_id10364,neutral_breath,NonverbalTTS
raw_datasets/NonverbalTTS/id02343/id02343_neutral_03_00173.wav,"Senator Casey, Vice President Biden have tried to talk him into it, but he's bound and determined  to stay a Republican. He doesn't want to see Republican moderates vanish from the earth.",Nonverbal_id02343,neutral_breath,NonverbalTTS
raw_datasets/NonverbalTTS/id06121/id06121_happy_03_00174.wav,"And I was just pissed off that he was such a great fighter too.  And I was, I was just pissed off.",Nonverbal_id06121,happy_laugh,NonverbalTTS
raw_datasets/NonverbalTTS/id10516/id10516_other_03_00175.wav,And that it's a real like  sense of pride in doing that together I think that helped us.  Plus I just really.,Nonverbal_id10516,other_breath,NonverbalTTS
raw_datasets/NonverbalTTS/id06676/id06676_neutral_03_00177.wav,Is electoral democracy.  We think that when we conduct a free and fair elec.,Nonverbal_id06676,neutral_breath,NonverbalTTS
raw_datasets/NonverbalTTS/id10210/id10210_neutral_03_00178.wav,"epresented in terms of a familial idea, if you will.  And  so the family that I'm part of in the film, they're very conservative and determined, and that causes some conflict with the other family we're part of, which I think is emblematic of something that everybody can.",Nonverbal_id10210,neutral_breath,NonverbalTTS
raw_datasets/NonverbalTTS/ex03/ex03_neutral_03_00179.wav,And...  And,Nonverbal_ex03,neutral_breath,NonverbalTTS
raw_datasets/NonverbalTTS/id07577/id07577_neutral_03_00180.wav,"m but I think it's essential that we we we have apprenticeships, that we give young people training, we give them the knowledge, give them the same.",Nonverbal_id07577,neutral_breath,NonverbalTTS
raw_datasets/NonverbalTTS/ex01/ex01_other_03_00181.wav,"Thank you. Oh, I'm so glad your body is like a napkin.  Okay, good.",Nonverbal_ex01,other_breath,NonverbalTTS
raw_datasets/NonverbalTTS/id08711/id08711_other_03_00182.wav,"Also by not feeling, but not buying into anger, just by trying to give as much as I could. My mother was a very generous woman, very Christian like,  and she said it doesn't matter.",Nonverbal_id08711,other_breath,NonverbalTTS
raw_datasets/NonverbalTTS/ex03/ex03_happy_03_00184.wav,"actual clothes in it.   We have to hire him just so we can do that.  All right. I'm like, I'm making an executive decision. He's hired.",Nonverbal_ex03,happy_laugh,NonverbalTTS
raw_datasets/NonverbalTTS/id05838/id05838_neutral_03_00185.wav,They bring a lot to the table. They're like  artist actors. They're not.,Nonverbal_id05838,neutral_breath,NonverbalTTS
raw_datasets/NonverbalTTS/id11228/id11228_other_03_00186.wav,"So I was like, oh, I'll do it for sure. And then as I got out there, I realized,  how do I know that this thing's,",Nonverbal_id11228,other_breath,NonverbalTTS
raw_datasets/NonverbalTTS/ex04/ex04_happy_03_00187.wav,I can read! PB and J with the crusts cut off...,Nonverbal_ex04,happy_laugh,NonverbalTTS
raw_datasets/NonverbalTTS/ex03/ex03_sad_03_00188.wav,I got to close the door and I didn't see Cooper run out because I was  distracted talking to mom and then,Nonverbal_ex03,sad_breath,NonverbalTTS
raw_datasets/NonverbalTTS/id10620/id10620_happy_03_00189.wav,And I'm so pleased. I should have had to I'm thirty five.  It's about time.,Nonverbal_id10620,happy_laugh,NonverbalTTS
raw_datasets/NonverbalTTS/id03896/id03896_neutral_03_00190.wav,"learned something and came no. This film somewhere we feel that we are still students. Somewhere we are learning  that in certain places I was struck, I was to perform.",Nonverbal_id03896,neutral_breath,NonverbalTTS
raw_datasets/NonverbalTTS/id10973/id10973_neutral_03_00191.wav,"But somehow they're there every night, still drinking together and still laughing  because there's something, some shared experience that motivates them through their lives. And that's exactly what happened in this story, which is why it was so enjoyable to do because  Jude is a very generous and charismatic person to be around.",Nonverbal_id10973,neutral_breath,NonverbalTTS
raw_datasets/NonverbalTTS/ex04/ex04_happy_03_00192.wav,"OK, Barbara Long.  And which Evans, Dorothy Evens or  Jessica Evans?",Nonverbal_ex04,happy_laugh,NonverbalTTS
raw_datasets/NonverbalTTS/ex03/ex03_happy_03_00193.wav,"In Los Angeles tomorrow afternoon,  there'll  be rain.",Nonverbal_ex03,happy_breath,NonverbalTTS
raw_datasets/NonverbalTTS/id04045/id04045_neutral_03_00194.wav,"🗣️ She never had time to go to class. So she was waiting on other young girls her age. She entered into like a sexual relationship with her stepfather at a really young age, at about eleven.",Nonverbal_id04045,neutral,NonverbalTTS
raw_datasets/NonverbalTTS/ex03/ex03_other_03_00195.wav,"as some kind of animal? No,  it's more like a plane or something? I can't reason what would sound like that.",Nonverbal_ex03,other_breath,NonverbalTTS
raw_datasets/NonverbalTTS/ex04/ex04_happy_03_00196.wav,"Celebrity Jeopardy!  Yeah, with Will Ferrell as Alex Trebek.  And they had the guy who was pretending his name was Turd Ferguson.  Yeah. What a funny name.",Nonverbal_ex04,happy_breath,NonverbalTTS
raw_datasets/NonverbalTTS/id06013/id06013_neutral_03_00197.wav,"Um, not really because I, I, you know, you've got some of the best players in the world there. I mean, I'm, I'm not stupid. I mean, at eighteen or nineteen, I probably would have been playing every week in that team, but you know, I've, I've had.",Nonverbal_id06013,neutral_breath,NonverbalTTS
raw_datasets/NonverbalTTS/ex01/ex01_other_03_00198.wav,"Oh, really? I mean, I'm probably gonna hire a bartender.",Nonverbal_ex01,other_laugh,NonverbalTTS
raw_datasets/NonverbalTTS/id10631/id10631_happy_03_00199.wav,"Definitely say it's weird to have like a famous actor as a father. And  nd I told her that, well, I know it's a lot.",Nonverbal_id10631,happy_laugh,NonverbalTTS
raw_datasets/NonverbalTTS/ex02/ex02_sad_03_00200.wav,Yes.,Nonverbal_ex02,sad_breath,NonverbalTTS
raw_datasets/NonverbalTTS/ex03/ex03_happy_03_00201.wav,Our publicity's  overwhelmed.,Nonverbal_ex03,happy_laugh,NonverbalTTS
raw_datasets/NonverbalTTS/id05994/id05994_neutral_03_00202.wav,"playing the piano and I never stopped. I got out of high school. I didn't go to college. I started playing in piano bars.  I worked for a while as a dance accompanist at Ohio State University. I was living in Columbus, Ohio.  Age twenty, I moved to Los Angeles. I started playing in piano bars and then I met Ira Gershwin and  spent six years with him.",Nonverbal_id05994,neutral_breath,NonverbalTTS
raw_datasets/NonverbalTTS/ex04/ex04_happy_03_00203.wav,"witnessing music in the making.  And, uh,  oh boy, this next contestant has been  quite the, quite the ringing in the ears, in fact.  Can definitely",Nonverbal_ex04,happy_breath,NonverbalTTS
raw_datasets/NonverbalTTS/id11150/id11150_neutral_03_00204.wav,"I thought that because I had graduated from high school and was going straight into like a kind of real person job, like everything  would be fine. But if anything, playing Jessica probably.",Nonverbal_id11150,neutral_laugh,NonverbalTTS
raw_datasets/NonverbalTTS/ex03/ex03_happy_03_00205.wav,"And then at the end, they show pictures of the real people who the characters are based on. And   wow.",Nonverbal_ex03,happy_breath,NonverbalTTS
raw_datasets/NonverbalTTS/ex04/ex04_sad_03_00207.wav,Yeah.,Nonverbal_ex04,sad_breath,NonverbalTTS
raw_datasets/NonverbalTTS/id04045/id04045_neutral_03_00208.wav,"In exchange for education, but she was never, 🗣️ she never had time to go to class. So she was waiting on other young girls her age. She entered into like a sexual relationship with her stepfather at a really young age, at about eleven.",Nonverbal_id04045,neutral,NonverbalTTS
raw_datasets/NonverbalTTS/ex04/ex04_sad_03_00209.wav,I can't help it. I'm sorry. I don't want to dismear. She did such a good job. 👃,Nonverbal_ex04,sad,NonverbalTTS
raw_datasets/NonverbalTTS/id10361/id10361_neutral_03_00210.wav,Satisfying emotional noise that comes out of these things in one way or the other.  And  the,Nonverbal_id10361,neutral_breath,NonverbalTTS
raw_datasets/NonverbalTTS/id02080/id02080_neutral_03_00211.wav,So the question is why is this important?  I got a couple of examples. A marine who lost an eye  and the use of his right arm and leg from an IED explosion.,Nonverbal_id02080,neutral_breath,NonverbalTTS
raw_datasets/NonverbalTTS/id06963/id06963_neutral_03_00212.wav,"Start going well.  What if we do this? What if they do that? You know, you start playing the what if game. I think when you're trying to get ready for a new opponent, which I consider Seattle,  the more time you have, it's beneficial.",Nonverbal_id06963,neutral_breath,NonverbalTTS
raw_datasets/NonverbalTTS/id11182/id11182_other_03_00213.wav,"If I can achieve something or do something,  but the stories are so intertwined.",Nonverbal_id11182,other_breath,NonverbalTTS
raw_datasets/NonverbalTTS/id01315/id01315_neutral_03_00214.wav,"And they hold it for a decade,  right?  Because they know that the drugging technology is far ahead of the testing technology.",Nonverbal_id01315,neutral_breath,NonverbalTTS
raw_datasets/NonverbalTTS/ex04/ex04_happy_03_00215.wav,"Oh boy, I wasn't expecting it. It came in hot.  I mean, there's a penis museum, but it's the only museum that I know about, so we don't want to talk about that. Yeah, yeah, yeah.   It's the only one I've heard of, so...",Nonverbal_ex04,happy_breath,NonverbalTTS
raw_datasets/NonverbalTTS/id04215/id04215_neutral_03_00216.wav,"I think it does, yeah. I mean, two years ago, I played so well and I came straight from London too  from the Olympics. So I remember playing extremely well here two years ago and I hope to I hope to duplicate that this year.",Nonverbal_id04215,neutral_breath,NonverbalTTS
raw_datasets/NonverbalTTS/id04655/id04655_neutral_03_00217.wav,"I don't tend to go either one or the other as a rule of thumb.  Personally for me, I'm much more quicker and easier.",Nonverbal_id04655,neutral_breath,NonverbalTTS
raw_datasets/NonverbalTTS/ex03/ex03_other_03_00218.wav,"The air here is just...  Oh, it's just...",Nonverbal_ex03,other_breath,NonverbalTTS
raw_datasets/NonverbalTTS/id04102/id04102_happy_03_00219.wav,"You know, not every game you can enjoy, you know.  I seem to play better football, but other players are different, you know, the more intense they are and the more upfront they get, the more aggressive it works for them. So every player is different, I feel. But he certainly is an aggressive player. That don't happen a lot though. He's chucked a right up there and got sent off. But yeah, as I said.",Nonverbal_id04102,happy_breath,NonverbalTTS
raw_datasets/NonverbalTTS/ex04/ex04_happy_03_00220.wav,"It's a good unimportant, you know?",Nonverbal_ex04,happy_breath,NonverbalTTS
raw_datasets/NonverbalTTS/id10353/id10353_happy_03_00222.wav,"sort of sterile office environment.  And yet he makes, you know, the atmosphere on set very focused, but also  just, you know, I don't know, he has this paternal warmth about him.",Nonverbal_id10353,happy_breath,NonverbalTTS
raw_datasets/NonverbalTTS/ex03/ex03_happy_03_00223.wav,"And they  kept going, well, nobody knows who he is.",Nonverbal_ex03,happy_laugh,NonverbalTTS
raw_datasets/NonverbalTTS/id07161/id07161_neutral_03_00224.wav,"different from what people have been saying, but others have been saying this. Jaime Caruana, the general manager of the BIS, has been talking in this vein for some time.  And certainly the BIS has been very forceful in pushing the idea that there are these cross border spillovers which we need to take into account.  And remember, they have credibility because they were arguing that this was important before the financial crisis and saying that this would lead to it. So I in",Nonverbal_id07161,neutral_breath,NonverbalTTS
raw_datasets/NonverbalTTS/ex03/ex03_happy_03_00225.wav,Unwelcome?  I guess someone still has  her panties in a twist.,Nonverbal_ex03,happy_breath,NonverbalTTS
raw_datasets/NonverbalTTS/id04590/id04590_happy_03_00226.wav,"I've been saying that for five years. Nobody told me that's not French.  Many feek. Okay, now I know.",Nonverbal_id04590,happy_breath,NonverbalTTS
raw_datasets/NonverbalTTS/id07617/id07617_happy_03_00227.wav,"No, I mean, I've got I've had kissing, I had a kissing scene before, u.",Nonverbal_id07617,happy_laugh,NonverbalTTS
raw_datasets/NonverbalTTS/ex03/ex03_disgusted_03_00228.wav,"Look how the windows are all fogged up like that. It's like,  I don't even want to know what someone did on those windows. 😖",Nonverbal_ex03,disgusted,NonverbalTTS
raw_datasets/NonverbalTTS/id06195/id06195_happy_03_00229.wav,"Always so important to me, you know,  even going through high school, I made time to do the things that would make me a high school. I went to prom, you know, I had my sleepovers, like I did all of it, and you know, you had to work around it. Like I went to morning workout after prom and after sleepovers,  which was never that fun.",Nonverbal_id06195,happy_breath,NonverbalTTS
raw_datasets/NonverbalTTS/id04432/id04432_neutral_03_00230.wav,Grow in the film and find her voice.  m m,Nonverbal_id04432,neutral_breath,NonverbalTTS
raw_datasets/NonverbalTTS/ex01/ex01_other_03_00231.wav,"I mean, I don't know. I'm not a psychologist. But I mean, if he was, then good for him.",Nonverbal_ex01,other_breath,NonverbalTTS
raw_datasets/NonverbalTTS/id06938/id06938_neutral_03_00232.wav,"And he goes, yeah, whatever dad.  I tell him, don't do this. He goes and does it. I mean, it was like watching me.",Nonverbal_id06938,neutral_breath,NonverbalTTS
raw_datasets/NonverbalTTS/id07988/id07988_neutral_03_00233.wav,"🗣️ You guys did real well. Two titles, then Richwoods, then Central. Two titles. McDonald's.",Nonverbal_id07988,neutral,NonverbalTTS
raw_datasets/NonverbalTTS/id10352/id10352_happy_03_00234.wav,Love story  But it's a love story because a it's about idealism  in a way n.,Nonverbal_id10352,happy_breath,NonverbalTTS
raw_datasets/NonverbalTTS/ex01/ex01_other_03_00235.wav,But basically  what you want to do is  with a lot of these  🗣️,Nonverbal_ex01,other_breath,NonverbalTTS
raw_datasets/NonverbalTTS/id04079/id04079_neutral_03_00236.wav,"the metal on performance and you can mix those.  So  it's not an imperative to hijack, but you bring down a very, very good point that sometimes  going low gives you performance.  And that option",Nonverbal_id04079,neutral_breath,NonverbalTTS
raw_datasets/NonverbalTTS/ex03/ex03_sad_03_00237.wav,Just think of that crew and  that could happen again.,Nonverbal_ex03,sad_breath,NonverbalTTS
raw_datasets/NonverbalTTS/id08659/id08659_neutral_03_00238.wav,They were real  people who were  maybe Star Trek fans.,Nonverbal_id08659,neutral_breath,NonverbalTTS
raw_datasets/NonverbalTTS/id06212/id06212_neutral_03_00239.wav,"I predicted that would be the excuse. I figured the excuse might be, well, it was four o'clock in the morning and he was too tired. 😷 h The Ali Boumaye chants in Africa was dominant for me and he was frightened thinking that if he lost, he'd get beat up or assassinated or probably.",Nonverbal_id06212,neutral,NonverbalTTS
raw_datasets/NonverbalTTS/id08298/id08298_happy_03_00240.wav,"Immediate secret admirers, named Jeep Hedriett, and named after named me mentioned Nikia, but India Forum School,  Pattawa, Corn, Patattatum.",Nonverbal_id08298,happy_breath,NonverbalTTS
raw_datasets/NonverbalTTS/ex03/ex03_neutral_03_00241.wav,"And in the forest on the island, there was this one path that was  was called like fairy woods or wizard, fairy something, maiden woods, something like that. But it was down",Nonverbal_ex03,neutral_breath,NonverbalTTS
raw_datasets/NonverbalTTS/ex01/ex01_other_03_00242.wav,Oh my goodness.  I need some ice water or 😷 something. 😷 God damn.,Nonverbal_ex01,other_breath,NonverbalTTS
raw_datasets/NonverbalTTS/ex04/ex04_happy_03_00243.wav,"I would love to go out onto the lake and have a little bit of a fishing time. It would be very nice to catch some  catch some bass.  I'm just ready to get back out there, but I don't think it's going to happen today, and I'm not sure.",Nonverbal_ex04,happy_breath,NonverbalTTS
raw_datasets/NonverbalTTS/ex04/ex04_happy_03_00245.wav,leave. He had a mission. He was there to collect Harry and take him to Hogwarts. Harry was happy that he was able to leave his aunt and uncle's house. He didn't like it there much.  So  he was ready to go when Hagrid showed up at his doorstep.  He had,Nonverbal_ex04,happy_breath,NonverbalTTS
raw_datasets/NonverbalTTS/id04134/id04134_other_03_00246.wav,"at the very, very back, almost against the chest wall of my right breast, and that there was another smaller tumor, quite a lot smaller,  but about an inch in front of that, but nevertheless that would have to be treated, removed as well.  But is  folo",Nonverbal_id04134,other_breath,NonverbalTTS
raw_datasets/NonverbalTTS/ex03/ex03_angry_03_00247.wav,"It's abandoned airfield.  Now, all the prisoners, they're playing in an ambush. It is all out warfare, this airfield in Carson City.  But Cameron Poe is secretly warning them what's going to happen.",Nonverbal_ex03,angry_breath,NonverbalTTS
raw_datasets/NonverbalTTS/ex02/ex02_happy_03_00248.wav,You can. I  I just don't know. Do you want to do that first thing in the morning when you're having espresso and sit down breakfast?  What if you spill eggs on yourself?,Nonverbal_ex02,happy_breath,NonverbalTTS
raw_datasets/NonverbalTTS/id05986/id05986_neutral_03_00249.wav,"h you  When Ben Franklin left the convention, a woman came up to him and asked, Well, doctor,  what do we have? A monarchy or a republic? He replied, A republic if you can keep",Nonverbal_id05986,neutral_breath,NonverbalTTS
raw_datasets/NonverbalTTS/id04976/id04976_other_03_00250.wav,"We could do that.  But here's the problem. I believe, and I think most people believe, that fishing while the waters come in spilling through the dams is unsafe.",Nonverbal_id04976,other_breath,NonverbalTTS
raw_datasets/NonverbalTTS/ex03/ex03_happy_03_00251.wav,"Oh,  and then  the curtain call when  when they're taking the bows  and the curtain like  like ripped off the ceiling and  and  and  and what's her name got like wrap",Nonverbal_ex03,happy_breath,NonverbalTTS
raw_datasets/NonverbalTTS/id10156/id10156_happy_03_00252.wav,Excited.  Thank you again for giving me this opportunity. We're going to have a blast. I hope I .,Nonverbal_id10156,happy_laugh,NonverbalTTS
raw_datasets/NonverbalTTS/id10022/id10022_neutral_03_00253.wav,"And as luck would have it, 🗣️ or one of those joining up the dot moments was I did a play by Dusty Hughes called ome.",Nonverbal_id10022,neutral,NonverbalTTS
raw_datasets/NonverbalTTS/ex03/ex03_neutral_03_00254.wav,"remember this morning that tree on the corner that I showed you? It's, it's, it's, it's that tall stem without any branches or leaves and then that,  and then",Nonverbal_ex03,neutral_breath,NonverbalTTS
raw_datasets/NonverbalTTS/id10642/id10642_happy_03_00255.wav,"Who was actually selling candy out of her house. And I thought, well, this is a great way to get an audience and buy some candy in  and sway the kids off the playground to come in and watch the show. It was based on the first papa show I found this book.",Nonverbal_id10642,happy_laugh,NonverbalTTS
raw_datasets/NonverbalTTS/ex03/ex03_other_03_00256.wav,"Yeah, well, okay, so, I mean, you remember the basic story, it's, you know, Willy Loman, you know, and his two sons, you know,  Biff and, I forget the other's name,  yeah, and, you know, it's past everything.",Nonverbal_ex03,other_breath,NonverbalTTS
raw_datasets/NonverbalTTS/id10148/id10148_neutral_03_00257.wav,"First of all, I mean, I'm really intelligent. I have lots of gay friends. It's not the reaction that you would have expected from me. It's not the reaction that I expected from myself.  But two reasons. First of all, I was the last person she told. And I kind of found.",Nonverbal_id10148,neutral_breath,NonverbalTTS
raw_datasets/NonverbalTTS/ex03/ex03_happy_03_00258.wav,And maybe Cindy will make some of those crab cakes that   she makes for special occasions.,Nonverbal_ex03,happy_breath,NonverbalTTS
raw_datasets/NonverbalTTS/id10215/id10215_neutral_03_00259.wav,"Kind of yeah, I mean,  I think it's hard because m.",Nonverbal_id10215,neutral_breath,NonverbalTTS
raw_datasets/NonverbalTTS/id06119/id06119_neutral_03_00260.wav,"They came together, they settled down.  We didn't change much  to be honest with you.",Nonverbal_id06119,neutral_breath,NonverbalTTS
raw_datasets/NonverbalTTS/id10417/id10417_neutral_03_00261.wav,"And every actor in the show brings their own talent, you know, like HBO, they don't  they don't employ schmucks.",Nonverbal_id10417,neutral_breath,NonverbalTTS
raw_datasets/NonverbalTTS/id06847/id06847_neutral_03_00262.wav,"from like seventeen, from eleven till seventeen  at overlooks the cathedral.  So, and John Lennon went to the art school next door.",Nonverbal_id06847,neutral_breath,NonverbalTTS
raw_datasets/NonverbalTTS/id08706/id08706_happy_03_00263.wav,"Especially in teenagers.  So the balance is you need to understand how young people are doing. You need the tests and the data on attainment, but we also need to have a broad and balanced curriculum so young people gain those skills for the future, the creativity, the innovation, but also enjoy themselves at school, which I think is quite.",Nonverbal_id08706,happy_breath,NonverbalTTS
raw_datasets/NonverbalTTS/ex02/ex02_happy_03_00265.wav,I don't know.  I keep getting to an escalator and it just  wants to take me up. There's only one level.  I can only go up one more level. There's nowhere else for me to go.,Nonverbal_ex02,happy_breath,NonverbalTTS
raw_datasets/NonverbalTTS/id10730/id10730_happy_03_00268.wav,"That was in a real way one of the most fun parts about the experience was developing and working on the action, the big scope. Ultimately,  it's just about the time you have to spend on it. And when you're thinking about action sequences too.",Nonverbal_id10730,happy_breath,NonverbalTTS
raw_datasets/NonverbalTTS/id10664/id10664_neutral_03_00269.wav,"directly and indirectly influenced by my work with David Lynch, primarily Twin Peaks.  Because",Nonverbal_id10664,neutral_breath,NonverbalTTS
raw_datasets/NonverbalTTS/id07461/id07461_neutral_03_00270.wav,"Well, I think I already have the game to really be there and fight for the big tournaments like the Grand Slams. I played two finals and then a couple of quarter finals.",Nonverbal_id07461,neutral_breath,NonverbalTTS
raw_datasets/NonverbalTTS/id00971/id00971_neutral_03_00271.wav,"Yes, victory tour in Australia, and then I guess we're going to do another one in Korea, so I'm pretty excited about that.  And then in between, I got to get back in the gym to guide our training.  I heard there's some guys out there who want one of guys.",Nonverbal_id00971,neutral_breath,NonverbalTTS
raw_datasets/NonverbalTTS/id09210/id09210_neutral_03_00272.wav,"They have in relation to all the reports that were received and processed by them.  So I have no issue about feeling guilty. My wife  have no business dealings as far as I know.  She is not a director of the VMS,  which is one of the service directors  or the service.",Nonverbal_id09210,neutral_breath,NonverbalTTS
raw_datasets/NonverbalTTS/ex03/ex03_happy_03_00273.wav,"You're criticizing my drinking habits now? Seriously, Kathy?",Nonverbal_ex03,happy_breath,NonverbalTTS
raw_datasets/NonverbalTTS/ex03/ex03_happy_03_00274.wav,"Believe it or not, this is  actually  the first time I've ever seen Little Shop of Horrors.  I haven't even seen the movie.  I mean, I've heard about it, but this is...",Nonverbal_ex03,happy_breath,NonverbalTTS
raw_datasets/NonverbalTTS/id07809/id07809_neutral_03_00275.wav,"At most,  the expansion of mining, the new type of mining that is related to the seven items in the Mendeleyev table,  which have to do with our electronic revolution.  The Nestlis, Coca Colas and twenty five other major bottlers who go around the world  using huge amounts of land just to grab water. And when they're done extracting all the water.",Nonverbal_id07809,neutral_breath,NonverbalTTS
raw_datasets/NonverbalTTS/ex04/ex04_disgusted_03_00276.wav,I hope it's... I don't know. I think it might be a... I don't want to guess.  It's definitely not...  There's definitely a reason he threw that up. Yeah. Ugh... 😖,Nonverbal_ex04,disgusted_breath,NonverbalTTS
raw_datasets/NonverbalTTS/id06360/id06360_other_03_00277.wav,"You know, literally was turning the pages and then went, woo.",Nonverbal_id06360,other_breath,NonverbalTTS
raw_datasets/NonverbalTTS/id07600/id07600_other_03_00278.wav,"I just have a life.  We're supposed to go on automatic because if you got in a car and said, 'turned'.",Nonverbal_id07600,other_breath,NonverbalTTS
raw_datasets/NonverbalTTS/ex01/ex01_sad_03_00279.wav,"She was a fast runner and it was dark and she's a dark dog. 👃 You know, it's not your fault. It's not your fault.",Nonverbal_ex01,sad,NonverbalTTS
raw_datasets/NonverbalTTS/id05256/id05256_happy_03_00280.wav,"Of little boys  as if but they say God's plan is perfect and he designed us wonderfully, except now we just want to hack away at.",Nonverbal_id05256,happy_breath,NonverbalTTS
raw_datasets/NonverbalTTS/id07560/id07560_neutral_03_00281.wav,Time real Amy fails. And 👃 nd so I think you've got this little girl who grows up with a sort of fame she never earned  and is made to be the face of this.,Nonverbal_id07560,neutral_breath,NonverbalTTS
raw_datasets/NonverbalTTS/id05977/id05977_other_03_00282.wav,"Oh yeah, straight in the moment. I mean, my family was there, my kids, everybody was there,  and I wanted to taste champagne ain't never tasted so.",Nonverbal_id05977,other_breath,NonverbalTTS
raw_datasets/NonverbalTTS/id10209/id10209_neutral_03_00283.wav,"That one was in the Battle of Britain, but it had three hundred hours, I think it was, in on duty during the war.  So it was rebuilt. It was a rebuild.",Nonverbal_id10209,neutral_breath,NonverbalTTS
raw_datasets/NonverbalTTS/ex03/ex03_happy_03_00284.wav,Shut  up!,Nonverbal_ex03,happy_laugh,NonverbalTTS
raw_datasets/NonverbalTTS/id08599/id08599_neutral_03_00285.wav,"Chicago newspaper man by the name of Wilbur Stories said, look, being a journalist is easy.  You report the news and raise hell. And that's kind of what it's so all about.",Nonverbal_id08599,neutral_breath,NonverbalTTS
raw_datasets/NonverbalTTS/id10977/id10977_neutral_03_00286.wav,"It looks quintessentially English and very parochial,  but outside the odd cultural.",Nonverbal_id10977,neutral_breath,NonverbalTTS
raw_datasets/NonverbalTTS/id01639/id01639_neutral_03_00287.wav,probably when  ️  😷 part of the I mean the two.,Nonverbal_id01639,neutral,NonverbalTTS
raw_datasets/NonverbalTTS/id10944/id10944_neutral_03_00288.wav,"Of today, you've got straight pornography.  And one thing I always tried to keep was sensuality in my music. It was never done.",Nonverbal_id10944,neutral_breath,NonverbalTTS
raw_datasets/NonverbalTTS/id07344/id07344_neutral_03_00289.wav,"At least, and whether they're looking at the Xbox.  Now, that's an innovation, one that we shouldn't stand for.  Of course, the Xbox is nasty in lots of ways before that,  but this is an example of.",Nonverbal_id07344,neutral_breath,NonverbalTTS
raw_datasets/NonverbalTTS/id11087/id11087_other_03_00290.wav,"Five years ago when I was a couple of years ago when I was working on Charlie Wilson's ward,  this guy, Anthony Azizi, he tells me, Oh, misses Agdoshu, you get to play all the doctors and professors.  I said, Anthony, I'm dying to play a maid.  He goes, Huh, you play a maid. You come in and you say, Madam, the tea is ready.",Nonverbal_id11087,other_breath,NonverbalTTS
raw_datasets/NonverbalTTS/ex01/ex01_happy_03_00291.wav,It did. I am relaxed and I am so calm. 😤,Nonverbal_ex01,happy,NonverbalTTS
raw_datasets/NonverbalTTS/id08601/id08601_neutral_03_00293.wav,"Sort of done and dusted then.  But yeah, the album is quite complex in terms of the instrumentation.  You know, it's not a standard band you know record. It's got lots of different parts. So it required finding these guys who could play  many different instruments.",Nonverbal_id08601,neutral_breath,NonverbalTTS
raw_datasets/NonverbalTTS/id08217/id08217_neutral_03_00294.wav,"Not much was recorded. So we know very little. We know from excavations and stuff and we know sort of what kind of tools they had, but  there's no not very many records.",Nonverbal_id08217,neutral_breath,NonverbalTTS
raw_datasets/NonverbalTTS/ex02/ex02_other_03_00296.wav,"I  didn't think  that I could  get to you  on that last lap, but... 👃",Nonverbal_ex02,other_breath,NonverbalTTS
raw_datasets/NonverbalTTS/ex03/ex03_sad_03_00297.wav,"Stay with the breath.  Deep breath, deep cleansing breath.  Now, the song you're hearing that you were telling me about, let's consider that your mantra.  Let's keep coming back to that mantra if it feels good.  That",Nonverbal_ex03,sad_breath,NonverbalTTS
raw_datasets/NonverbalTTS/id10744/id10744_happy_03_00298.wav,"And I think,  why are you asking me that question? That's like so easy.  But people couldn't wrap their minds around this whole.",Nonverbal_id10744,happy_breath,NonverbalTTS
raw_datasets/NonverbalTTS/ex03/ex03_neutral_03_00299.wav,between them  are like literally literally like making these flowers grow that that's it's like the fertility  the fertility of their bodies is the same as,Nonverbal_ex03,neutral_breath,NonverbalTTS
raw_datasets/NonverbalTTS/id11225/id11225_happy_03_00300.wav,"Or like, I'll have the body of Terry and Terry like  have my body.",Nonverbal_id11225,happy_laugh,NonverbalTTS
raw_datasets/NonverbalTTS/id10982/id10982_other_03_00301.wav,I don't know what it is. Sometimes I feel like I've nailed it and I've done a good job and I have  and other times I just can't  and I think the best I think I'm best at auditioning when I'm not treating it like an audition which sounds like a dumb thing to say but when you're doing it to kind of please some again when you're thinking of what the result is like where the result of your work might land and how that might land for your audience that's like.,Nonverbal_id10982,other_breath,NonverbalTTS
raw_datasets/NonverbalTTS/id10444/id10444_neutral_03_00302.wav,"The thing about the title is that without one of those four things, you don't have a complete life.  They're all essential.",Nonverbal_id10444,neutral_breath,NonverbalTTS
raw_datasets/NonverbalTTS/id02457/id02457_other_03_00303.wav,"To not to be dishonest in that respect. And so I did include it. I wrangled with it a very long time,  but decided to do it really from the same perspective I did all the other things that I talked about in the book, which is  how it was I dealt with it. Nothing about the details, but how it was I dealt with it and how it was I  came to accept that I had this new reality.  And so that's what I talk about.",Nonverbal_id02457,other_breath,NonverbalTTS
raw_datasets/NonverbalTTS/ex04/ex04_happy_03_00304.wav,"Sounds like a plan.  Ooh, those are some nice latex gloves.",Nonverbal_ex04,happy_breath,NonverbalTTS
raw_datasets/NonverbalTTS/id06918/id06918_neutral_03_00305.wav,"Club of machine ready to be there, twenty five years old,  and take one player.",Nonverbal_id06918,neutral_breath,NonverbalTTS
raw_datasets/NonverbalTTS/ex01/ex01_other_03_00306.wav,and  into the end of this episode. 😤,Nonverbal_ex01,other_breath,NonverbalTTS
raw_datasets/NonverbalTTS/ex02/ex02_sad_03_00307.wav,"And I came home and Patty and Uncle Jack were in back the backyard and they said, hey, we have to talk to you before.",Nonverbal_ex02,sad_breath,NonverbalTTS
raw_datasets/NonverbalTTS/ex03/ex03_other_03_00308.wav,"Okay, I'm going to go a little extra. I always do like eight extra pumps just because when it loses a little bit of air and I take the pump off.  Okay, and now keep holding it, keep holding it. I'm taking it off and...  All right, do you have the cap? Where'd the cap go?",Nonverbal_ex03,other_breath,NonverbalTTS
raw_datasets/NonverbalTTS/id03741/id03741_neutral_03_00309.wav,"You know, couple playoffs, good couple good playoffs, Harry's in an NHL, but.",Nonverbal_id03741,neutral_breath,NonverbalTTS
raw_datasets/NonverbalTTS/ex04/ex04_sad_03_00310.wav,It's gathered in between some of the roots.  And you bend down and you look at the water.,Nonverbal_ex04,sad_breath,NonverbalTTS
raw_datasets/NonverbalTTS/ex01/ex01_happy_03_00311.wav,That's going to honestly just hire him for that potential. Honestly.,Nonverbal_ex01,happy_laugh,NonverbalTTS
raw_datasets/NonverbalTTS/ex02/ex02_happy_03_00312.wav,We're going to stop in Havana. Of course we're going to stop in Havana. 😤,Nonverbal_ex02,happy,NonverbalTTS
raw_datasets/NonverbalTTS/id06195/id06195_happy_03_00313.wav,"I mean, it's thirty minutes away from Berkeley and it's super close to get there and I think that's an awesome  attraction of going to Berkeley.",Nonverbal_id06195,happy_breath,NonverbalTTS
raw_datasets/NonverbalTTS/id04640/id04640_happy_03_00314.wav,"The future is for me the great unknown. It genuinely is. I'm really  I'm struggling on some level about what next.  And I think,  I think as an athlete, you come from a place where you are, you have very specific.",Nonverbal_id04640,happy_breath,NonverbalTTS
raw_datasets/NonverbalTTS/ex02/ex02_happy_03_00315.wav,"So we have to make sure that she can't, I don't want any reminders of Roger.  So  Friends Cafe,  I've already started setting up the other section of the apartment.  m if you look over  to the left, you can see that I've",Nonverbal_ex02,happy_breath,NonverbalTTS
raw_datasets/NonverbalTTS/id01931/id01931_neutral_03_00316.wav,"Which makes them stick to the track easier, but when they go wrong it seems to obviously bite a bit harder. So  yeah, each time I get in the car I'm still.",Nonverbal_id01931,neutral_breath,NonverbalTTS
raw_datasets/NonverbalTTS/id10634/id10634_other_03_00317.wav,Just trusting your story and embracing your story and not like you know regretting. You know what's regretting your life going to do? All it's going to do is going to erase those years of your life. You'll never be able to  once you regr.,Nonverbal_id10634,other_breath,NonverbalTTS
raw_datasets/NonverbalTTS/id07726/id07726_other_03_00318.wav,"and not just as the United States.  So don't don't underestimate the significance of that, because we could be in a world where Russia rewrites the maps and countries are so nervous about picking a fight with",Nonverbal_id07726,other_breath,NonverbalTTS
raw_datasets/NonverbalTTS/ex01/ex01_other_03_00319.wav,I  can't remember  the name of the eyes of...,Nonverbal_ex01,other_breath,NonverbalTTS
raw_datasets/NonverbalTTS/ex04/ex04_sad_03_00320.wav,"And crying, and I don't know if I can go to work today.",Nonverbal_ex04,sad_breath,NonverbalTTS
raw_datasets/NonverbalTTS/ex04/ex04_other_03_00321.wav,That looks like mozzarella or some kind of... 😖 I don't think I can clean this. I think we have to hire somebody else to do it.,Nonverbal_ex04,other,NonverbalTTS
raw_datasets/NonverbalTTS/ex01/ex01_sad_03_00322.wav,I go there. It's like...,Nonverbal_ex01,sad_breath,NonverbalTTS
raw_datasets/NonverbalTTS/id10785/id10785_happy_03_00323.wav,"And actually, and see what he does. Because, you know, I'm home with the kids while he's  off, you know, shooting and.",Nonverbal_id10785,happy_breath,NonverbalTTS
raw_datasets/NonverbalTTS/ex03/ex03_other_03_00324.wav,"Yeah. Okay. All right. Hold it right there. Press right there.  And one, two, three. 😖 Perfect.",Nonverbal_ex03,other_breath,NonverbalTTS
raw_datasets/NonverbalTTS/id04091/id04091_neutral_03_00325.wav,"I'm delighted that Ed will be campaigning with me. He was in Glasgow just a few days ago campaigning. I'm delighted he does so. What we're talking about is Labour's plan for the Mansion tax, a tax across the UK that will help pay and fund the National Health Service here in Scotland.  Now, that's a policy that the Tories wouldn't introduce because of its fail.",Nonverbal_id04091,neutral_breath,NonverbalTTS
raw_datasets/NonverbalTTS/id03928/id03928_neutral_03_00326.wav,"to make twice more, if I want to summarize that we are able to do now. 👃 So we will have a tough dialogue with them.  But",Nonverbal_id03928,neutral_breath,NonverbalTTS
raw_datasets/NonverbalTTS/ex01/ex01_other_03_00327.wav,"No, you're okay.  Okay, well, I got an idea.  Take this paper bag, tie it around your, or put it around your ears, 👃",Nonverbal_ex01,other_breath,NonverbalTTS
raw_datasets/NonverbalTTS/ex01/ex01_sad_03_00328.wav,"Do I? I mean, I do. There's a song called  Rivers and Roads that I",Nonverbal_ex01,sad_breath,NonverbalTTS
raw_datasets/NonverbalTTS/id01201/id01201_neutral_03_00329.wav,A little bit m.  That one wasn't quite as emotional for me as the one that's coming up in season twelve where Jimmy's trying to adopt and runs into a couple different.,Nonverbal_id01201,neutral_breath,NonverbalTTS
raw_datasets/NonverbalTTS/id01893/id01893_neutral_03_00330.wav,"😷 I just did what everybody else does, you know, after school, they kind of look for the next thing and the next thing was, you know, A levels and.",Nonverbal_id01893,neutral,NonverbalTTS
raw_datasets/NonverbalTTS/ex04/ex04_angry_03_00331.wav,"Fire, very hot, 😖 too hot.",Nonverbal_ex04,angry,NonverbalTTS
raw_datasets/NonverbalTTS/ex02/ex02_neutral_03_00332.wav,"Like, no,  people don't meet it.",Nonverbal_ex02,neutral_breath,NonverbalTTS
raw_datasets/NonverbalTTS/ex04/ex04_sad_03_00333.wav,kids to take care of  my mother  needs to be here for it and I don't I can't put on a new freaking tire when  when I have to be somewhere and I just  I don't  I'm sorry you're getting all of it,Nonverbal_ex04,sad_breath,NonverbalTTS
raw_datasets/NonverbalTTS/ex04/ex04_happy_03_00336.wav,"Oh man,  yeah. Yeah, you've missed so much class. How are you feeling about the quiz later?",Nonverbal_ex04,happy_laugh,NonverbalTTS
raw_datasets/NonverbalTTS/id10157/id10157_neutral_03_00338.wav,"to a place in our lives where we're really celebrating  life itself and everybody and togetherness and love and kindness,  not as a way of ignoring everything that's going on in the world, but as a way of.",Nonverbal_id10157,neutral_breath,NonverbalTTS
raw_datasets/NonverbalTTS/id06596/id06596_happy_03_00339.wav,He's someone you'd want babysitting your kids. He's got a lot of violent  kind of anger management issues  that he's not trying to deal with.,Nonverbal_id06596,happy_laugh,NonverbalTTS
raw_datasets/NonverbalTTS/id01449/id01449_sad_03_00340.wav,"Singing about someone that you love, but you're too intimidated to let them know because you don't want it to end bad. So  I'm keeping my little feelings to myself.",Nonverbal_id01449,sad_breath,NonverbalTTS
raw_datasets/NonverbalTTS/id10361/id10361_neutral_03_00341.wav,"And everybody told us we were crazy.  And it was two years before MTV started.  But we didn't know MTV was going to start, but we felt there was a shift. There was going to be a shift in every",Nonverbal_id10361,neutral_breath,NonverbalTTS
raw_datasets/NonverbalTTS/ex01/ex01_sad_03_00342.wav,"I don't know, it's 👃 it's kind of hard because the garage is a mess. I mean, you saw it, it's 👃 fully collapsed. 👃 And like, I was, I was",Nonverbal_ex01,sad_breath,NonverbalTTS
raw_datasets/NonverbalTTS/ex03/ex03_happy_03_00343.wav,I want to know more about that.,Nonverbal_ex03,happy_laugh,NonverbalTTS
raw_datasets/NonverbalTTS/id10756/id10756_neutral_03_00344.wav,"Lumumumba, the prime minister, was was  got rid of and somebody threatened to secede Katanga from the Congo with all its mining and mineral rights.  And essentially the UN, the embryo UN at that stage sent in a military force  and it all kicked off.  I think these days UN forces tend to be much more hands off,  but back then it was only fifteen years after the war, Second World War,  the militaristic presence meant that.",Nonverbal_id10756,neutral_breath,NonverbalTTS
raw_datasets/NonverbalTTS/ex04/ex04_happy_03_00345.wav,"Kerchow, yeah, that's what it is.  Yeah, I'm sorry. I'm just...  👃",Nonverbal_ex04,happy_laugh,NonverbalTTS
raw_datasets/NonverbalTTS/id04825/id04825_angry_03_00346.wav,"Right? He was like, I don't F with none of them dudes down, none like that. Hold on, bro. You still got dudes that helped you out.  Even when you was losing, people kept affiliated you with my movement.  You know, so in actuality, he needed to be telling me, thank you, because indirectly, I kept his career on life.",Nonverbal_id04825,angry_breath,NonverbalTTS
raw_datasets/NonverbalTTS/ex03/ex03_other_03_00347.wav,"😖  ll right. All right. You got to think about the whales, you know, the oka whales.",Nonverbal_ex03,other,NonverbalTTS
raw_datasets/NonverbalTTS/id02485/id02485_sad_03_00348.wav,"The same level play 👃 level playing field as me and I think it's gone really well and yeah, so there's always going to be people who lose out and people who  gain out of it, so but I think it's  going well.",Nonverbal_id02485,sad_breath,NonverbalTTS
raw_datasets/NonverbalTTS/id07809/id07809_other_03_00349.wav,"So  that really dehomogenizes.  You realize, oh my God, my spectrum.",Nonverbal_id07809,other_breath,NonverbalTTS
raw_datasets/NonverbalTTS/ex04/ex04_other_03_00350.wav,if this is just what's going to happen every time I have to get up in front of somebody or speak and do something important.  👃,Nonverbal_ex04,other_breath,NonverbalTTS
raw_datasets/NonverbalTTS/id08468/id08468_happy_03_00351.wav,"We deal with some heavy stuff, but I think everyone is  is pretty hip to the fact that it's just acting. You go and  you access it and you give it and then you y'all cut and boom, you know, we're all telling fart jokes, you know? So it's  well,  I'm telling fart jokes. Well, I'm actually farting but.",Nonverbal_id08468,happy_breath,NonverbalTTS
raw_datasets/NonverbalTTS/id03613/id03613_surprised_03_00352.wav,"So I said by the time I get it,  everybody wow. Oh wow.",Nonverbal_id03613,surprised_breath,NonverbalTTS
raw_datasets/NonverbalTTS/id05696/id05696_neutral_03_00353.wav,Maybe because I had difficulty speaking when I was very young and it was liberating to pretend to be someone else.  I was sitting funnily enough.,Nonverbal_id05696,neutral_breath,NonverbalTTS
raw_datasets/NonverbalTTS/id06673/id06673_happy_03_00354.wav,"I don't know why.  I don't know if that's a positive or a negative question.   but I don't know. I mean, I'm just I'm very unique.",Nonverbal_id06673,happy_breath,NonverbalTTS
raw_datasets/NonverbalTTS/ex04/ex04_happy_03_00355.wav,"That would be nice.  I've been by that dog park when I've been dog sitting my friend Henry's dog and I've seen, you know, Silver Lake Dog Park over there. Yeah. Have you been there?",Nonverbal_ex04,happy_breath,NonverbalTTS
raw_datasets/NonverbalTTS/id09159/id09159_happy_03_00356.wav,"😷 Obviously, it's great to be able to come with some of your team members and your.",Nonverbal_id09159,happy,NonverbalTTS
raw_datasets/NonverbalTTS/id07370/id07370_happy_03_00357.wav,"They are smart enough to figure that out. Why can't the record labels figure that out? You know,  so that was my theory.",Nonverbal_id07370,happy_breath,NonverbalTTS
raw_datasets/NonverbalTTS/id03871/id03871_neutral_03_00358.wav,"Yes, 🗣️ I did Jocelyn's first movie that she wrote and directed called I Am I,  that Simon was also in an.",Nonverbal_id03871,neutral_breath,NonverbalTTS
raw_datasets/NonverbalTTS/ex01/ex01_happy_03_00359.wav,"And, you know, there it is. And  you have to figure out how to become a cat dad.",Nonverbal_ex01,happy_breath,NonverbalTTS
raw_datasets/NonverbalTTS/ex04/ex04_surprised_03_00360.wav,No! What am I gonna... What am I gonna do? How do I clean that?,Nonverbal_ex04,surprised_breath,NonverbalTTS
raw_datasets/NonverbalTTS/id08416/id08416_sad_03_00361.wav,"I turned to drugs and alcohol to help me cope with the feelings that I was having. And I felt very alone and I didn't really know how to reach out and say, I'm suffering here in silence and I don't know what to do. So when they sent me to 😤 a treatment faci.",Nonverbal_id08416,sad,NonverbalTTS
raw_datasets/NonverbalTTS/ex04/ex04_happy_03_00362.wav,Good to know. I feel like I'm becoming more of an l a native now  awesome so if i have to get there by 6 and i know that's rush hour time i'm going to take more park what time should i leave,Nonverbal_ex04,happy_laugh,NonverbalTTS
raw_datasets/NonverbalTTS/ex03/ex03_happy_03_00363.wav,So  what is the problem?,Nonverbal_ex03,happy_laugh,NonverbalTTS
raw_datasets/NonverbalTTS/id10146/id10146_neutral_03_00364.wav,"She said some wonderful things, how Bob can just kind of like take his body away and be somebody else. And he was absolutely correct in that.  But what my take on Bob is what makes him so great is that Bob has like a he has two things especially.",Nonverbal_id10146,neutral_breath,NonverbalTTS
raw_datasets/NonverbalTTS/ex01/ex01_happy_03_00365.wav,It must be tough to live with.,Nonverbal_ex01,happy_breath,NonverbalTTS
raw_datasets/NonverbalTTS/ex04/ex04_happy_03_00366.wav,"Pierre Legrand.  Yeah,  it is kind of a stupid name. 👃",Nonverbal_ex04,happy_laugh,NonverbalTTS
raw_datasets/NonverbalTTS/ex04/ex04_neutral_03_00367.wav,"Yeah, well, they're supposed to go to their dad's tonight, so I was going to drop them off around 7,  but if the party goes any later, we're not going to have time to go home and pack and, like, get everything ready.  So I feel like it's going to be...",Nonverbal_ex04,neutral_breath,NonverbalTTS
raw_datasets/NonverbalTTS/id03532/id03532_other_03_00369.wav,"See, my fans have always been more intelligent than my detractors. My fans know what I'm doing. They know, oh, Ice is acting like this. He's playing this. He's speaking for this.  The detractors, they just hear a little bit of a clip. Oh, he hates this or he hates that. And they have no understanding about me.  So it makes them like, wow.",Nonverbal_id03532,other_breath,NonverbalTTS
raw_datasets/NonverbalTTS/id02004/id02004_neutral_03_00370.wav,And I'll get to those in just a moment.  But they were public safety.,Nonverbal_id02004,neutral_breath,NonverbalTTS
raw_datasets/NonverbalTTS/id10262/id10262_other_03_00372.wav,"I would, uh, 😤 no, because I get to work on the same character over and over again for years and years and develop that character.",Nonverbal_id10262,other,NonverbalTTS
raw_datasets/NonverbalTTS/ex02/ex02_happy_03_00373.wav,"I wonder, yeah.  I can barely keep a cactus alive,  so...",Nonverbal_ex02,happy_breath,NonverbalTTS
raw_datasets/NonverbalTTS/id06449/id06449_other_03_00374.wav,The crowd is so involved and  and got such great history and always growing up as a child watching Snooker.  There's always the world finals with Stephen Hendry and Jimmy White playing.,Nonverbal_id06449,other_breath,NonverbalTTS
raw_datasets/NonverbalTTS/ex02/ex02_other_03_00375.wav,"You, your entire, your entire character is going to be about antagonizing her  because the thing is you're slowly driving her mad. The whole reason that she ends up in the state that she ends up in at the end of the play is because she is driven mad by you.  She",Nonverbal_ex02,other_breath,NonverbalTTS
raw_datasets/NonverbalTTS/id01657/id01657_happy_03_00376.wav,Not.  I'm really worried about getting out of a car.,Nonverbal_id01657,happy_laugh,NonverbalTTS
raw_datasets/NonverbalTTS/ex01/ex01_sad_03_00377.wav,"which were,  you know, meant to keep the warm heat close to our chests.  And we'd get in the old, cold water  and just sit around the",Nonverbal_ex01,sad_breath,NonverbalTTS
raw_datasets/NonverbalTTS/ex03/ex03_happy_03_00378.wav,"But the way they, oh my God, the way he played that.  Oh my God.  Oh my God.",Nonverbal_ex03,happy_breath,NonverbalTTS
raw_datasets/NonverbalTTS/id05293/id05293_happy_03_00379.wav,"We have won  a financial time important prize, the best place to work in Europe in terms of quality of the life, in terms of motivation of the people, in terms of to be proud to work for one company. But this means work behind this, and this means also the capability for",Nonverbal_id05293,happy_breath,NonverbalTTS
raw_datasets/NonverbalTTS/id04474/id04474_happy_03_00380.wav,"It really blows season one out of the water. Hands down. I mean, you know, for my character, Rosalie,  one, I've never been pushed like this in my life. I was pregnant the entire  time we were shooting.  So physically.",Nonverbal_id04474,happy_breath,NonverbalTTS
raw_datasets/NonverbalTTS/ex04/ex04_sad_03_00381.wav,"I would like to be doing exactly what I want to be doing, you know? I want to be doing entertainment law. I don't want to be doing  all of the divorce paperwork, all of the other crap that they would pile onto me if I worked at one of these other big firms, and I... 👃",Nonverbal_ex04,sad,NonverbalTTS
raw_datasets/NonverbalTTS/id01163/id01163_neutral_03_00382.wav,"go and miss an extra point,  but  you know, in all areas, you know, the improvement that we have to make if",Nonverbal_id01163,neutral_breath,NonverbalTTS
raw_datasets/NonverbalTTS/id03947/id03947_neutral_03_00383.wav,"Any indicating of how you're going to do it when we film it, I want you to do it full blast as hard, you know, performance level.  The idea being that that's the only way that you can really discover  the different layers, you know, and get deeper into the character and.",Nonverbal_id03947,neutral_breath,NonverbalTTS
raw_datasets/NonverbalTTS/ex04/ex04_sad_03_00384.wav,Thank you for listening. 👃 Thank you for being here for me. It means a lot.,Nonverbal_ex04,sad,NonverbalTTS
raw_datasets/NonverbalTTS/id10020/id10020_neutral_03_00385.wav,"Regular, you know, maybe if this is watched fifty years from now, they won't know what we're talking about. These will be the innocent days,  you know .",Nonverbal_id10020,neutral_breath,NonverbalTTS
raw_datasets/NonverbalTTS/id10507/id10507_neutral_03_00386.wav,together because you know it's the third film and it was  difficult.,Nonverbal_id10507,neutral_breath,NonverbalTTS
raw_datasets/NonverbalTTS/ex04/ex04_happy_03_00388.wav,"Yeah. Why would you have  so much space if you're not going to put some shrubbery in? Like, there needs to be some landscaping, but  whatever.  Yeah.",Nonverbal_ex04,happy_breath,NonverbalTTS
raw_datasets/NonverbalTTS/ex01/ex01_sad_03_00389.wav,"And then it also feels like, um, the loneliness of living in the city, where you see  the warmth of everything around you,  um,",Nonverbal_ex01,sad_breath,NonverbalTTS
raw_datasets/NonverbalTTS/ex03/ex03_other_03_00390.wav,stirred up that whatever was in the seats just just like like puffed out into the air. 😷 😖 I swear something must have die,Nonverbal_ex03,other,NonverbalTTS
raw_datasets/NonverbalTTS/ex02/ex02_other_03_00392.wav,"No, you're not supposed to run them anyway. You're supposed to act big, depending on the size of the bear and  the color of the bear. Don't you remember our training?",Nonverbal_ex02,other_breath,NonverbalTTS
raw_datasets/NonverbalTTS/id10876/id10876_happy_03_00394.wav,"I just I fell more and more in love with my fans, you know, they're passionate.",Nonverbal_id10876,happy_breath,NonverbalTTS
raw_datasets/NonverbalTTS/id06823/id06823_happy_03_00395.wav,"Wo you consider doing a soap? Work is work. I don't care if it's one line, one cough, no lines, just a look. If you're an actor, you're going to do it and do the best you can. I said, of course, I'd be a soap who knew that I would go to become the full figured bitch goddess. I thought it was going to say, here, here's your beer and how you want some peanuts. But  you know, it's not what happened. It was a blessing and wonderful. And then I got that.",Nonverbal_id06823,happy_laugh,NonverbalTTS
raw_datasets/NonverbalTTS/id10157/id10157_neutral_03_00396.wav,"Well, it's just, I think with any of our songs that have gone on to do okay,  I don't really know how they came through. They just sort of, it's the old cliche that everyone says, Paul Simon, all of the people, all of the songwriters say it's that the good ones just kind of,",Nonverbal_id10157,neutral_breath,NonverbalTTS
raw_datasets/NonverbalTTS/ex04/ex04_other_03_00398.wav,😷🗣️ Today's gonna be 🗣️ a little tough. 🗣️ There's so much phlegm.,Nonverbal_ex04,other,NonverbalTTS
raw_datasets/NonverbalTTS/id02179/id02179_neutral_03_00399.wav,"You still have to have compassion for this handicap, even though it's invisible.  Now children.",Nonverbal_id02179,neutral_breath,NonverbalTTS
raw_datasets/NonverbalTTS/ex01/ex01_happy_03_00400.wav,"Well, thank you for describing that. I can I can imagine it. I can imagine the smoke piling up from the cigarette, the kind  of of it all, you know what I mean?  So French.  The true raw, gritty",Nonverbal_ex01,happy_breath,NonverbalTTS
raw_datasets/NonverbalTTS/id06159/id06159_neutral_03_00401.wav,And his partner was Keanu's character detective Galvin.  And I go from being absolutely bereaved  and then very angry that there are some possible allegations that my husband was involved in some wrongdoing  to then sort of  fall,Nonverbal_id06159,neutral_breath,NonverbalTTS
raw_datasets/NonverbalTTS/ex02/ex02_happy_03_00402.wav,It sounds like maybe you want those. Why don't you get them?,Nonverbal_ex02,happy_breath,NonverbalTTS
raw_datasets/NonverbalTTS/id07566/id07566_neutral_03_00403.wav,😤 I think he could be a better president. I don't dislike him and I don't think he should run down the president like in a time of war and we're always in a war.,Nonverbal_id07566,neutral,NonverbalTTS
raw_datasets/NonverbalTTS/id10437/id10437_neutral_03_00404.wav,"sixteen. I got a job selling coffees at York Theatre,  my Saturday job, you know, to learn.",Nonverbal_id10437,neutral_breath,NonverbalTTS
raw_datasets/NonverbalTTS/id00831/id00831_other_03_00405.wav,"You know, going to that next level  as a team. And this this team, I don't have any unrealistic expectations. I never told you guys they were a final four team,  but there is a level of.",Nonverbal_id00831,other_breath,NonverbalTTS
raw_datasets/NonverbalTTS/id10729/id10729_happy_03_00406.wav,"Unfortunately, you know, to wait for the exact light,  sometimes you don't have the time and you can't do it, which is very.",Nonverbal_id10729,happy_laugh,NonverbalTTS
raw_datasets/NonverbalTTS/id05518/id05518_happy_03_00407.wav,"And  nd suddenly, it's probably this time that I've realized that I have to use my maximum capacity.",Nonverbal_id05518,happy_laugh,NonverbalTTS
raw_datasets/NonverbalTTS/id08317/id08317_neutral_03_00408.wav,"What they took out of the debates  last night because I didn't see the debates I was working. But then when they did like the top hits of the debates, they would have her screaming at him and then you didn't say the answer.",Nonverbal_id08317,neutral_laugh,NonverbalTTS
raw_datasets/NonverbalTTS/id07955/id07955_neutral_03_00409.wav,"And increasingly new and social media.  We do it by lobbying Parliament and Whitehall,  and we try to build links with civil society. We're a membership organisation, and our ranks are growing  in difficult times. Our biggest challenges right now are probably  defending a little bit of personal privacy in the Internet age.",Nonverbal_id07955,neutral_breath,NonverbalTTS
raw_datasets/NonverbalTTS/ex02/ex02_happy_03_00411.wav,Galloping over.,Nonverbal_ex02,happy_breath,NonverbalTTS
raw_datasets/NonverbalTTS/ex04/ex04_happy_03_00412.wav,Mrs. Penny Watson? Is it good enough for you Mrs. Penny Watson?  I'm sorry Mrs. Penny Watson.  Ugh.,Nonverbal_ex04,happy_breath,NonverbalTTS
raw_datasets/NonverbalTTS/ex04/ex04_happy_03_00413.wav,There's gotta be.  I'll come to you. ️ I'm by  the Spencers. Where are you?,Nonverbal_ex04,happy_laugh,NonverbalTTS
raw_datasets/NonverbalTTS/ex03/ex03_sad_03_00414.wav,He's always running back to the road. I was trying to  always trying to stop him from calling to the road.,Nonverbal_ex03,sad_breath,NonverbalTTS
raw_datasets/NonverbalTTS/ex04/ex04_happy_03_00415.wav,"I feel like the smarter choice would be to just go straight to the castle because it would just be like an action packed finale, you know? Like, I want to see the fights. I want to see all of the crazy things that we've been waiting for this season, you know?  So,  so, I don't know. I think if they start with him in",Nonverbal_ex04,happy_breath,NonverbalTTS
raw_datasets/NonverbalTTS/ex01/ex01_other_03_00416.wav,"No, today in Sanibel there isn't gonna be hail,  it'll be cloudy, with a uh high of fifty eight and a low of twenty eight.",Nonverbal_ex01,other_breath,NonverbalTTS
raw_datasets/NonverbalTTS/id01528/id01528_other_03_00417.wav,"know, all those guys that I played with, they made me a better player. You know, I'm not doing a, I'm not  shut down 🗣️ Calvin Johnson by myself.  We shut down Calvin Johnson.",Nonverbal_id01528,other_breath,NonverbalTTS
raw_datasets/NonverbalTTS/id05228/id05228_sad_03_00418.wav,"You know, just sort of  being able to get myself back in that third set, so it wasn't the best time, but.",Nonverbal_id05228,sad_breath,NonverbalTTS
raw_datasets/NonverbalTTS/id07588/id07588_neutral_03_00419.wav,"The reason they're here is because we think they're good players. Again, we haven't got the biggest pool of players. We've picked up injuries like you've said.  So these lads who are here. 👃",Nonverbal_id07588,neutral_breath,NonverbalTTS
raw_datasets/NonverbalTTS/ex04/ex04_happy_03_00420.wav,"I know, they're really mean birds. Wow.  But that one was so pretty. Wow. I'm getting a little hungry.",Nonverbal_ex04,happy_breath,NonverbalTTS
raw_datasets/NonverbalTTS/ex01/ex01_happy_03_00421.wav,alright so your decision to make  I mean that was that's the funniest thing I've seen in so long,Nonverbal_ex01,happy_breath,NonverbalTTS
raw_datasets/NonverbalTTS/ex01/ex01_happy_03_00422.wav,You have a pager?,Nonverbal_ex01,happy_breath,NonverbalTTS
raw_datasets/NonverbalTTS/ex01/ex01_happy_03_00423.wav,"A dome and then half of it is off and off somewhere else.  It's half dome.  And while you're there, if you're feeling really like spunky and adventurous and you want a challenge,  you can hike up half dome.",Nonverbal_ex01,happy_breath,NonverbalTTS
raw_datasets/NonverbalTTS/id10016/id10016_other_03_00424.wav,"👃 I'm feeling different. I want to feel different every time I play a role. I don't want to feel like Mitchell again. I want to feel different about something.  So I guess I hope that wouldn't come up. But I think it's a good question though. Yeah. I mean, you can be lazy. Yeah, laziness happens all the time. Instinctually, I think, you know, I probably am a fallback on stuff. If I don't understand a scene or I'm not getting what I want from it, it's easy just to.",Nonverbal_id10016,other_breath,NonverbalTTS
raw_datasets/NonverbalTTS/id07809/id07809_neutral_03_00425.wav,"Now, when you begin to think about cities that way,  then you begin to understand.",Nonverbal_id07809,neutral_breath,NonverbalTTS
raw_datasets/NonverbalTTS/id00810/id00810_happy_03_00426.wav,I do all the normal things that anyone else would do. I  pump my own gas. I go to the grocery  market.,Nonverbal_id00810,happy_breath,NonverbalTTS
raw_datasets/NonverbalTTS/id07241/id07241_neutral_03_00427.wav,"Soon here. And what I think this budget that we put in, which again is purely symbolic,  it's the chances of it getting enacted.",Nonverbal_id07241,neutral_breath,NonverbalTTS
raw_datasets/NonverbalTTS/id07577/id07577_neutral_03_00428.wav,So  my nature when I was involved was twenty four seven and I'm not sure I want a twenty four seven anymore.,Nonverbal_id07577,neutral_breath,NonverbalTTS
raw_datasets/NonverbalTTS/id06142/id06142_neutral_03_00429.wav,"public former government, I stress,  because this governme.",Nonverbal_id06142,neutral_breath,NonverbalTTS
raw_datasets/NonverbalTTS/id04206/id04206_neutral_03_00430.wav,"While our personnel are not directly engaged in the fighting,  they are providing valuable support to the Afghans.  Afghanistan remains an area of active hostilities, and our personnel continue to operate in harm's way.",Nonverbal_id04206,neutral_breath,NonverbalTTS
raw_datasets/NonverbalTTS/id01457/id01457_neutral_03_00431.wav,"coming up to help us become better drivers  when we, for example, are drinking coffee or whatever we do when we are driving.  But still, if we don't have the right mindset, it doesn't work,  because we all know that belts will save lots of life.",Nonverbal_id01457,neutral_breath,NonverbalTTS
raw_datasets/NonverbalTTS/id03384/id03384_happy_03_00432.wav,"First of all, I've been in a relationship with health and tennis, the clubs that I endorse for six, seven, eight years.  And this came out of that relationship and also the fact that I'm getting just a tad older  and I have to stay in shape now. It's not so natural anymore.",Nonverbal_id03384,happy_breath,NonverbalTTS
raw_datasets/NonverbalTTS/id11073/id11073_other_03_00433.wav,"🤧 That are in the present. We're really the only one committed, I feel, to this time. It makes things difficult for filming. It makes things difficult, obviously, for setting things up. But we've  built a town, which I used to think is what they did for the old series Deadwood. But one of our producers is from Deadwood and said that ours is much bigger. But we've actually built the town of Salem  in a small town in a large town.",Nonverbal_id11073,other_breath,NonverbalTTS
raw_datasets/NonverbalTTS/ex02/ex02_other_03_00434.wav,"It reminds me of, do you remember the original Romeo and Juliet movie? The colors that they used  to lay her down when she when she?",Nonverbal_ex02,other_breath,NonverbalTTS
raw_datasets/NonverbalTTS/id10119/id10119_happy_03_00435.wav,I'm scared like really easily and then it stays with me for weeks. So I don't like to watch scary movies.,Nonverbal_id10119,happy_laugh,NonverbalTTS
raw_datasets/NonverbalTTS/ex01/ex01_happy_03_00436.wav,"Yeah, I feel comfortable around people.",Nonverbal_ex01,happy_laugh,NonverbalTTS
raw_datasets/NonverbalTTS/id03889/id03889_neutral_03_00437.wav,"Since they spend 😷 most of their time primarily in Korea, they don't really think about it. But when we do stuff like.",Nonverbal_id03889,neutral,NonverbalTTS
raw_datasets/NonverbalTTS/id08683/id08683_neutral_03_00438.wav,better serve the needs and wishes of our peoples.  Romanians mem,Nonverbal_id08683,neutral_breath,NonverbalTTS
raw_datasets/NonverbalTTS/id11049/id11049_sad_03_00439.wav,"Vhe is a physician at Fox River State Penitentiary in Joliet. And she's sort of, I think, caught between a couple of worlds in that she is a physician at a prison, at a maximum security prison that carries the death penalty and has a death row.  She's also, but she's somebody who refuses to have anything to do with the death penalty side of things.",Nonverbal_id11049,sad_breath,NonverbalTTS
raw_datasets/NonverbalTTS/id06212/id06212_neutral_03_00440.wav,Talking on his toe was he really did great.  And  he would walk down the hour and girls would cast ropes.,Nonverbal_id06212,neutral_breath,NonverbalTTS
raw_datasets/NonverbalTTS/id01245/id01245_happy_03_00441.wav,"That was not something that I anticipated, but I've always loved working and trying new things. So this was kind of an interesting jump for me, but I'd done a lot of hosting before, but not necessarily a game show.  But I really jumped right.",Nonverbal_id01245,happy_laugh,NonverbalTTS
raw_datasets/NonverbalTTS/ex01/ex01_sad_03_00443.wav,"You know,  it's still intact and there's no holes and... 👃",Nonverbal_ex01,sad_breath,NonverbalTTS
raw_datasets/NonverbalTTS/id10586/id10586_neutral_03_00444.wav,"For four years,  then I did an intensive Stanislavsky course in Moscow  in Russia.",Nonverbal_id10586,neutral_breath,NonverbalTTS
raw_datasets/NonverbalTTS/id10765/id10765_happy_03_00445.wav,"You know, I'm not sure. It seems like there's a revived interest in dance in general, like the show so you think you can dance and all these shows on MTV that are about dance and all the dancing with the stars.  So I'm not sure where I mean, I think dance movies have always been really kind.",Nonverbal_id10765,happy_breath,NonverbalTTS
raw_datasets/NonverbalTTS/ex01/ex01_disgusted_03_00446.wav,"Did you  see when Tommy  🗣️ had the crazy, like, he just chugged all that alcohol?",Nonverbal_ex01,disgusted_breath,NonverbalTTS
raw_datasets/NonverbalTTS/id11177/id11177_neutral_03_00447.wav,"Because I didn't believe in it. I totally believed in it, but I think that  what makes it extraordinary is that you have vision.",Nonverbal_id11177,neutral_breath,NonverbalTTS
raw_datasets/NonverbalTTS/id10659/id10659_other_03_00448.wav,"Of course, there are a thousand things that occur to me, but 👃 just with everyone, I definitely can look around and.",Nonverbal_id10659,other,NonverbalTTS
raw_datasets/NonverbalTTS/id10031/id10031_other_03_00449.wav,"Living room, get all the information you want.  My goodness, it's super.",Nonverbal_id10031,other_breath,NonverbalTTS
raw_datasets/NonverbalTTS/id06289/id06289_happy_03_00450.wav,"You know,  that that that have that that one last thrill.",Nonverbal_id06289,happy_laugh,NonverbalTTS
raw_datasets/NonverbalTTS/id10539/id10539_neutral_03_00451.wav,"strain, he could tip back.  That's always the challenge for playing water. It's just keeping him on that line.  Sure,  he's improved. And I have to say the thing about driving was the best fun because",Nonverbal_id10539,neutral_breath,NonverbalTTS
raw_datasets/NonverbalTTS/id11002/id11002_sad_03_00452.wav,"That exact second I'm like, I'm nothing. I'm like, what do I do anymore? 👃 And",Nonverbal_id11002,sad,NonverbalTTS
raw_datasets/NonverbalTTS/ex03/ex03_happy_03_00453.wav,"Yeah, I had bronchitis. It  wasn't much fun.",Nonverbal_ex03,happy_laugh,NonverbalTTS
raw_datasets/NonverbalTTS/id07204/id07204_neutral_03_00454.wav,"I don't want to bring it back to the show, but I'm going to.  This past season, there was, in my opinion, a lot.",Nonverbal_id07204,neutral_breath,NonverbalTTS
raw_datasets/NonverbalTTS/id09038/id09038_neutral_03_00455.wav,"But a great night.  My job tonight is to introduce one of my favorite New Jerseyans, Michael Douglas.  And this is a true story.",Nonverbal_id09038,neutral_breath,NonverbalTTS
raw_datasets/NonverbalTTS/id11026/id11026_neutral_03_00456.wav,😷 Guitar on the back and just because you never quite know when you'll get a little moment of inspiration and  sometimes it's a pain to get a guitar on a plane but I've got a little Taylor GS Mini which is kind of about three quarters size.,Nonverbal_id11026,neutral_breath,NonverbalTTS
raw_datasets/NonverbalTTS/id11112/id11112_other_03_00457.wav,"Is that there's no one, there's nobody who is beyond our  scope of understanding. One of the things I believe, and this is a confirmation of that, is that anyone and everyone is capable of anything and everything at some given time.",Nonverbal_id11112,other_breath,NonverbalTTS
raw_datasets/NonverbalTTS/ex03/ex03_happy_03_00458.wav,"No, you  don't have Cliff Notes?",Nonverbal_ex03,happy_laugh,NonverbalTTS
raw_datasets/NonverbalTTS/id02981/id02981_neutral_03_00459.wav,"It was great to be part of, and I think that's part of the beauty of this moment now really. I've sat where the players have sat. 👃 You know I've played where the players have played in front of that.",Nonverbal_id02981,neutral,NonverbalTTS
raw_datasets/NonverbalTTS/ex03/ex03_neutral_03_00460.wav,"That's That's why it's so wet. That's why there's still water on the ceiling.  And I kind of forgot about the pie when she was hosing us down and it was like all cold.  But hey, I won that, I won that.",Nonverbal_ex03,neutral_breath,NonverbalTTS
raw_datasets/NonverbalTTS/ex03/ex03_other_03_00461.wav,"fun little, you know, you know, it was like this island's version of, you know, Santa Claus or  something of that nature. All the kids, it was  a thing that entertained the kids. They'd build these houses and you'd  walk through this path and you'd",Nonverbal_ex03,other_breath,NonverbalTTS
raw_datasets/NonverbalTTS/id03078/id03078_neutral_03_00462.wav,"The Ethics Committee if somebody would act in a way to violate the Ethics Code,  the Governance Committee and the Review Committee to make the eligibility.",Nonverbal_id03078,neutral_breath,NonverbalTTS
raw_datasets/NonverbalTTS/id01718/id01718_neutral_03_00464.wav,"Fantastic for for 😷 for all the supporters, all the squad, all the.",Nonverbal_id01718,neutral,NonverbalTTS
raw_datasets/NonverbalTTS/id08679/id08679_happy_03_00465.wav,"The crazy adventurous ride.  Being a Brit, thrilled, delighted, hood of thunk. ️  My mother said that  when I first got the gig. You, hood.",Nonverbal_id08679,happy_breath,NonverbalTTS
raw_datasets/NonverbalTTS/id01795/id01795_neutral_03_00467.wav,Sexual.  Hide to be naked a lot of the time. Sort of cha,Nonverbal_id01795,neutral_breath,NonverbalTTS
raw_datasets/NonverbalTTS/id10145/id10145_neutral_03_00468.wav,"Takes you to another place and it's  for me, it's more to do with.",Nonverbal_id10145,neutral_breath,NonverbalTTS
raw_datasets/NonverbalTTS/id05010/id05010_neutral_03_00469.wav,"The culture was different then. You know, a lot of kids were, you'd walk to school, you'd walk back from school, and but the neighborhoods were neighborhoods. You know, they weren't, um, stores were privately owned.  So when I would walk to school. ️",Nonverbal_id05010,neutral_breath,NonverbalTTS
raw_datasets/NonverbalTTS/ex03/ex03_neutral_03_00470.wav,"inhale through the nose. You can even exhale through the nose if that  feels right. But for today's purposes, we're exhaling through the mouth.  Now, let's go ahead and  come on to all fours and we'll start",Nonverbal_ex03,neutral_breath,NonverbalTTS
raw_datasets/NonverbalTTS/id10797/id10797_neutral_03_00471.wav,"To  predict the future, that I can envision ahead.  And so I'm always several steps ahead of  of everyone and everything.",Nonverbal_id10797,neutral_breath,NonverbalTTS
raw_datasets/NonverbalTTS/id10613/id10613_happy_03_00472.wav,That's not the thing. That's not what we're going to eat tonight. That's not food.  But it was food,Nonverbal_id10613,happy_breath,NonverbalTTS
raw_datasets/NonverbalTTS/id04415/id04415_neutral_03_00473.wav,"Before I met her, I was wondering how that would, how that would go, but then as soon as I met her, like right away, we clicked and we hit it off. And",Nonverbal_id04415,neutral_breath,NonverbalTTS
raw_datasets/NonverbalTTS/id10183/id10183_neutral_03_00475.wav,"And you move on, but for lost, it was serialized.  So we knew that these mysteries needed to have solutions. So we actively started lobbying for an end date of the show that right at the same time that we got our end date within a space of about three weeks.",Nonverbal_id10183,neutral_breath,NonverbalTTS
raw_datasets/NonverbalTTS/id06005/id06005_happy_03_00477.wav,"😷  Yes, I do. That's the great irony of this thing. Bats exist.",Nonverbal_id06005,happy_breath,NonverbalTTS
raw_datasets/NonverbalTTS/id08483/id08483_neutral_03_00478.wav,"Growing up in Sudbury there,  I guess we're a big time hockey town and as a young kid, I don't think I knew that yet. I knew that my dad wasn't always involved with the sport, but when I went to my daycare.",Nonverbal_id08483,neutral_breath,NonverbalTTS
raw_datasets/NonverbalTTS/ex02/ex02_sad_03_00479.wav,"That's all we have left, okay?  And I don't want you going closer to the house, so, because when you started running and you tried to get closer before,  and the paramedics and police and firefighters were",Nonverbal_ex02,sad_breath,NonverbalTTS
raw_datasets/NonverbalTTS/ex03/ex03_happy_03_00480.wav,And that  to me was so exhilarating.,Nonverbal_ex03,happy_laugh,NonverbalTTS
raw_datasets/NonverbalTTS/id10643/id10643_happy_03_00481.wav,"And so it was definitely taking care of ourselves because we're traveling so much in such a short amount of time. So as boring  and lame as that sounds, it was definitely like, okay, like we finished a show, we're gonna fly to another city, do a show there, then fly to another city. So it definitely was a whole different process of getting a.",Nonverbal_id10643,happy_laugh,NonverbalTTS
raw_datasets/NonverbalTTS/ex01/ex01_other_03_00482.wav,"I understand it means a lot to you, though, and I'm genuinely really sorry.",Nonverbal_ex01,other_breath,NonverbalTTS
raw_datasets/NonverbalTTS/ex04/ex04_happy_03_00483.wav,"What a sweetheart.  We're gonna get you home, okay? We're gonna get you home safe. I'm so glad you're okay, buddy.  I was so worried.  I'm so glad you climbed up a tree.  Nope.",Nonverbal_ex04,happy_breath,NonverbalTTS
raw_datasets/NonverbalTTS/id03433/id03433_neutral_03_00484.wav,"Feeling of I can't wait to see my wife and then I can't wait to get in here to paint.  But what I don't do is left her. If there's a blank cavas in the studio here and I get in front of it and I don't feel it, I don't do it. I don't force.",Nonverbal_id03433,neutral_breath,NonverbalTTS
raw_datasets/NonverbalTTS/ex01/ex01_other_03_00485.wav,Understood.  Okay.,Nonverbal_ex01,other_breath,NonverbalTTS
raw_datasets/NonverbalTTS/id03528/id03528_neutral_03_00486.wav,"And glory of being a world champion surfer and lost  April to it.  And now that he realizes the error of his ways, he's trying to rekindle that. But  you know, April's kind of moved on. She's had a few boyfriends and  you know, since they've been through this.",Nonverbal_id03528,neutral_breath,NonverbalTTS
raw_datasets/NonverbalTTS/ex03/ex03_happy_03_00487.wav,"Honey,  hey, that is so, so sweet of you. So sweet of you that you even thought of that.  Look, I don't, I don't, I don't need to see the Rolling Stones again. I've seen them like, like, like 20 times.",Nonverbal_ex03,happy_breath,NonverbalTTS
raw_datasets/NonverbalTTS/id10425/id10425_other_03_00488.wav,"We're just doing a bit more filming. I mean, we have, I don't think I'm speaking enough time to say that we haven't filmed the Battle of the Five Armies yet, which is of course the climax of the  movie. And you know, and I think what's interesting about Peter and whether he does it consciously or not, I don't know. I mean,  you never know them because he's.",Nonverbal_id10425,other_breath,NonverbalTTS
raw_datasets/NonverbalTTS/ex03/ex03_happy_03_00489.wav,"What's that, Gabriel? It's a balloon? Gabriel says it's a balloon. Would Gabriel lie to you people? I don't think Gabriel would lie.  Once again, let's give a hand for Gabriel. All right, you can go ahead and get back to your mommy and daddy.  Now, who wants to see me shu",Nonverbal_ex03,happy_breath,NonverbalTTS
raw_datasets/NonverbalTTS/id06189/id06189_neutral_03_00490.wav,"Into the war  for past for next three years, horrible thing happen.",Nonverbal_id06189,neutral_breath,NonverbalTTS
raw_datasets/NonverbalTTS/id07543/id07543_neutral_03_00491.wav,That's my pro tip  to gain weight for you,Nonverbal_id07543,neutral_breath,NonverbalTTS
raw_datasets/NonverbalTTS/id04782/id04782_other_03_00492.wav,"have literally changed my life.  The great Sarah, Jessica.",Nonverbal_id04782,other_breath,NonverbalTTS
raw_datasets/NonverbalTTS/ex04/ex04_other_03_00493.wav,"Ugh 😤 I just want to go home and lay down. I agree, today was supposed to be a restful day, and  man, just wasting all this time here.",Nonverbal_ex04,other_breath,NonverbalTTS
raw_datasets/NonverbalTTS/id02262/id02262_neutral_03_00494.wav,And we looked around 😷 all around Europe just to find a place. And the casino in Mn,Nonverbal_id02262,neutral,NonverbalTTS
raw_datasets/NonverbalTTS/ex01/ex01_other_03_00495.wav,"Yeah, here's the coffee.  There you go.",Nonverbal_ex01,other_breath,NonverbalTTS
raw_datasets/NonverbalTTS/ex01/ex01_happy_03_00496.wav,"That means a lot to me. Thank you. I, um...  Whew. All right. Yeah. Where do you want to go? Where are we going to get?",Nonverbal_ex01,happy,NonverbalTTS
raw_datasets/NonverbalTTS/id08555/id08555_neutral_03_00497.wav,"Well,   I don't consider myself that type of person. I'd rather let my performance prove what I deserve in the octagon and certainly knocking out Hector Lombard, I think, will prove that I deserve to be next in line for the title shot.",Nonverbal_id08555,neutral_breath,NonverbalTTS
raw_datasets/NonverbalTTS/id10553/id10553_neutral_03_00498.wav,"You know, things that  things that, you know, are fun to watch, but at the same time, you can walk away with.",Nonverbal_id10553,neutral_breath,NonverbalTTS
raw_datasets/NonverbalTTS/ex02/ex02_happy_03_00499.wav,"the, in the amphitheater  and the security is like, oh yeah, yeah, yeah. I've seen that little girl before. Cause I guess I had a similar backpack to somebody else. So I was like, okay, whatever.  So they're in between songs at this point. I see this empty spot.",Nonverbal_ex02,happy_breath,NonverbalTTS
raw_datasets/NonverbalTTS/id11130/id11130_other_03_00500.wav,"This, even for like three seconds of film.  And it was just so amazing, you know, I, for the first time, worked hard. That was the first time I really wanted to work. I felt so passionate about the whole thing. It became.",Nonverbal_id11130,other_breath,NonverbalTTS
raw_datasets/NonverbalTTS/id04102/id04102_neutral_03_00501.wav,"Well, just do the drill, you know the drill was soccer AM.  JC took it, which was blinding the beer. I had a chance to sign it and I should have took it,  but I didn't. Well, a loan deal.",Nonverbal_id04102,neutral_breath,NonverbalTTS
raw_datasets/NonverbalTTS/id01108/id01108_other_03_00502.wav,"Sales of existing homes are going at a brisk pace. New housing starts are still low, but I see the analogy in the housing market to the automobile market. If used cars suddenly become in high demand, you know that new car sales are going to follow. And with houses, it's the same thing. So  it's hard not to predict.",Nonverbal_id01108,other_breath,NonverbalTTS
raw_datasets/NonverbalTTS/ex04/ex04_happy_03_00503.wav,"Yeah, I always thought that was the prettiest of all the birds. Because of Grandpa, yeah.  Yeah.  Miss him.",Nonverbal_ex04,happy_breath,NonverbalTTS
raw_datasets/NonverbalTTS/id10512/id10512_other_03_00504.wav,"That's what I was looking for because I read an awful lot. I write as well, but I read a lot, lot, lot. And I was sitting with really distinguished authors.  nd we all agree that you've got to want to read on. Somehow the writing has got to catch you. The only way you can do that is somehow.",Nonverbal_id10512,other_breath,NonverbalTTS
raw_datasets/NonverbalTTS/ex01/ex01_neutral_03_00505.wav,I think you'd fit in like a dwarf. You know what I mean? Like a stone dwarf. Like a  hard rock kind of digging for gems   growing out your beard and...,Nonverbal_ex01,neutral_breath,NonverbalTTS
raw_datasets/NonverbalTTS/id05434/id05434_neutral_03_00506.wav,"I die as an artist. And  so Hollywood, wherever you, if you're.",Nonverbal_id05434,neutral_breath,NonverbalTTS
raw_datasets/NonverbalTTS/id06858/id06858_neutral_03_00507.wav,"Using the space in front of their back four, playing a little bit deep and not allowing us space to turn on it. And we have to be, we have to probe and be patient. And the difference today may be other than against Hartlepool and maybe other than against.",Nonverbal_id06858,neutral_breath,NonverbalTTS
raw_datasets/NonverbalTTS/ex01/ex01_disgusted_03_00508.wav,"Oh no, that's not good. 😤",Nonverbal_ex01,disgusted,NonverbalTTS
raw_datasets/NonverbalTTS/id07130/id07130_neutral_03_00509.wav,"And that's kind of what morality is about. Morality isn't about black and white and right and wrong. I mean, sometimes there are clear instances of that, but mostly there is a gray area.",Nonverbal_id07130,neutral_breath,NonverbalTTS
raw_datasets/NonverbalTTS/id04509/id04509_neutral_03_00510.wav,"So it was easy to defend for Malaga, but they did it well, but it was not so hard to do.",Nonverbal_id04509,neutral_breath,NonverbalTTS
raw_datasets/NonverbalTTS/ex03/ex03_other_03_00511.wav,"And he says, he says,  he says,  well, he says something about something really, he waxes religious, he says something about God.  And this man says, I'm starting to question if there really is a God. And Cameron",Nonverbal_ex03,other_breath,NonverbalTTS
raw_datasets/NonverbalTTS/id10935/id10935_happy_03_00512.wav,"I mean,  you know, it's like I do keep a very, I'm very, very careful to keep an arm's length relationship with them because also, you know, the studio is spending their money on the visual effect shots and I'm sort of, I have a  conflict of interest. But, you know, at the end of the day, the only thing that matters to me is the movie and.",Nonverbal_id10935,happy_breath,NonverbalTTS
raw_datasets/NonverbalTTS/id06263/id06263_other_03_00513.wav,joint task force.  So whatever happened before that decision was.,Nonverbal_id06263,other_breath,NonverbalTTS
raw_datasets/NonverbalTTS/ex04/ex04_happy_03_00514.wav,What was the main difference?,Nonverbal_ex04,happy_laugh,NonverbalTTS
raw_datasets/NonverbalTTS/ex03/ex03_other_03_00515.wav,"😖 Oh, and that McDonald's bag? Something... Little long finger like things that are rock hard. Those used to be french fries. Someone left uneaten french fries.",Nonverbal_ex03,other,NonverbalTTS
raw_datasets/NonverbalTTS/ex03/ex03_happy_03_00516.wav,"And then the sideburn, like, half fell off and it was, like, hanging off your face.  And you're like, I am the little hand dog.   That was the best.",Nonverbal_ex03,happy_laugh,NonverbalTTS
raw_datasets/NonverbalTTS/ex02/ex02_sad_03_00517.wav,"Oh God, 👃 I was six.",Nonverbal_ex02,sad,NonverbalTTS
raw_datasets/NonverbalTTS/ex04/ex04_happy_03_00518.wav,Have you heard anything from Paramount?,Nonverbal_ex04,happy_laugh,NonverbalTTS
raw_datasets/NonverbalTTS/id05010/id05010_neutral_03_00519.wav,"And she meets a man, this priest, played by Tom Wilkinson, who's on trial for negligent homicide because he performed  an exorcism on a young girl who then died.",Nonverbal_id05010,neutral_breath,NonverbalTTS
raw_datasets/NonverbalTTS/ex01/ex01_other_03_00520.wav,in here.,Nonverbal_ex01,other_breath,NonverbalTTS
raw_datasets/NonverbalTTS/ex03/ex03_happy_03_00521.wav,"OK, I'll include  Barbara Young.  Now which Gray, Timothy  or Dennis?",Nonverbal_ex03,happy_breath,NonverbalTTS
raw_datasets/NonverbalTTS/id10171/id10171_neutral_03_00522.wav,I think that's the most interesting aspect for me playing this part and why I wanted to explore it is  when a guy has been that sort of highly trained and highly skilled and been in such extraordinary intense situatio,Nonverbal_id10171,neutral_breath,NonverbalTTS
raw_datasets/NonverbalTTS/id05228/id05228_other_03_00523.wav,"And actually walked away thinking, you know, that's  that's a top thirty player right there if he can play that standard. So, you know, his next goal, I think he's around sixty five in the world. The next goal is to crack into the top fifty in the world and  and cement yourself in that top fifty.  And then once he does that, you know, you're on the tour full time, then you're in all the big tournaments.",Nonverbal_id05228,other_breath,NonverbalTTS
raw_datasets/NonverbalTTS/id10871/id10871_other_03_00524.wav,"I don't think we've needed to focus on that too much. I mean, the funny thing about the scary movies is they were making poking fun not only obviously  at our film but at other ones, but our film did that in the first place. I mean, the first screen was s self reflective and witty in that sense,  and so we just had to stay with that. We just had to stay  with our films being witty and taking a look at themselves and taking a look at filmmaking itself and continue on.",Nonverbal_id10871,other_breath,NonverbalTTS
raw_datasets/NonverbalTTS/id10425/id10425_neutral_03_00525.wav,"Morality and kids mortality, kids mortality, and also morality in terms of what happens with the other characters.  So it was something I",Nonverbal_id10425,neutral_breath,NonverbalTTS
raw_datasets/NonverbalTTS/id07726/id07726_neutral_03_00526.wav,that we stood with them as an international community and not just as the United States.  So don't don't underestimate the significance of that because we could be in a world where Russia rewrites the maps and countries are so nervous about picking a fight with Putin that they duck out of the way. So I think it's important that that coalition was mobilized.  I also think it's extremely important that  Europe and the United States have stood together in terms of the sanctions regime.,Nonverbal_id07726,neutral_breath,NonverbalTTS
raw_datasets/NonverbalTTS/id06721/id06721_neutral_03_00527.wav,Raping and pillaging through their towns.  And my wife then would try and bring me down.,Nonverbal_id06721,neutral_breath,NonverbalTTS
raw_datasets/NonverbalTTS/id05457/id05457_happy_03_00528.wav,"They only want to know one thing, which one are you, Vita or Star?  That's all they want to know.",Nonverbal_id05457,happy_laugh,NonverbalTTS
raw_datasets/NonverbalTTS/ex03/ex03_happy_03_00529.wav,I'm at  Wingdale Institute.,Nonverbal_ex03,happy_laugh,NonverbalTTS
raw_datasets/NonverbalTTS/id04715/id04715_neutral_03_00530.wav,"I'm not saying it's legal, but what they did in the way they run that country allowed them not just to kill six million Jews, but kill all the communists, kill all the leftists like me.  My father almost died when a Nazi subsyrian sank.",Nonverbal_id04715,neutral_breath,NonverbalTTS
raw_datasets/NonverbalTTS/ex01/ex01_disgusted_03_00531.wav,A bat? It could be a bat coated with some kind of white liquid sludge that is slowly deformed into some kind of... 😷,Nonverbal_ex01,disgusted,NonverbalTTS
raw_datasets/NonverbalTTS/id10532/id10532_other_03_00532.wav,"It  is, it is, it is, it is, it's fun. I don't play it for comedy, as you might have noticed. I mean,  or the stuff at the front, of course, is, again, I don't play that, I don't play the banana or any of that stuff for comedy. That is,  that really is underlining his, his prayer.",Nonverbal_id10532,other_breath,NonverbalTTS
raw_datasets/NonverbalTTS/id10047/id10047_happy_03_00533.wav,"being told that I have a responsibility.  You know, I'm like, I want it to be my idea. And people are like,",Nonverbal_id10047,happy_laugh,NonverbalTTS
raw_datasets/NonverbalTTS/ex01/ex01_happy_03_00534.wav,What in the Houdini?   That's crazy. I don't know if my energy level is there tonight.,Nonverbal_ex01,happy_laugh,NonverbalTTS
raw_datasets/NonverbalTTS/id07812/id07812_neutral_03_00535.wav,I'd like to move on this morning and answer two questions that I'm often asked.  Now that,Nonverbal_id07812,neutral_breath,NonverbalTTS
raw_datasets/NonverbalTTS/id05724/id05724_neutral_03_00536.wav,September and  we've got  maybe three days out of the.,Nonverbal_id05724,neutral_breath,NonverbalTTS
raw_datasets/NonverbalTTS/ex01/ex01_sad_03_00538.wav,"Mmm.  I love her, uh... I love her song. There's a song called Cactus Tree that I really, really love.",Nonverbal_ex01,sad_breath,NonverbalTTS
raw_datasets/NonverbalTTS/ex03/ex03_sad_03_00540.wav,I guess they do.,Nonverbal_ex03,sad_breath,NonverbalTTS
raw_datasets/NonverbalTTS/ex02/ex02_other_03_00541.wav,Och. Oof.,Nonverbal_ex02,other_breath,NonverbalTTS
raw_datasets/NonverbalTTS/ex02/ex02_happy_03_00542.wav,"Oh man, I'll never forget it.  Reminds me of,  do you remember when we used to live  in the ground floor apartment  and we shared that place 👃 when we were going through college? 👃",Nonverbal_ex02,happy_breath,NonverbalTTS
raw_datasets/NonverbalTTS/ex03/ex03_happy_03_00543.wav,Jar of pickles over your head?,Nonverbal_ex03,happy_laugh,NonverbalTTS
raw_datasets/NonverbalTTS/id10118/id10118_happy_03_00544.wav,"with Sylvester Stone and Arnold Schwarzenegger  and the first day on set and I was very nervous because obviously, you know, it's very surreal and, you know, they're huge.  But I was sitting down and Sly walks in and I stand up to shake his hand and he's like, who ordered the jurek?",Nonverbal_id10118,happy_breath,NonverbalTTS
raw_datasets/NonverbalTTS/ex01/ex01_sad_03_00545.wav,"So if so, I can take the look. It's no big deal. 🗣️",Nonverbal_ex01,sad,NonverbalTTS
raw_datasets/NonverbalTTS/id03704/id03704_neutral_03_00546.wav,"But I mean, I think that kept the fuel in me is playing each sport, looking forward to each season.  You hen it was basketball season, looking forward to baseball season, baseball season, looking forward to football season. So  I think it kept me fresh, it kept me active.  and  you know",Nonverbal_id03704,neutral_breath,NonverbalTTS
raw_datasets/NonverbalTTS/id03986/id03986_happy_03_00547.wav,"ome of them hit the mega records, so it's going to be important things.",Nonverbal_id03986,happy_laugh,NonverbalTTS
raw_datasets/NonverbalTTS/id03996/id03996_neutral_03_00548.wav,"It's never going to happen, but  you aim to be the best and you try everything to do that. And for me, closing my helmet, driving out into the pit lane is the most peaceful place in the world away from the craziness of this world o.",Nonverbal_id03996,neutral_breath,NonverbalTTS
raw_datasets/NonverbalTTS/ex02/ex02_other_03_00549.wav,"Yeah, aren't we lucky.  Witnessing history.",Nonverbal_ex02,other_breath,NonverbalTTS
raw_datasets/NonverbalTTS/ex01/ex01_sad_03_00550.wav,"Yeah, she was 👃s a a good grandma.",Nonverbal_ex01,sad,NonverbalTTS
raw_datasets/NonverbalTTS/id04272/id04272_neutral_03_00551.wav,"And there were many more, when I was young, many more girls doing it than boys. Actually, it's quite nice for a boy because you mentioned lots of girls. I mean, that's certainly by  the by. But I remember very well when I felt miserable. I had this thoroughbred mare.",Nonverbal_id04272,neutral_breath,NonverbalTTS
raw_datasets/NonverbalTTS/ex01/ex01_surprised_03_00552.wav,"You liked brandy, right?  You...",Nonverbal_ex01,surprised_breath,NonverbalTTS
raw_datasets/NonverbalTTS/id07560/id07560_other_03_00555.wav,"Exploring a house I've never  been in before and the camera's on the back of me and he said, I can see you're not impressed enough. He said, I want you to be impressed by that vase. And I thought, wow, okay, the camera's on the back of my head.",Nonverbal_id07560,other_breath,NonverbalTTS
raw_datasets/NonverbalTTS/id10889/id10889_neutral_03_00556.wav,"She Maker, the only director out of all of the directors that I worked with prior,  was the only one who didn't  want me to.",Nonverbal_id10889,neutral_breath,NonverbalTTS
raw_datasets/NonverbalTTS/ex03/ex03_sad_03_00557.wav,"It's okay, Cooper. Cooper, we love you. We love you very much.",Nonverbal_ex03,sad_breath,NonverbalTTS
raw_datasets/NonverbalTTS/ex01/ex01_happy_03_00558.wav,"👃 No, I'm going to be in...  I'm going to be in hell.  It's...",Nonverbal_ex01,happy_breath,NonverbalTTS
raw_datasets/NonverbalTTS/ex03/ex03_neutral_03_00559.wav,"And I I got the first I got the first batch of muffins  in the oven.  Oh, what about the bagels?",Nonverbal_ex03,neutral_breath,NonverbalTTS
raw_datasets/NonverbalTTS/id03817/id03817_neutral_03_00560.wav,"Well, we've just learned that mister Haskell has sold his story to the National Enquirer. Though he denies it, the full purchase price is believed to be upwards of one hundred thousand dollars.  Well, was there really something up there tonight? We took our cameras outside just moments ago to get reaction.",Nonverbal_id03817,neutral_breath,NonverbalTTS
raw_datasets/NonverbalTTS/id10887/id10887_other_03_00561.wav,"But her lover in a way. 👃 And in when the film was released in Sweden, everybody reacted pretty much on that scene.",Nonverbal_id10887,other,NonverbalTTS
raw_datasets/NonverbalTTS/ex04/ex04_happy_03_00562.wav,"Yeah.  Oh, man, it was certain to give out today or at some point.",Nonverbal_ex04,happy_breath,NonverbalTTS
raw_datasets/NonverbalTTS/id04825/id04825_neutral_03_00563.wav,It means a lot because  of the nature of events that transpired up to this.,Nonverbal_id04825,neutral_breath,NonverbalTTS
raw_datasets/NonverbalTTS/id11009/id11009_happy_03_00564.wav,"And I said, yes, you know,  but I thought about the title, A Raisin in the Sun. Well, that's a grape, that's all dry.",Nonverbal_id11009,happy_breath,NonverbalTTS
raw_datasets/NonverbalTTS/id07077/id07077_neutral_03_00565.wav,Floors inside Yasharaj when the casting director of Yasharaj Shanu Sharma 🗣️ came to the floors to meet Rani because they are friends for a long time.  So she was talking to Rani and then she saw me and said hi and hello and then that ended thee,Nonverbal_id07077,neutral_breath,NonverbalTTS
raw_datasets/NonverbalTTS/ex03/ex03_other_03_00566.wav,That's what gets me going.  Nice and crusty. Really crusty and flaky on top.,Nonverbal_ex03,other_breath,NonverbalTTS
raw_datasets/NonverbalTTS/id04933/id04933_neutral_03_00567.wav,"hitting with  man, where does it end? John Clayton and I are starting to work on some more large scale projects. We did Redman Blackman back at Monterrey a couple of ye",Nonverbal_id04933,neutral_breath,NonverbalTTS
raw_datasets/NonverbalTTS/ex04/ex04_happy_03_00568.wav,We should call him back and ask him to include cocktails.,Nonverbal_ex04,happy_laugh,NonverbalTTS
raw_datasets/NonverbalTTS/id03778/id03778_other_03_00569.wav,And asked if I'd reconsider my position and they'd get back to me a few weeks later if  and see how it was then. So I said I was  I would and then a few weeks later they said the issues hadn't obviously improved different players had still had those knocks and  would I like to be part of the thirty man squad.,Nonverbal_id03778,other_breath,NonverbalTTS
raw_datasets/NonverbalTTS/id05913/id05913_neutral_03_00570.wav,"Customer use cases are the most powerful thing. You can hear it from us, but when you hear it from our customers about how they have accelerated innovation and helped transform their IT infrastructure in the age of digital disruption, I think it matters a lot.  So",Nonverbal_id05913,neutral_breath,NonverbalTTS
raw_datasets/NonverbalTTS/id05856/id05856_neutral_03_00571.wav,"FO game,  happy with the performance. I think that fair result on the end.",Nonverbal_id05856,neutral_breath,NonverbalTTS
raw_datasets/NonverbalTTS/id10079/id10079_neutral_03_00572.wav,"That's a great question. And I had never really thought about the answer, but yeah,  I think it has.",Nonverbal_id10079,neutral_breath,NonverbalTTS
raw_datasets/NonverbalTTS/id11188/id11188_happy_03_00573.wav,"They're not evolving morally, shall we say?",Nonverbal_id11188,happy_breath,NonverbalTTS
raw_datasets/NonverbalTTS/ex02/ex02_happy_03_00575.wav,"Don't worry about  it. It's just something I'm working on as a mantra to kind of teach you.  I've been putting subliminal messaging in it as you sleep anyway.  Yeah,  so  I",Nonverbal_ex02,happy_breath,NonverbalTTS
raw_datasets/NonverbalTTS/id09029/id09029_happy_03_00576.wav,I I I had no   I just had no.,Nonverbal_id09029,happy_breath,NonverbalTTS
raw_datasets/NonverbalTTS/id08929/id08929_other_03_00577.wav,"The older it is, the wine is better it is. It's more expensive,  but people pay for it. And I really believe in sacrifice. You pay what you work for. So I sacrifice a lot. Me and my family,  we do sacrifice.",Nonverbal_id08929,other_breath,NonverbalTTS
raw_datasets/NonverbalTTS/ex01/ex01_other_03_00578.wav,And  he sat down at the sunrise when the sun was like as red as can be  and painted this photo of two dock workers going out on a boat for the first time after,Nonverbal_ex01,other_breath,NonverbalTTS
raw_datasets/NonverbalTTS/id10520/id10520_neutral_03_00579.wav,"m and I would say in these economic times, most Americans are still doing whatever they have to do to survive with underwater mortgages, et cetera,  you know, so.",Nonverbal_id10520,neutral_breath,NonverbalTTS
raw_datasets/NonverbalTTS/ex02/ex02_other_03_00580.wav,"Marie, I'm so sorry for the smell. I found the source. It's... . It's my fault. I'm so sorry.  I used the Instapot the other day, and...",Nonverbal_ex02,other_breath,NonverbalTTS
raw_datasets/NonverbalTTS/id03728/id03728_neutral_03_00581.wav,"that have been given special category status, the eight states of the Northeast Utrakhan, Himachal Pradesh, Jammu and Kashmir.  Andrew",Nonverbal_id03728,neutral_breath,NonverbalTTS
raw_datasets/NonverbalTTS/id04956/id04956_neutral_03_00582.wav,"I thought they played, you know, I thought we  finally came out as the.",Nonverbal_id04956,neutral_breath,NonverbalTTS
raw_datasets/NonverbalTTS/ex03/ex03_neutral_03_00583.wav,We'd go to Monhegan Island  off the coast of Maine.,Nonverbal_ex03,neutral_breath,NonverbalTTS
raw_datasets/NonverbalTTS/id01875/id01875_neutral_03_00585.wav,"All the folks at nationwide, our partnership dates back  a really long time.  Maybe you guys have heard it, but there aren't",Nonverbal_id01875,neutral_breath,NonverbalTTS
raw_datasets/NonverbalTTS/id10151/id10151_neutral_03_00586.wav,"To what he went through seeing as we were trying to do sequences, some of the sequences  as close as we could possibly do to what he describes in the book. So that felt in a way.",Nonverbal_id10151,neutral_breath,NonverbalTTS
raw_datasets/NonverbalTTS/ex02/ex02_sad_03_00587.wav,"Yeah.  Look, I'm gonna, I know that this isn't the easiest time for you to take help from anybody, but  I think, I think maybe we should go out. I think we should get out and like go for",Nonverbal_ex02,sad_breath,NonverbalTTS
raw_datasets/NonverbalTTS/id10397/id10397_neutral_03_00588.wav,Cozzlewood in Wales and  plates in Iceland. And so there were a lot of real locations which allowed for this thing to hopefully,Nonverbal_id10397,neutral_breath,NonverbalTTS
raw_datasets/NonverbalTTS/ex01/ex01_happy_03_00589.wav,"You bet I can do the worm just like I used to do.  And then after we do the worm, we're going to do the disco. We're going to bring our arms up and then our arms down and then our arms up and then our arms down. And we're going to just...",Nonverbal_ex01,happy_laugh,NonverbalTTS
raw_datasets/NonverbalTTS/id10639/id10639_happy_03_00590.wav,You're just home and you're doing like dishes and laundry and  school drop offs and baking cupcakes and  then it's so fun to like be in this world.,Nonverbal_id10639,happy_breath,NonverbalTTS
raw_datasets/NonverbalTTS/id10175/id10175_neutral_03_00591.wav,about family and about the family in this movie 🗣️ that everybody can relate to is how you take on a role in your family.,Nonverbal_id10175,neutral,NonverbalTTS
raw_datasets/NonverbalTTS/id06020/id06020_happy_03_00592.wav,"n's character, Wyatt, is a Mennonite or was raised Mennonite  and eventually we're going to meet  his Mennonite.",Nonverbal_id06020,happy_breath,NonverbalTTS
raw_datasets/NonverbalTTS/id08373/id08373_happy_03_00593.wav,"Wait a minute, I gotta be broke for a couple years before I get to this spot. Wait a minute. They don't want to hear that, but I think it's so important. So when you say  what I've overcome, biggest challenge, man, life. I mean, life is.",Nonverbal_id08373,happy_breath,NonverbalTTS
raw_datasets/NonverbalTTS/id06866/id06866_other_03_00594.wav,"So again, we do things like  drive the speed limit. Don't mess around.",Nonverbal_id06866,other_breath,NonverbalTTS
raw_datasets/NonverbalTTS/id10329/id10329_neutral_03_00595.wav,"Just amazing and I hope that we all can continue to explore space. But  to me,",Nonverbal_id10329,neutral_breath,NonverbalTTS
raw_datasets/NonverbalTTS/id10449/id10449_neutral_03_00596.wav,"😷 And then I went to Saban and I was like, man, since I did this appearance, I got a ten grand man.",Nonverbal_id10449,neutral,NonverbalTTS
raw_datasets/NonverbalTTS/ex03/ex03_other_03_00597.wav,"eoplecause so many tourists would come by. This deer was  like a domesticated pet. People would go up to this deer and pat its head. Very unusual, but they had a name for it. They called it Hunnish.",Nonverbal_ex03,other_laugh,NonverbalTTS
raw_datasets/NonverbalTTS/ex02/ex02_neutral_03_00598.wav,"Normally, as a non exempt employee, because you're on hourly pay or breaks down to an hourly pay, I believe you're entitled to a certain level of overtime.   But",Nonverbal_ex02,neutral_breath,NonverbalTTS
raw_datasets/NonverbalTTS/id03824/id03824_neutral_03_00599.wav,In one day more than before in five years.,Nonverbal_id03824,neutral_breath,NonverbalTTS
raw_datasets/LibriTTS_R/Speaker_3081/3081_neutral_00_00000.wav,The weapon must still have been there.,Libri_3081,neutral,LibriTTS_R
raw_datasets/LibriTTS_R/Speaker_3081/3081_neutral_00_00001.wav,"How quickly he disappeared!""",Libri_3081,neutral,LibriTTS_R
raw_datasets/LibriTTS_R/Speaker_3081/3081_neutral_00_00002.wav,"""But the blood?",Libri_3081,neutral,LibriTTS_R
raw_datasets/LibriTTS_R/Speaker_3081/3081_neutral_00_00003.wav,"""So they tell me.""",Libri_3081,neutral,LibriTTS_R
raw_datasets/LibriTTS_R/Speaker_3081/3081_neutral_00_00004.wav,"What do you make of it, Gryce?""",Libri_3081,neutral,LibriTTS_R
raw_datasets/LibriTTS_R/Speaker_3081/3081_neutral_00_00005.wav,"""Yes.""",Libri_3081,neutral,LibriTTS_R
raw_datasets/LibriTTS_R/Speaker_3081/3081_neutral_00_00006.wav,Perhaps you can.,Libri_3081,neutral,LibriTTS_R
raw_datasets/LibriTTS_R/Speaker_84/84_neutral_00_00007.wav,"Already my slow steps had carried me Into the ancient wood so far, that I Could not perceive where I had entered it.",Libri_84,neutral,LibriTTS_R
raw_datasets/LibriTTS_R/Speaker_84/84_neutral_00_00008.wav,"With feet I stayed, and with mine eyes I passed Beyond the rivulet, to look upon The great variety of the fresh may.",Libri_84,neutral,LibriTTS_R
raw_datasets/LibriTTS_R/Speaker_84/84_neutral_00_00009.wav,And there appeared to me (even as appears Suddenly something that doth turn aside Through very wonder every other thought),Libri_84,neutral,LibriTTS_R
raw_datasets/LibriTTS_R/Speaker_84/84_neutral_00_00010.wav,"May the desire come unto thee to draw Near to this river's bank,"" I said to her, ""So much that I might hear what thou art singing.",Libri_84,neutral,LibriTTS_R
raw_datasets/LibriTTS_R/Speaker_84/84_neutral_00_00011.wav,"Erect upon the other bank she smiled, Bearing full many colours in her hands, Which that high land produces without seed.",Libri_84,neutral,LibriTTS_R
raw_datasets/LibriTTS_R/Speaker_84/84_neutral_00_00012.wav,"""The water,"" said I, ""and the forest's sound, Are combating within me my new faith In something which I heard opposed to this.""",Libri_84,neutral,LibriTTS_R
raw_datasets/LibriTTS_R/Speaker_84/84_neutral_00_00013.wav,Purgatorio: Canto twenty nine,Libri_84,neutral,LibriTTS_R
raw_datasets/LibriTTS_R/Speaker_84/84_neutral_00_00014.wav,"Between her steps and mine were not a hundred, When equally the margins gave a turn, In such a way, that to the East I faced.",Libri_84,neutral,LibriTTS_R
raw_datasets/LibriTTS_R/Speaker_84/84_neutral_00_00015.wav,"Then back I turned my face to those high things, Which moved themselves towards us so sedately, They had been distanced by new wedded brides.",Libri_84,neutral,LibriTTS_R
raw_datasets/LibriTTS_R/Speaker_84/84_neutral_00_00016.wav,"The lady chid me: ""Why dost thou burn only So with affection for the living lights, And dost not look at what comes after them?""",Libri_84,neutral,LibriTTS_R
raw_datasets/LibriTTS_R/Speaker_84/84_neutral_00_00017.wav,"Even as in heaven star followeth after star, There came close after them four animals, Incoronate each one with verdant leaf.",Libri_84,neutral,LibriTTS_R
raw_datasets/LibriTTS_R/Speaker_84/84_neutral_00_00018.wav,"So high they rose that they were lost to sight; His limbs were gold, so far as he was bird, And white the others with vermilion mingled.",Libri_84,neutral,LibriTTS_R
raw_datasets/LibriTTS_R/Speaker_84/84_neutral_00_00019.wav,"And one of them, as if by Heaven commissioned, Singing, ""Veni, sponsa, de Libano"" Shouted three times, and all the others after.",Libri_84,neutral,LibriTTS_R
raw_datasets/LibriTTS_R/Speaker_84/84_neutral_00_00020.wav,"Even as the Blessed at the final summons Shall rise up quickened each one from his cavern, Uplifting light the reinvested flesh,",Libri_84,neutral,LibriTTS_R
raw_datasets/LibriTTS_R/Speaker_84/84_neutral_00_00021.wav,"""Look at me well; in sooth I'm Beatrice! How didst thou deign to come unto the Mountain? Didst thou not know that man is happy here?""",Libri_84,neutral,LibriTTS_R
raw_datasets/LibriTTS_R/Speaker_84/84_neutral_00_00022.wav,"But so much more malignant and more savage Becomes the land untilled and with bad seed, The more good earthly vigour it possesses.",Libri_84,neutral,LibriTTS_R
raw_datasets/LibriTTS_R/Speaker_84/84_neutral_00_00023.wav,"As soon as ever of my second age I was upon the threshold and changed life, Himself from me he took and gave to others.",Libri_84,neutral,LibriTTS_R
raw_datasets/LibriTTS_R/Speaker_84/84_neutral_00_00024.wav,"When from the flesh to spirit I ascended, And beauty and virtue were in me increased, I was to him less dear and less delightful;",Libri_84,neutral,LibriTTS_R
raw_datasets/LibriTTS_R/Speaker_84/84_neutral_00_00025.wav,"Nor prayer for inspiration me availed, By means of which in dreams and otherwise I called him back, so little did he heed them.",Libri_84,neutral,LibriTTS_R
raw_datasets/LibriTTS_R/Speaker_84/84_neutral_00_00026.wav,"Confusion and dismay together mingled Forced such a Yes! from out my mouth, that sight Was needful to the understanding of it.",Libri_84,neutral,LibriTTS_R
raw_datasets/LibriTTS_R/Speaker_84/84_neutral_00_00027.wav,"So was I standing; and she said: ""If thou In hearing sufferest pain, lift up thy beard And thou shalt feel a greater pain in seeing.""",Libri_84,neutral,LibriTTS_R
raw_datasets/LibriTTS_R/Speaker_84/84_neutral_00_00028.wav,"So pricked me then the thorn of penitence, That of all other things the one which turned me Most to its love became the most my foe.",Libri_84,neutral,LibriTTS_R
raw_datasets/LibriTTS_R/Speaker_84/84_neutral_00_00029.wav,"Such self conviction stung me at the heart O'erpowered I fell, and what I then became She knoweth who had furnished me the cause.",Libri_84,neutral,LibriTTS_R
raw_datasets/LibriTTS_R/Speaker_84/84_neutral_00_00030.wav,"Thus singing they began; and afterwards Unto the Griffin's breast they led me with them, Where Beatrice was standing, turned towards us.",Libri_84,neutral,LibriTTS_R
raw_datasets/LibriTTS_R/Speaker_84/84_neutral_00_00031.wav,"Then by the way that it before had come, Into the chariot's chest I saw the Eagle Descend, and leave it feathered with his plumes.",Libri_84,neutral,LibriTTS_R
raw_datasets/LibriTTS_R/Speaker_84/84_neutral_00_00032.wav,"And as a wasp that draweth back its sting, Drawing unto himself his tail malign, Drew out the floor, and went his way rejoicing.",Libri_84,neutral,LibriTTS_R
raw_datasets/LibriTTS_R/Speaker_84/84_neutral_00_00033.wav,"As soon as I was with her as I should be, She said to me: ""Why, brother, dost thou not Venture to question now, in coming with me?""",Libri_84,neutral,LibriTTS_R
raw_datasets/LibriTTS_R/Speaker_84/84_neutral_00_00034.wav,"Note thou; and even as by me are uttered These words, so teach them unto those who live That life which is a running unto death;",Libri_84,neutral,LibriTTS_R
raw_datasets/LibriTTS_R/Speaker_84/84_neutral_00_00035.wav,"And if from smoke a fire may be inferred, Such an oblivion clearly demonstrates Some error in thy will elsewhere intent.",Libri_84,neutral,LibriTTS_R
raw_datasets/LibriTTS_R/Speaker_84/84_neutral_00_00036.wav,"In front of them the Tigris and Euphrates Methought I saw forth issue from one fountain, And slowly part, like friends, from one another.",Libri_84,neutral,LibriTTS_R
raw_datasets/LibriTTS_R/Speaker_84/84_neutral_00_00037.wav,"For such a prayer, 'twas said unto me, ""Pray Matilda that she tell thee;"" and here answered, As one does who doth free himself from blame,",Libri_84,neutral,LibriTTS_R
raw_datasets/LibriTTS_R/Speaker_84/84_neutral_00_00038.wav,"Some time did I sustain him with my look; Revealing unto him my youthful eyes, I led him with me turned in the right way.",Libri_84,neutral,LibriTTS_R
raw_datasets/LibriTTS_R/Speaker_84/84_neutral_00_00039.wav,"My faculties were in so great confusion, That the voice moved, but sooner was extinct Than by its organs it was set at large.",Libri_84,neutral,LibriTTS_R
raw_datasets/LibriTTS_R/Speaker_84/84_neutral_00_00040.wav,"Think, Reader, if within myself I marvelled, When I beheld the thing itself stand still, And in its image it transformed itself.",Libri_84,neutral,LibriTTS_R
raw_datasets/LibriTTS_R/Speaker_84/84_neutral_00_00041.wav,"It me befell, that without perfect sound Began I: ""My necessity, Madonna, You know, and that which thereunto is good.""",Libri_84,neutral,LibriTTS_R
raw_datasets/LibriTTS_R/Speaker_84/84_neutral_00_00042.wav,"Over her snow white veil with olive cinct Appeared a lady under a green mantle, Vested in colour of the living flame.",Libri_84,neutral,LibriTTS_R
raw_datasets/LibriTTS_R/Speaker_84/84_neutral_00_00043.wav,"She, on the right-hand border of the car Still firmly standing, to those holy beings Thus her discourse directed afterwards:",Libri_84,neutral,LibriTTS_R
raw_datasets/LibriTTS_R/Speaker_84/84_neutral_00_00044.wav,"After this fashion round the tree robust The others shouted; and the twofold creature: ""Thus is preserved the seed of all the just.""",Libri_84,neutral,LibriTTS_R
raw_datasets/LibriTTS_R/Speaker_84/84_neutral_00_00045.wav,"While with amazement filled and jubilant, My soul was tasting of the food, that while It satisfies us makes us hunger for it,",Libri_84,neutral,LibriTTS_R
raw_datasets/LibriTTS_R/Speaker_84/84_neutral_00_00046.wav,"And the sun's face, uprising, overshadowed So that by tempering influence of vapours For a long interval the eye sustained it;",Libri_84,neutral,LibriTTS_R
raw_datasets/LibriTTS_R/Speaker_84/84_neutral_00_00047.wav,"The beautiful lady opened wide her arms, Embraced my head, and plunged me underneath, Where I was forced to swallow of the water.",Libri_84,neutral,LibriTTS_R
raw_datasets/LibriTTS_R/Speaker_84/84_neutral_00_00048.wav,"But wherefore so beyond my power of sight Soars your desirable discourse, that aye The more I strive, so much the more I lose it?""",Libri_84,neutral,LibriTTS_R
raw_datasets/LibriTTS_R/Speaker_84/84_neutral_00_00049.wav,"Thereafter four I saw of humble aspect, And behind all an aged man alone Walking in sleep with countenance acute.",Libri_84,neutral,LibriTTS_R
raw_datasets/LibriTTS_R/Speaker_84/84_neutral_00_00050.wav,"And I beheld the flamelets onward go, Leaving behind themselves the air depicted, And they of trailing pennons had the semblance,",Libri_84,neutral,LibriTTS_R
raw_datasets/LibriTTS_R/Speaker_84/84_neutral_00_00051.wav,"But still, that thou mayst feel a greater shame For thy transgression, and another time Hearing the Sirens thou mayst be more strong,",Libri_84,neutral,LibriTTS_R
raw_datasets/LibriTTS_R/Speaker_84/84_neutral_00_00052.wav,"And as my countenance was lifted up, Mine eye perceived those creatures beautiful Had rested from the strewing of the flowers;",Libri_84,neutral,LibriTTS_R
raw_datasets/LibriTTS_R/Speaker_84/84_neutral_00_00053.wav,"""O thou who art beyond the sacred river,"" Turning to me the point of her discourse, That edgewise even had seemed to me so keen,",Libri_84,neutral,LibriTTS_R
raw_datasets/LibriTTS_R/Speaker_84/84_neutral_00_00054.wav,"It should not seem a marvel then on earth, This being heard, whenever any plant Without seed manifest there taketh root.",Libri_84,neutral,LibriTTS_R
raw_datasets/LibriTTS_R/Speaker_84/84_neutral_00_00055.wav,"And now they seemed conducted by the white, Now by the red, and from the song of her The others took their step, or slow or swift.",Libri_84,neutral,LibriTTS_R
raw_datasets/LibriTTS_R/Speaker_84/84_neutral_00_00056.wav,"I heard them murmur altogether, ""Adam!"" Then circled they about a tree despoiled Of blooms and other leafage on each bough.",Libri_84,neutral,LibriTTS_R
raw_datasets/LibriTTS_R/Speaker_84/84_neutral_00_00057.wav,"Alone she sat upon the very earth, Left there as guardian of the chariot Which I had seen the biform monster fasten.",Libri_84,neutral,LibriTTS_R
raw_datasets/LibriTTS_R/Speaker_84/84_neutral_00_00058.wav,"Reader! to trace their forms no more I waste My rhymes; for other spendings press me so, That I in this cannot be prodigal.",Libri_84,neutral,LibriTTS_R
raw_datasets/LibriTTS_R/Speaker_84/84_neutral_00_00059.wav,"Therefore I pass to what time I awoke, And say a splendour rent from me the veil Of slumber, and a calling: ""Rise, what dost thou?""",Libri_84,neutral,LibriTTS_R
raw_datasets/LibriTTS_R/Speaker_84/84_neutral_00_00060.wav,"Thou makest me remember where and what Proserpina that moment was when lost Her mother her, and she herself the Spring.""",Libri_84,neutral,LibriTTS_R
raw_datasets/LibriTTS_R/Speaker_84/84_neutral_00_00061.wav,Thou by so many circumstances only The justice of the interdict of God Morally in the tree wouldst recognize.,Libri_84,neutral,LibriTTS_R
raw_datasets/LibriTTS_R/Speaker_84/84_neutral_00_00062.wav,"O Virgins sacrosanct! if ever hunger, Vigils, or cold for you I have endured, The occasion spurs me their reward to claim!",Libri_84,neutral,LibriTTS_R
raw_datasets/LibriTTS_R/Speaker_84/84_neutral_00_00063.wav,"A softly breathing air, that no mutation Had in itself, upon the forehead smote me No heavier blow than of a gentle wind,",Libri_84,neutral,LibriTTS_R
raw_datasets/LibriTTS_R/Speaker_84/84_neutral_00_00064.wav,"But read ezekiel, who depicteth them As he beheld them from the region cold Coming with cloud, with whirlwind, and with fire;",Libri_84,neutral,LibriTTS_R
raw_datasets/LibriTTS_R/Speaker_84/84_neutral_00_00065.wav,"The ladies seven at a dark shadow's edge, Such as, beneath green leaves and branches black, The Alp upon its frigid border wears.",Libri_84,neutral,LibriTTS_R
raw_datasets/LibriTTS_R/Speaker_84/84_neutral_00_00066.wav,"I will too, if not written, at least painted, Thou bear it back within thee, for the reason That cinct with palm the pilgrim's staff is borne.""",Libri_84,neutral,LibriTTS_R
raw_datasets/LibriTTS_R/Speaker_84/84_neutral_00_00067.wav,"Less than of rose and more than violet A hue disclosing, was renewed the tree That had erewhile its boughs so desolate.",Libri_84,neutral,LibriTTS_R
raw_datasets/LibriTTS_R/Speaker_84/84_neutral_00_00068.wav,That soldiery of the celestial kingdom Which marched in the advance had wholly passed us Before the chariot had turned its pole.,Libri_84,neutral,LibriTTS_R
raw_datasets/LibriTTS_R/Speaker_84/84_neutral_00_00069.wav,"peter and john and james conducted were, And, overcome, recovered at the word By which still greater slumbers have been broken,",Libri_84,neutral,LibriTTS_R
raw_datasets/LibriTTS_R/Speaker_84/84_neutral_00_00070.wav,"But with full ravishment the hours of prime, Singing, received they in the midst of leaves, That ever bore a burden to their rhymes,",Libri_84,neutral,LibriTTS_R
raw_datasets/LibriTTS_R/Speaker_84/84_neutral_00_00071.wav,"Then, when the heart restored my outward sense, The lady I had found alone, above me I saw, and she was saying, ""Hold me, hold me.""",Libri_84,neutral,LibriTTS_R
raw_datasets/LibriTTS_R/Speaker_84/84_neutral_00_00072.wav,"Thereafter saw I leap into the body Of the triumphal vehicle a Fox, That seemed unfed with any wholesome food.",Libri_84,neutral,LibriTTS_R
raw_datasets/LibriTTS_R/Speaker_84/84_neutral_00_00073.wav,"But because she her wanton, roving eye Turned upon me, her angry paramour Did scourge her from her head unto her feet.",Libri_84,neutral,LibriTTS_R
raw_datasets/LibriTTS_R/Speaker_84/84_neutral_00_00074.wav,"Apart three paces did the river make us; But Hellespont, where Xerxes passed across, (A curb still to all human arrogance,)",Libri_84,neutral,LibriTTS_R
raw_datasets/LibriTTS_R/Speaker_84/84_neutral_00_00075.wav,"And Beatrice, compassionate and sighing, Listened to them with such a countenance, That scarce more changed was Mary at the cross.",Libri_84,neutral,LibriTTS_R
raw_datasets/LibriTTS_R/Speaker_84/84_neutral_00_00076.wav,"For this I visited the gates of death, And unto him, who so far up has led him, My intercessions were with weeping borne.",Libri_84,neutral,LibriTTS_R
raw_datasets/LibriTTS_R/Speaker_84/84_neutral_00_00077.wav,Purgatorio: Canto thirty two,Libri_84,neutral,LibriTTS_R
raw_datasets/LibriTTS_R/Speaker_84/84_neutral_00_00078.wav,Some apprehension keeps you marvelling; But the psalm 'Delectasti' giveth light Which has the power to uncloud your intellect.,Libri_84,neutral,LibriTTS_R
raw_datasets/LibriTTS_R/Speaker_84/84_neutral_00_00079.wav,"And I: ""As by a signet is the wax Which does not change the figure stamped upon it, My brain is now imprinted by yourself.",Libri_84,neutral,LibriTTS_R
raw_datasets/LibriTTS_R/Speaker_84/84_neutral_00_00080.wav,"And so much power the stricken plant possesses That with its virtue it impregns the air, And this, revolving, scatters it around;",Libri_84,neutral,LibriTTS_R
raw_datasets/LibriTTS_R/Speaker_84/84_neutral_00_00081.wav,Purgatorio: Canto thirty one,Libri_84,neutral,LibriTTS_R
raw_datasets/LibriTTS_R/Speaker_84/84_neutral_00_00082.wav,"Cast down the seed of weeping and attend; So shalt thou hear, how in an opposite way My buried flesh should have directed thee.",Libri_84,neutral,LibriTTS_R
raw_datasets/LibriTTS_R/Speaker_84/84_neutral_00_00083.wav,"Than I upraised at her command my chin; And when she by the beard the face demanded, Well I perceived the venom of her meaning.",Libri_84,neutral,LibriTTS_R
raw_datasets/LibriTTS_R/Speaker_84/84_neutral_00_00084.wav,"""Short while shalt thou be here a forester, And thou shalt be with me for evermore A citizen of that Rome where Christ is Roman.",Libri_84,neutral,LibriTTS_R
raw_datasets/LibriTTS_R/Speaker_84/84_neutral_00_00085.wav,"""O light, O glory of the human race! What stream is this which here unfolds itself From out one source, and from itself withdraws?""",Libri_84,neutral,LibriTTS_R
raw_datasets/LibriTTS_R/Speaker_84/84_neutral_00_00086.wav,"And lo! a sudden lustre ran across On every side athwart the spacious forest, Such that it made me doubt if it were lightning.",Libri_84,neutral,LibriTTS_R
raw_datasets/LibriTTS_R/Speaker_84/84_neutral_00_00087.wav,"Even as children silent in their shame Stand listening with their eyes upon the ground, And conscious of their fault, and penitent;",Libri_84,neutral,LibriTTS_R
raw_datasets/LibriTTS_R/Speaker_84/84_neutral_00_00088.wav,"The Good Supreme, sole in itself delighting, Created man good, and this goodly place Gave him as hansel of eternal peace.",Libri_84,neutral,LibriTTS_R
raw_datasets/LibriTTS_R/Speaker_84/84_neutral_00_00089.wav,"Such had this man become in his new life Potentially, that every righteous habit Would have made admirable proof in him;",Libri_84,neutral,LibriTTS_R
raw_datasets/LibriTTS_R/Speaker_84/84_neutral_00_00090.wav,"Even so, when she had taken hold of me, The beautiful lady moved, and unto Statius Said, in her womanly manner, ""Come with him.""",Libri_84,neutral,LibriTTS_R
raw_datasets/LibriTTS_R/Speaker_84/84_neutral_00_00091.wav,"In rear of all the group here treated of Two old men I beheld, unlike in habit, But like in gait, each dignified and grave.",Libri_84,neutral,LibriTTS_R
raw_datasets/LibriTTS_R/Speaker_84/84_neutral_00_00092.wav,"Now Helicon must needs pour forth for me, And with her choir Urania must assist me, To put in verse things difficult to think.",Libri_84,neutral,LibriTTS_R
raw_datasets/LibriTTS_R/Speaker_84/84_neutral_00_00093.wav,"Therefore my answer is with greater care, That he may hear me who is weeping yonder, So that the sin and dole be of one measure.",Libri_84,neutral,LibriTTS_R
raw_datasets/LibriTTS_R/Speaker_84/84_neutral_00_00094.wav,"I do not think there shone so great a light Under the lids of Venus, when transfixed By her own son, beyond his usual custom!",Libri_84,neutral,LibriTTS_R
raw_datasets/LibriTTS_R/Speaker_84/84_neutral_00_00095.wav,"Mine eyes fell downward into the clear fountain, But, seeing myself therein, I sought the grass, So great a shame did weigh my forehead down.",Libri_84,neutral,LibriTTS_R
raw_datasets/LibriTTS_R/Speaker_84/84_neutral_00_00096.wav,"And such as thou shalt find them in his pages, Such were they here; saving that in their plumage john is with me, and differeth from him.",Libri_84,neutral,LibriTTS_R
raw_datasets/LibriTTS_R/Speaker_84/84_neutral_00_00097.wav,"And turning to the pole which he had dragged, He drew it close beneath the widowed bough, And what was of it unto it left bound.",Libri_84,neutral,LibriTTS_R
raw_datasets/LibriTTS_R/Speaker_84/84_neutral_00_00098.wav,"Not only Rome with no such splendid car E'er gladdened Africanus, or Augustus, But poor to it that of the Sun would be,--",Libri_84,neutral,LibriTTS_R
raw_datasets/LibriTTS_R/Speaker_84/84_neutral_00_00099.wav,"The faculty that lends discourse to reason Did apprehend that they were candlesticks, And in the voices of the song ""Hosanna!""",Libri_84,neutral,LibriTTS_R
raw_datasets/LibriTTS_R/Speaker_84/84_neutral_00_00100.wav,"And Beatrice: ""Perhaps a greater care, Which oftentimes our memory takes away, Has made the vision of his mind obscure.",Libri_84,neutral,LibriTTS_R
raw_datasets/LibriTTS_R/Speaker_84/84_neutral_00_00101.wav,"Even as a cross bow breaks, when 'tis discharged Too tensely drawn the bowstring and the bow, And with less force the arrow hits the mark,",Libri_84,neutral,LibriTTS_R
raw_datasets/LibriTTS_R/Speaker_84/84_neutral_00_00102.wav,"But when I heard in their sweet melodies Compassion for me, more than had they said, ""O wherefore, lady, dost thou thus upbraid him?""",Libri_84,neutral,LibriTTS_R
raw_datasets/LibriTTS_R/Speaker_84/84_neutral_00_00103.wav,"And my own spirit, that already now So long a time had been, that in her presence Trembling with awe it had not stood abashed,",Libri_84,neutral,LibriTTS_R
raw_datasets/LibriTTS_R/Speaker_84/84_neutral_00_00104.wav,"Nor even thus our way continued far Before the lady wholly turned herself Unto me, saying, ""Brother, look and listen!""",Libri_84,neutral,LibriTTS_R
raw_datasets/LibriTTS_R/Speaker_84/84_neutral_00_00105.wav,"So she moved onward; and I do not think That her tenth step was placed upon the ground, When with her eyes upon mine eyes she smote,",Libri_84,neutral,LibriTTS_R
raw_datasets/LibriTTS_R/Speaker_84/84_neutral_00_00106.wav,"Beneath her veil, beyond the margent green, She seemed to me far more her ancient self To excel, than others here, when she was here.",Libri_84,neutral,LibriTTS_R
raw_datasets/LibriTTS_R/Speaker_84/84_neutral_00_00107.wav,"Whence her I answered: ""I do not remember That ever I estranged myself from you, Nor have I conscience of it that reproves me.""",Libri_84,neutral,LibriTTS_R
raw_datasets/LibriTTS_R/Speaker_84/84_neutral_00_00108.wav,"Up to my throat she in the stream had drawn me, And, dragging me behind her, she was moving Upon the water lightly as a shuttle.",Libri_84,neutral,LibriTTS_R
raw_datasets/LibriTTS_R/Speaker_84/84_neutral_00_00109.wav,"As soon as on my vision smote the power Sublime, that had already pierced me through Ere from my boyhood I had yet come forth,",Libri_84,neutral,LibriTTS_R
raw_datasets/LibriTTS_R/Speaker_84/84_neutral_00_00110.wav,"Its tresses, which so much the more dilate As higher they ascend, had been by Indians Among their forests marvelled at for height.",Libri_84,neutral,LibriTTS_R
raw_datasets/LibriTTS_R/Speaker_84/84_neutral_00_00111.wav,"Then forth she drew me, and all dripping brought Into the dance of the four beautiful, And each one with her arm did cover me.",Libri_84,neutral,LibriTTS_R
raw_datasets/LibriTTS_R/Speaker_84/84_neutral_00_00112.wav,"Plumed with six wings was every one of them, The plumage full of eyes; the eyes of Argus If they were living would be such as these.",Libri_84,neutral,LibriTTS_R
raw_datasets/LibriTTS_R/Speaker_84/84_neutral_00_00113.wav,By his default short while he sojourned here; By his default to weeping and to toil He changed his innocent laughter and sweet play.,Libri_84,neutral,LibriTTS_R
raw_datasets/LibriTTS_R/Speaker_84/84_neutral_00_00114.wav,"Thus Beatrice; and I, who at the feet Of her commandments all devoted was, My mind and eyes directed where she willed.",Libri_84,neutral,LibriTTS_R
raw_datasets/LibriTTS_R/Speaker_84/84_neutral_00_00115.wav,"And upward he extended both his wings Between the middle list and three and three, So that he injured none by cleaving it.",Libri_84,neutral,LibriTTS_R
raw_datasets/LibriTTS_R/Speaker_84/84_neutral_00_00116.wav,"""Blessed art thou, O Griffin, who dost not Pluck with thy beak these branches sweet to taste, Since appetite by this was turned to evil.""",Libri_84,neutral,LibriTTS_R
raw_datasets/LibriTTS_R/Speaker_84/84_neutral_00_00117.wav,"Yet not from their upright direction swayed, So that the little birds upon their tops Should leave the practice of each art of theirs;",Libri_84,neutral,LibriTTS_R
raw_datasets/LibriTTS_R/Speaker_84/84_neutral_00_00118.wav,"More hatred from Leander did not suffer For rolling between Sestos and Abydos, Than that from me, because it oped not then.",Libri_84,neutral,LibriTTS_R
raw_datasets/LibriTTS_R/Speaker_84/84_neutral_00_00119.wav,Purgatorio: Canto twenty eight,Libri_84,neutral,LibriTTS_R
raw_datasets/LibriTTS_R/Speaker_84/84_neutral_00_00120.wav,"Then backward did I turn me wholly round Unto my Poets, and saw that with a smile They had been listening to these closing words;",Libri_84,neutral,LibriTTS_R
raw_datasets/LibriTTS_R/Speaker_84/84_neutral_00_00121.wav,"Whoever pillages or shatters it, With blasphemy of deed offendeth God, Who made it holy for his use alone.",Libri_84,neutral,LibriTTS_R
raw_datasets/LibriTTS_R/Speaker_84/84_neutral_00_00122.wav,"When forcibly my sight was turned away Towards my left hand by those goddesses, Because I heard from them a ""Too intently!""",Libri_84,neutral,LibriTTS_R
raw_datasets/LibriTTS_R/Speaker_84/84_neutral_00_00123.wav,"The interval between these four contained A chariot triumphal on two wheels, Which by a Griffin's neck came drawn along;",Libri_84,neutral,LibriTTS_R
raw_datasets/LibriTTS_R/Speaker_84/84_neutral_00_00124.wav,"As soon as she was where the grasses are. Bathed by the waters of the beauteous river, To lift her eyes she granted me the boon.",Libri_84,neutral,LibriTTS_R
raw_datasets/LibriTTS_R/Speaker_84/84_neutral_00_00125.wav,The first were horned like oxen; but the four Had but a single horn upon the forehead; A monster such had never yet been seen!,Libri_84,neutral,LibriTTS_R
raw_datasets/LibriTTS_R/Speaker_84/84_neutral_00_00126.wav,"And saw their school diminished by the loss Not only of Elias, but of Moses, And the apparel of their Master changed;",Libri_84,neutral,LibriTTS_R
raw_datasets/LibriTTS_R/Speaker_84/84_neutral_00_00127.wav,"Behold the company that circles her; The rest behind the Griffin are ascending With more melodious song, and more profound.""",Libri_84,neutral,LibriTTS_R
raw_datasets/LibriTTS_R/Speaker_84/84_neutral_00_00128.wav,"But since the lightning ceases as it comes, And that continuing brightened more and more, Within my thought I said, ""What thing is this?""",Libri_84,neutral,LibriTTS_R
raw_datasets/LibriTTS_R/Speaker_84/84_neutral_00_00129.wav,"Truly from this time forward shall my words Be naked, so far as it is befitting To lay them open unto thy rude gaze.""",Libri_84,neutral,LibriTTS_R
raw_datasets/LibriTTS_R/Speaker_84/84_neutral_00_00130.wav,"Then to the wheels the maidens turned themselves, And the Griffin moved his burden benedight, But so that not a feather of him fluttered.",Libri_84,neutral,LibriTTS_R
raw_datasets/LibriTTS_R/Speaker_84/84_neutral_00_00131.wav,"Within which a Five hundred, Ten, and Five, One sent from God, shall slay the thievish woman And that same giant who is sinning with her.",Libri_84,neutral,LibriTTS_R
raw_datasets/LibriTTS_R/Speaker_84/84_neutral_00_00132.wav,"Then all the seven in front of her she placed; And after her, by beckoning only, moved Me and the lady and the sage who stayed.",Libri_84,neutral,LibriTTS_R
raw_datasets/LibriTTS_R/Speaker_84/84_neutral_00_00133.wav,"They all were saying, ""Benedictus qui venis,"" And, scattering flowers above and round about, ""Manibus o date lilia plenis.""",Libri_84,neutral,LibriTTS_R
raw_datasets/LibriTTS_R/Speaker_84/84_neutral_00_00134.wav,"When I was near unto the blessed shore, ""Asperges me,"" I heard so sweetly sung, Remember it I cannot, much less write it.",Libri_84,neutral,LibriTTS_R
raw_datasets/LibriTTS_R/Speaker_84/84_neutral_00_00135.wav,Three maidens at the right wheel in a circle Came onward dancing; one so very red That in the fire she hardly had been noted.,Libri_84,neutral,LibriTTS_R
raw_datasets/LibriTTS_R/Speaker_84/84_neutral_00_00136.wav,The lady fair who drew me through the ford Followed with Statius and myself the wheel Which made its orbit with the lesser arc.,Libri_84,neutral,LibriTTS_R
raw_datasets/LibriTTS_R/Speaker_84/84_neutral_00_00137.wav,"So that it overhead remained distinct With sevenfold lists, all of them of the colours Whence the sun's bow is made, and Delia's girdle.",Libri_84,neutral,LibriTTS_R
raw_datasets/LibriTTS_R/Speaker_84/84_neutral_00_00138.wav,"But by the largess of celestial graces, Which have such lofty vapours for their rain That near to them our sight approaches not,",Libri_84,neutral,LibriTTS_R
raw_datasets/LibriTTS_R/Speaker_84/84_neutral_00_00139.wav,"And if her speech were more diffuse I know not, Because already in my sight was she Who from the hearing of aught else had shut me.",Libri_84,neutral,LibriTTS_R
raw_datasets/LibriTTS_R/Speaker_84/84_neutral_00_00140.wav,"""Dante, because Virgilius has departed Do not weep yet, do not weep yet awhile; For by another sword thou need'st must weep.""",Libri_84,neutral,LibriTTS_R
raw_datasets/LibriTTS_R/Speaker_84/84_neutral_00_00141.wav,"Underneath which had she devoutly stayed, I sooner should have tasted those delights Ineffable, and for a longer time.",Libri_84,neutral,LibriTTS_R
raw_datasets/LibriTTS_R/Speaker_84/84_neutral_00_00142.wav,"The callow birdlet waits for two or three, But to the eyes of those already fledged, In vain the net is spread or shaft is shot.""",Libri_84,neutral,LibriTTS_R
raw_datasets/LibriTTS_R/Speaker_84/84_neutral_00_00143.wav,"And into ways untrue he turned his steps, Pursuing the false images of good, That never any promises fulfil;",Libri_84,neutral,LibriTTS_R
raw_datasets/LibriTTS_R/Speaker_84/84_neutral_00_00144.wav,I saw upon its right wing wheeled about The glorious host returning with the sun And with the sevenfold flames upon their faces.,Libri_84,neutral,LibriTTS_R
raw_datasets/LibriTTS_R/Speaker_84/84_neutral_00_00145.wav,"And when the car was opposite to me Thunder was heard; and all that folk august Seemed to have further progress interdicted,",Libri_84,neutral,LibriTTS_R
raw_datasets/LibriTTS_R/Speaker_84/84_neutral_00_00146.wav,"So I gave way beneath that heavy burden, Outpouring in a torrent tears and sighs, And the voice flagged upon its passage forth.",Libri_84,neutral,LibriTTS_R
raw_datasets/LibriTTS_R/Speaker_84/84_neutral_00_00147.wav,"Even as a painter who from model paints I would portray how I was lulled asleep; He may, who well can picture drowsihood.",Libri_84,neutral,LibriTTS_R
raw_datasets/LibriTTS_R/Speaker_84/84_neutral_00_00148.wav,"So I revived, and saw that piteous one Above me standing, who had been conductress Aforetime of my steps beside the river,",Libri_84,neutral,LibriTTS_R
raw_datasets/LibriTTS_R/Speaker_84/84_neutral_00_00149.wav,"To the left hand I turned with that reliance With which the little child runs to his mother, When he has fear, or when he is afflicted,",Libri_84,neutral,LibriTTS_R
raw_datasets/LibriTTS_R/Speaker_84/84_neutral_00_00150.wav,"But us Virgilius of himself deprived Had left, Virgilius, sweetest of all fathers, Virgilius, to whom I for safety gave me:",Libri_84,neutral,LibriTTS_R
raw_datasets/LibriTTS_R/Speaker_84/84_neutral_00_00151.wav,"Motionless halted, the veracious people, That came at first between it and the Griffin, Turned themselves to the car, as to their peace.",Libri_84,neutral,LibriTTS_R
raw_datasets/LibriTTS_R/Speaker_84/84_neutral_00_00152.wav,"I saw the Lady, who erewhile appeared Veiled underneath the angelic festival, Direct her eyes to me across the river.",Libri_84,neutral,LibriTTS_R
raw_datasets/LibriTTS_R/Speaker_84/84_neutral_00_00153.wav,"But issues from a fountain safe and certain, Which by the will of God as much regains As it discharges, open on two sides.",Libri_84,neutral,LibriTTS_R
raw_datasets/LibriTTS_R/Speaker_84/84_neutral_00_00154.wav,"In grace do us the grace that thou unveil Thy face to him, so that he may discern The second beauty which thou dost conceal.""",Libri_84,neutral,LibriTTS_R
raw_datasets/LibriTTS_R/Speaker_84/84_neutral_00_00155.wav,"But when I had approached so near to them The common object, which the sense deceives, Lost not by distance any of its marks,",Libri_84,neutral,LibriTTS_R
raw_datasets/LibriTTS_R/Speaker_84/84_neutral_00_00156.wav,"""Ye are new comers; and because I smile,"" Began she, ""peradventure, in this place Elect to human nature for its nest,",Libri_84,neutral,LibriTTS_R
raw_datasets/LibriTTS_R/Speaker_84/84_neutral_00_00157.wav,"Weeping I said: ""The things that present were With their false pleasure turned aside my steps, Soon as your countenance concealed itself.""",Libri_84,neutral,LibriTTS_R
raw_datasets/LibriTTS_R/Speaker_84/84_neutral_00_00158.wav,"Therefore, for that world's good which liveth ill, Fix on the car thine eyes, and what thou seest, Having returned to earth, take heed thou write.""",Libri_84,neutral,LibriTTS_R
raw_datasets/LibriTTS_R/Speaker_84/84_neutral_00_00159.wav,"The ice, that was about my heart congealed, To air and water changed, and in my anguish Through mouth and eyes came gushing from my breast.",Libri_84,neutral,LibriTTS_R
raw_datasets/LibriTTS_R/Speaker_84/84_neutral_00_00160.wav,But you see that the angel whom you hoped for has left this earth-she has nothing more to do with the adoration of men.,Libri_84,neutral,LibriTTS_R
raw_datasets/LibriTTS_R/Speaker_84/84_neutral_00_00161.wav,"Take a last farewell, sir, of her sad remains; take the hand you expected to possess once more within your own, and then separate yourself from her forever.",Libri_84,neutral,LibriTTS_R
raw_datasets/LibriTTS_R/Speaker_84/84_neutral_00_00162.wav,"Noirtier wishes to speak.""",Libri_84,neutral,LibriTTS_R
raw_datasets/LibriTTS_R/Speaker_84/84_neutral_00_00163.wav,"""Alas,"" said d'Avrigny, ""she is indeed dead, poor child!""",Libri_84,neutral,LibriTTS_R
raw_datasets/LibriTTS_R/Speaker_84/84_neutral_00_00164.wav,"""Is there any particular priest you wish to pray with Valentine?"" asked d'Avrigny.",Libri_84,neutral,LibriTTS_R
raw_datasets/LibriTTS_R/Speaker_84/84_neutral_00_00165.wav,"""no"" said Villefort; ""fetch the nearest.""",Libri_84,neutral,LibriTTS_R
raw_datasets/LibriTTS_R/Speaker_84/84_neutral_00_00166.wav,"""Gentlemen,"" said Morrel, reading all that passed through the minds of the witnesses to the scene, ""I know what I am saying, and you know as well as I do what I am about to say-Valentine has been assassinated!"" Villefort hung his head, d'Avrigny approached nearer, and Noirtier said ""Yes"" with his eyes.",Libri_84,neutral,LibriTTS_R
raw_datasets/LibriTTS_R/Speaker_84/84_neutral_00_00167.wav,"""See what they have done!"" cried Morrel, with one hand leaning on the back of the chair, and the other extended towards Valentine.",Libri_84,neutral,LibriTTS_R
raw_datasets/LibriTTS_R/Speaker_84/84_neutral_00_00168.wav,"""I only wish to be alone.",Libri_84,neutral,LibriTTS_R
raw_datasets/LibriTTS_R/Speaker_84/84_neutral_00_00169.wav,"mr Procureur,"" said Morrel with increasing vehemence, ""no mercy is allowed; I denounce the crime; it is your place to seek the assassin."" The young man's implacable eyes interrogated Villefort, who, on his side, glanced from Noirtier to d'Avrigny.",Libri_84,neutral,LibriTTS_R
raw_datasets/LibriTTS_R/Speaker_84/84_neutral_00_00170.wav,But in less than five minutes the staircase groaned beneath an extraordinary weight.,Libri_84,neutral,LibriTTS_R
raw_datasets/LibriTTS_R/Speaker_84/84_neutral_00_00171.wav,"""Sir,"" he said, ""are you disposed to confer a great obligation on an unhappy father who has just lost his daughter?",Libri_84,neutral,LibriTTS_R
raw_datasets/LibriTTS_R/Speaker_84/84_neutral_00_00172.wav,"At the end of a quarter of an hour a faltering footstep was heard, and Villefort appeared at the door of the apartment where d'Avrigny and Morrel had been staying, one absorbed in meditation, the other in grief.",Libri_84,neutral,LibriTTS_R
raw_datasets/LibriTTS_R/Speaker_84/84_neutral_00_00173.wav,"""Who are you, sir,"" he asked, ""that forget that this is not the manner to enter a house stricken with death? Go, sir, go!"" But Morrel remained motionless; he could not detach his eyes from that disordered bed, and the pale corpse of the young girl who was lying on it.",Libri_84,neutral,LibriTTS_R
raw_datasets/LibriTTS_R/Speaker_84/84_neutral_00_00174.wav,"""no""",Libri_84,neutral,LibriTTS_R
raw_datasets/LibriTTS_R/Speaker_84/84_neutral_00_00175.wav,"""See, my father, see!""",Libri_84,neutral,LibriTTS_R
raw_datasets/LibriTTS_R/Speaker_84/84_neutral_00_00176.wav,"Villefort rose, half ashamed of being surprised in such a paroxysm of grief.",Libri_84,neutral,LibriTTS_R
raw_datasets/LibriTTS_R/Speaker_84/84_neutral_00_00177.wav,"As the doctors entered the street, they saw a man in a cassock standing on the threshold of the next door.",Libri_84,neutral,LibriTTS_R
raw_datasets/LibriTTS_R/Speaker_84/84_neutral_00_00178.wav,Morrel suffered an exclamation of horror and surprise to escape him.,Libri_84,neutral,LibriTTS_R
raw_datasets/LibriTTS_R/Speaker_84/84_neutral_00_00179.wav,"The doctor of the dead then laid his permit on the corner of the table, and having fulfilled his duty, was conducted out by d'Avrigny.",Libri_84,neutral,LibriTTS_R
raw_datasets/LibriTTS_R/Speaker_84/84_neutral_00_00180.wav,"""Do you wish me to leave?"" said Morrel, sadly.",Libri_84,neutral,LibriTTS_R
raw_datasets/LibriTTS_R/Speaker_84/84_neutral_00_00181.wav,"Tell them-oh, tell them, that corpse belongs to me!""",Libri_84,neutral,LibriTTS_R
raw_datasets/LibriTTS_R/Speaker_84/84_neutral_00_00182.wav,"""I tell you, sir, that two persons exist in you; the father has mourned sufficiently, now let the procureur fulfil his office.""",Libri_84,neutral,LibriTTS_R
raw_datasets/LibriTTS_R/Speaker_84/84_neutral_00_00183.wav,"He therefore approached the bed, and while his companion was dipping the fingers with which he had touched the lips of the corpse in chloride of lime, he uncovered the calm and pale face, which looked like that of a sleeping angel.",Libri_84,neutral,LibriTTS_R
raw_datasets/LibriTTS_R/Speaker_84/84_neutral_00_00184.wav,"""But can he understand you?""",Libri_84,neutral,LibriTTS_R
raw_datasets/LibriTTS_R/Speaker_84/84_neutral_00_00185.wav,"""Alas, alas, sir, have pity on me!""",Libri_84,neutral,LibriTTS_R
raw_datasets/LibriTTS_R/Speaker_84/84_neutral_00_00186.wav,But he stopped on the landing; he had not the courage to again visit the death chamber.,Libri_84,neutral,LibriTTS_R
raw_datasets/LibriTTS_R/Speaker_84/84_neutral_00_00187.wav,"""Go!--do you hear?"" said Villefort, while d'Avrigny advanced to lead Morrel out.",Libri_84,neutral,LibriTTS_R
raw_datasets/LibriTTS_R/Speaker_84/84_neutral_00_00188.wav,I am stricken by fate.,Libri_84,neutral,LibriTTS_R
raw_datasets/LibriTTS_R/Speaker_84/84_neutral_00_00189.wav,"""Sir,"" cried Morrel, seizing the moist hand of the paralytic, ""they ask me who I am, and what right I have to be here.",Libri_84,neutral,LibriTTS_R
raw_datasets/LibriTTS_R/Speaker_84/84_neutral_00_00190.wav,"The procureur?""",Libri_84,neutral,LibriTTS_R
raw_datasets/LibriTTS_R/Speaker_84/84_neutral_00_00191.wav,For some temperaments work is a remedy for all afflictions.,Libri_84,neutral,LibriTTS_R
raw_datasets/LibriTTS_R/Speaker_84/84_neutral_00_00192.wav,"It was something terrible to witness the silent agony, the mute despair of Noirtier, whose tears silently rolled down his cheeks.",Libri_84,neutral,LibriTTS_R
raw_datasets/LibriTTS_R/Speaker_84/84_neutral_00_00193.wav,"""Do not alarm yourself, sir; justice will be done,"" said Villefort.",Libri_84,neutral,LibriTTS_R
raw_datasets/LibriTTS_R/Speaker_84/84_neutral_00_00194.wav,"""You can come,"" he said, and led them back to Noirtier. Morrel looked attentively on Villefort.",Libri_84,neutral,LibriTTS_R
raw_datasets/LibriTTS_R/Speaker_84/84_neutral_00_00195.wav,"And the cry issued from his pores, if we may thus speak-a cry frightful in its silence. D'Avrigny rushed towards the old man and made him inhale a powerful restorative.",Libri_84,neutral,LibriTTS_R
raw_datasets/LibriTTS_R/Speaker_84/84_neutral_00_00196.wav,"""Oh,"" said Villefort, inexpressibly delighted to think that the inquiries were to be made by him alone,--""oh, be satisfied, I can understand my father."" D'Avrigny took the young man's arm, and led him out of the room.",Libri_84,neutral,LibriTTS_R
raw_datasets/LibriTTS_R/Speaker_84/84_neutral_00_00197.wav,The terrible office he had held for twenty five years had succeeded in making him more or less than man.,Libri_84,neutral,LibriTTS_R
raw_datasets/LibriTTS_R/Speaker_84/84_neutral_00_00198.wav,"""But,"" said Morrel, ""the culprit-the murderer-the assassin.""",Libri_84,neutral,LibriTTS_R
raw_datasets/LibriTTS_R/Speaker_84/84_neutral_00_00199.wav,"""I am going, sir; and I do not hesitate to say that no prayers will be more fervent than mine."" D'Avrigny took the priest's hand, and without meeting Villefort, who was engaged in his study, they reached Valentine's room, which on the following night was to be occupied by the undertakers.",Libri_84,neutral,LibriTTS_R
raw_datasets/LibriTTS_R/Speaker_84/84_neutral_00_00200.wav,"""It is a young girl.""",Libri_84,neutral,LibriTTS_R
raw_datasets/LibriTTS_R/Speaker_84/84_neutral_00_00201.wav,"""Ah,"" said the priest, in a marked Italian accent; ""yes, I have heard that death is in that house.""",Libri_84,neutral,LibriTTS_R
raw_datasets/LibriTTS_R/Speaker_84/84_neutral_00_00202.wav,"The two doctors, therefore, entered the room alone.",Libri_84,neutral,LibriTTS_R
raw_datasets/LibriTTS_R/Speaker_84/84_neutral_00_00203.wav,"""Oh, you rave, sir,"" exclaimed Villefort, in vain endeavoring to escape the net in which he was taken.",Libri_84,neutral,LibriTTS_R
raw_datasets/LibriTTS_R/Speaker_84/84_neutral_00_00204.wav,"""And will you direct us?"" exclaimed the young man.",Libri_84,neutral,LibriTTS_R
raw_datasets/LibriTTS_R/Speaker_84/84_neutral_00_00205.wav,"I tell you that the dose has been double, the poison changed, and that this time it has succeeded.",Libri_84,neutral,LibriTTS_R
raw_datasets/LibriTTS_R/Speaker_84/84_neutral_00_00206.wav,"""Do you wish to see him?""",Libri_84,neutral,LibriTTS_R
raw_datasets/LibriTTS_R/Speaker_84/84_neutral_00_00207.wav,D'Avrigny accosted the priest.,Libri_84,neutral,LibriTTS_R
raw_datasets/LibriTTS_R/Speaker_84/84_neutral_00_00208.wav,"At length, happier than the young man, who sobbed without weeping, tears glistened in the eyes of Noirtier.",Libri_84,neutral,LibriTTS_R
raw_datasets/LibriTTS_R/Speaker_84/84_neutral_00_00209.wav,"Do you not, father?""",Libri_84,neutral,LibriTTS_R
raw_datasets/LibriTTS_R/Speaker_84/84_neutral_00_00210.wav,"""Yes,"" replied Noirtier with an expression of sinister joy.",Libri_84,neutral,LibriTTS_R
raw_datasets/LibriTTS_R/Speaker_84/84_neutral_00_00211.wav,"His glance, at first wandering, fixed itself upon Morrel.",Libri_84,neutral,LibriTTS_R
raw_datasets/LibriTTS_R/Speaker_84/84_neutral_00_00212.wav,"""Yes.""",Libri_84,neutral,LibriTTS_R
raw_datasets/LibriTTS_R/Speaker_84/84_neutral_00_00213.wav,"""Sir,"" said Villefort, striving to struggle against this triple force and his own emotion,--""sir, you are deceived; no one commits crimes here.",Libri_84,neutral,LibriTTS_R
raw_datasets/LibriTTS_R/Speaker_84/84_neutral_00_00214.wav,"""The doctor?""",Libri_84,neutral,LibriTTS_R
raw_datasets/LibriTTS_R/Speaker_84/84_neutral_00_00215.wav,"You will excuse me, will you not?",Libri_84,neutral,LibriTTS_R
raw_datasets/LibriTTS_R/Speaker_84/84_neutral_00_00216.wav,"""And I say that murders are committed here,"" said Morrel, whose voice, though lower in tone, lost none of its terrible distinctness: ""I tell you that this is the fourth victim within the last four months.",Libri_84,neutral,LibriTTS_R
raw_datasets/LibriTTS_R/Speaker_84/84_neutral_00_00217.wav,Maximilian.,Libri_84,neutral,LibriTTS_R
raw_datasets/LibriTTS_R/Speaker_84/84_neutral_00_00218.wav,"""Thank you, sir,"" said d'Avrigny; ""since you have commenced your sacred office, deign to continue it.",Libri_84,neutral,LibriTTS_R
raw_datasets/LibriTTS_R/Speaker_84/84_neutral_00_00219.wav,"""Yes.""",Libri_84,neutral,LibriTTS_R
raw_datasets/LibriTTS_R/Speaker_84/84_neutral_00_00220.wav,"""Yes,"" indicated the old man.",Libri_84,neutral,LibriTTS_R
raw_datasets/LibriTTS_R/Speaker_84/84_neutral_00_00221.wav,"""Yes,"" replied Noirtier.",Libri_84,neutral,LibriTTS_R
raw_datasets/LibriTTS_R/Speaker_84/84_neutral_00_00222.wav,"""no""",Libri_84,neutral,LibriTTS_R
raw_datasets/LibriTTS_R/Speaker_84/84_neutral_00_00223.wav,"The eyes of Noirtier glistened, and d'Avrigny approached.",Libri_84,neutral,LibriTTS_R
raw_datasets/LibriTTS_R/Speaker_84/84_neutral_00_00224.wav,"""Gentlemen,"" he said in a hoarse voice, ""give me your word of honor that this horrible secret shall forever remain buried amongst ourselves!"" The two men drew back.",Libri_84,neutral,LibriTTS_R
raw_datasets/LibriTTS_R/Speaker_84/84_neutral_00_00225.wav,"Villefort drew back and looked with astonishment on the young man, who, almost a stranger to him, called Noirtier his father.",Libri_84,neutral,LibriTTS_R
raw_datasets/LibriTTS_R/Speaker_84/84_neutral_00_00226.wav,One could have thought that he was undergoing the agonies preceding death.,Libri_84,neutral,LibriTTS_R
raw_datasets/LibriTTS_R/Speaker_84/84_neutral_00_00227.wav,"Is it not so, father?""",Libri_84,neutral,LibriTTS_R
raw_datasets/LibriTTS_R/Speaker_84/84_neutral_00_00228.wav,"The district doctor approached with the indifference of a man accustomed to spend half his time amongst the dead; he then lifted the sheet which was placed over the face, and just unclosed the lips.",Libri_84,neutral,LibriTTS_R
raw_datasets/LibriTTS_R/Speaker_84/84_neutral_00_00229.wav,"""Yes.""",Libri_84,neutral,LibriTTS_R
raw_datasets/LibriTTS_R/Speaker_84/84_neutral_00_00230.wav,"""My father has revealed the culprit's name; my father thirsts for revenge as much as you do, yet even he conjures you as I do to keep this secret.",Libri_84,neutral,LibriTTS_R
raw_datasets/LibriTTS_R/Speaker_84/84_neutral_00_00231.wav,We have before stated that all the servants had fled.,Libri_84,neutral,LibriTTS_R
raw_datasets/LibriTTS_R/Speaker_84/84_neutral_00_00232.wav,"""I know it, sir; the servants who fled from the house informed me.",Libri_84,neutral,LibriTTS_R
raw_datasets/LibriTTS_R/Speaker_84/84_neutral_00_00233.wav,"""Yes, yes,"" continued Morrel; ""recall the scene, for the words you thought were only given to silence and solitude fell into my ears.",Libri_84,neutral,LibriTTS_R
raw_datasets/LibriTTS_R/Speaker_84/84_neutral_00_00234.wav,"Noirtier was near the bed, pale, motionless, and silent as the corpse.",Libri_84,neutral,LibriTTS_R
raw_datasets/LibriTTS_R/Speaker_84/84_neutral_00_00235.wav,"Villefort continued: ""He knows me, and I have pledged my word to him.",Libri_84,neutral,LibriTTS_R
raw_datasets/LibriTTS_R/Speaker_84/84_neutral_00_00236.wav,"Villefort met them at the door of his study; having in a few words thanked the district doctor, he turned to d'Avrigny, and said,--""And now the priest.""",Libri_84,neutral,LibriTTS_R
raw_datasets/LibriTTS_R/Speaker_84/84_neutral_00_00237.wav,"""Yes,"" replied Noirtier.",Libri_84,neutral,LibriTTS_R
raw_datasets/LibriTTS_R/Speaker_84/84_neutral_00_00238.wav,"Valentine now requires only the ministrations of the priest.""",Libri_84,neutral,LibriTTS_R
raw_datasets/LibriTTS_R/Speaker_84/84_neutral_00_00239.wav,"""I was about to offer myself, sir,"" said the priest; ""it is our mission to forestall our duties.""",Libri_84,neutral,LibriTTS_R
raw_datasets/LibriTTS_R/Speaker_5895/5895_neutral_00_00240.wav,CHAPTER eight.,Libri_5895,neutral,LibriTTS_R
raw_datasets/LibriTTS_R/Speaker_5895/5895_neutral_00_00241.wav,"NOT ONLY HAPPINESS, BUT PROSPERITY.",Libri_5895,neutral,LibriTTS_R
raw_datasets/LibriTTS_R/Speaker_5895/5895_neutral_00_00242.wav,"In front, on a ledge fastened to the van, with the window for a door, behind the horses and by the side of an old man who held the reins and directed the team, two gipsy women, dressed as goddesses, sounded their trumpets.",Libri_5895,neutral,LibriTTS_R
raw_datasets/LibriTTS_R/Speaker_5895/5895_neutral_00_00243.wav,This was Homo. The old coachman who drove the horses was the philosopher himself.,Libri_5895,neutral,LibriTTS_R
raw_datasets/LibriTTS_R/Speaker_5895/5895_neutral_00_00244.wav,"So soon as the growth of the child had rendered him fitted for it, he had brought him out on the stage-that is, he had produced him in front of the van.",Libri_5895,neutral,LibriTTS_R
raw_datasets/LibriTTS_R/Speaker_5895/5895_neutral_00_00245.wav,The passers by were immediately struck with wonder.,Libri_5895,neutral,LibriTTS_R
raw_datasets/LibriTTS_R/Speaker_5895/5895_neutral_00_00246.wav,"These two gipsies, picked up by the philosopher from amongst the vagabondage of cities and suburbs, were ugly and young, and were called, by order of Ursus, the one Phoebe, and the other Venus.",Libri_5895,neutral,LibriTTS_R
raw_datasets/LibriTTS_R/Speaker_5895/5895_neutral_00_00247.wav,He took charge of the horses.,Libri_5895,neutral,LibriTTS_R
raw_datasets/LibriTTS_R/Speaker_5895/5895_neutral_00_00248.wav,Ursus and Homo took charge of each other.,Libri_5895,neutral,LibriTTS_R
raw_datasets/LibriTTS_R/Speaker_5895/5895_neutral_00_00249.wav,In the opposite corner was the kitchen.,Libri_5895,neutral,LibriTTS_R
raw_datasets/LibriTTS_R/Speaker_5895/5895_neutral_00_00250.wav,"A piece of stuff fell over them, and answered the purpose of concealment.",Libri_5895,neutral,LibriTTS_R
raw_datasets/LibriTTS_R/Speaker_5895/5895_neutral_00_00251.wav,"A loft under the arch of the roof contained the scenes, and on opening a trap door lamps appeared, producing wonders of light.",Libri_5895,neutral,LibriTTS_R
raw_datasets/LibriTTS_R/Speaker_5895/5895_neutral_00_00252.wav,"""Father, you look like a sorcerer!""",Libri_5895,neutral,LibriTTS_R
raw_datasets/LibriTTS_R/Speaker_5895/5895_neutral_00_00253.wav,For all that Thespis has lasted much longer than is generally believed. The travelling theatre is still in existence.,Libri_5895,neutral,LibriTTS_R
raw_datasets/LibriTTS_R/Speaker_5895/5895_neutral_00_00254.wav,"""Citizens and townsmen, the Gregorian form of worship, this great progress, is opposed in Italy to the Ambrosial ritual, and in Spain to the Mozarabic ceremonial, and has achieved its triumph over them with difficulty.""",Libri_5895,neutral,LibriTTS_R
raw_datasets/LibriTTS_R/Speaker_5895/5895_neutral_00_00255.wav,"The scene of the Green Box represented a landscape painted by Ursus; and as he did not know how to paint, it represented a cavern just as well as a landscape.",Libri_5895,neutral,LibriTTS_R
raw_datasets/LibriTTS_R/Speaker_5895/5895_neutral_00_00256.wav,"The curtain, which we call drop nowadays, was a checked silk, with squares of contrasted colours.",Libri_5895,neutral,LibriTTS_R
raw_datasets/LibriTTS_R/Speaker_5895/5895_neutral_00_00257.wav,"The public stood without, in the street, in the fair, forming a semicircle round the stage, exposed to the sun and the showers; an arrangement which made rain less desirable for theatres in those days than now.",Libri_5895,neutral,LibriTTS_R
raw_datasets/LibriTTS_R/Speaker_5895/5895_neutral_00_00258.wav,"Ursus was in everything-in the piece, in the company, in the kitchen, in the orchestra.",Libri_5895,neutral,LibriTTS_R
raw_datasets/LibriTTS_R/Speaker_5895/5895_neutral_00_00259.wav,"Often when they appeared side by side on the stage-Ursus in his tightly laced bear's skin, Homo with his wolf's skin fitting still better-no one could tell which was the beast.",Libri_5895,neutral,LibriTTS_R
raw_datasets/LibriTTS_R/Speaker_5895/5895_neutral_00_00260.wav,Phoebe cooked; Venus scrubbed the temple.,Libri_5895,neutral,LibriTTS_R
raw_datasets/LibriTTS_R/Speaker_5895/5895_neutral_00_00261.wav,"This ""fortune"" had allowed Ursus, who was the administrator of Gwynplaine's success, to have the chariot of his dreams constructed-that is to say, a caravan large enough to carry a theatre, and to sow science and art in the highways.",Libri_5895,neutral,LibriTTS_R
raw_datasets/LibriTTS_R/Speaker_5895/5895_neutral_00_00262.wav,"It was, perhaps, for some such pious invention that Solon kicked out Thespis.",Libri_5895,neutral,LibriTTS_R
raw_datasets/LibriTTS_R/Speaker_5895/5895_neutral_00_00263.wav,"The eye which could penetrate within this structure and its internal arrangements might have perceived in a corner, fastened to the planks, and immovable on its four wheels, the old hut of Ursus, placed on half pay, allowed to rust, and from thenceforth dispensed the labour of rolling as Ursus was relieved from the labour of drawing it.",Libri_5895,neutral,LibriTTS_R
raw_datasets/LibriTTS_R/Speaker_5895/5895_neutral_00_00264.wav,"This opening looked for all the world like a ""mouth of hell,"" in the words of the itinerant Puritan preachers, who turned away from it with horror.",Libri_5895,neutral,LibriTTS_R
raw_datasets/LibriTTS_R/Speaker_5895/5895_neutral_00_00265.wav,"As it dropped it set at liberty three legs on hinges, which supported the panel when let down, and which placed themselves straight on the ground like the legs of a table, and supported it above the earth like a platform.",Libri_5895,neutral,LibriTTS_R
raw_datasets/LibriTTS_R/Speaker_5895/5895_neutral_00_00266.wav,"The Green Box had but two windows, one at each extremity, and at the back a door with steps to let down.",Libri_5895,neutral,LibriTTS_R
raw_datasets/LibriTTS_R/Speaker_5895/5895_neutral_00_00267.wav,"The chariot, of the colour of hope, which carried Ursus, Gwynplaine, and their fortunes, and in front of which Fibi and Vinos trumpeted like figures of Fame, played its part of this grand Bohemian and literary brotherhood.",Libri_5895,neutral,LibriTTS_R
raw_datasets/LibriTTS_R/Speaker_5895/5895_neutral_00_00268.wav,"""What a good turn they did you there, my boy!"" said Ursus.",Libri_5895,neutral,LibriTTS_R
raw_datasets/LibriTTS_R/Speaker_5895/5895_neutral_00_00269.wav,"The compartment behind belonged to the men, the compartment in front to the women; the compartment in the middle, separating the two sexes, was the stage.",Libri_5895,neutral,LibriTTS_R
raw_datasets/LibriTTS_R/Speaker_5895/5895_neutral_00_00270.wav,"This exposed the stage, which was thus enlarged by the platform in front.",Libri_5895,neutral,LibriTTS_R
raw_datasets/LibriTTS_R/Speaker_5895/5895_neutral_00_00271.wav,"The caravan was divided into three compartments, partitioned from each other.",Libri_5895,neutral,LibriTTS_R
raw_datasets/LibriTTS_R/Speaker_5895/5895_neutral_00_00272.wav,It now contained two beds.,Libri_5895,neutral,LibriTTS_R
raw_datasets/LibriTTS_R/Speaker_5895/5895_neutral_00_00273.wav,"This was the old establishment of Ursus, its proportions augmented by success, and improved from a wretched booth into a theatre.",Libri_5895,neutral,LibriTTS_R
raw_datasets/LibriTTS_R/Speaker_5895/5895_neutral_00_00274.wav,"Ursus, it may be remembered, had made Gwynplaine his pupil.",Libri_5895,neutral,LibriTTS_R
raw_datasets/LibriTTS_R/Speaker_5895/5895_neutral_00_00275.wav,From this-Gwynplaine had become famous.,Libri_5895,neutral,LibriTTS_R
raw_datasets/LibriTTS_R/Speaker_5895/5895_neutral_00_00276.wav,"The curiosity of one place exhausted, they passed on to another.",Libri_5895,neutral,LibriTTS_R
raw_datasets/LibriTTS_R/Speaker_5895/5895_neutral_00_00277.wav,Sometimes he felt regret.,Libri_5895,neutral,LibriTTS_R
raw_datasets/LibriTTS_R/Speaker_5895/5895_neutral_00_00278.wav,"This green colour had succeeded in drawing attention to the carriage, which was known in all the fair grounds as The Green Box.",Libri_5895,neutral,LibriTTS_R
raw_datasets/LibriTTS_R/Speaker_5895/5895_neutral_00_00279.wav,"Gwynplaine had, besides, for his work and for his feats of strength, round his neck and over his shoulders, an esclavine of leather.",Libri_5895,neutral,LibriTTS_R
raw_datasets/LibriTTS_R/Speaker_5895/5895_neutral_00_00280.wav,"""Then I look, perhaps, like what I am.""",Libri_5895,neutral,LibriTTS_R
raw_datasets/LibriTTS_R/Speaker_5895/5895_neutral_00_00281.wav,"Unknown people had worked upon his face; he, on the other hand, had worked on his mind, and behind this well executed mask he had placed all that he could of thought.",Libri_5895,neutral,LibriTTS_R
raw_datasets/LibriTTS_R/Speaker_5895/5895_neutral_00_00282.wav,"In Gwynplaine evil thoughts never ripened, and he had therefore no remorse.",Libri_5895,neutral,LibriTTS_R
raw_datasets/LibriTTS_R/Speaker_5895/5895_neutral_00_00283.wav,Nature had been prodigal of her kindness to Gwynplaine.,Libri_5895,neutral,LibriTTS_R
raw_datasets/LibriTTS_R/Speaker_5895/5895_neutral_00_00284.wav,"She had bestowed on him a mouth opening to his ears, ears folding over to his eyes, a shapeless nose to support the spectacles of the grimace maker, and a face that no one could look upon without laughing.",Libri_5895,neutral,LibriTTS_R
raw_datasets/LibriTTS_R/Speaker_5895/5895_neutral_00_00285.wav,But was it nature?,Libri_5895,neutral,LibriTTS_R
raw_datasets/LibriTTS_R/Speaker_5895/5895_neutral_00_00286.wav,Had she not been assisted?,Libri_5895,neutral,LibriTTS_R
raw_datasets/LibriTTS_R/Speaker_5895/5895_neutral_00_00287.wav,"If, in the presence of this mountebank-for he was one-the first impression of gaiety wore off, and the man were observed with attention, traces of art were to be recognized.",Libri_5895,neutral,LibriTTS_R
raw_datasets/LibriTTS_R/Speaker_5895/5895_neutral_00_00288.wav,Such a face could never have been created by chance; it must have resulted from intention.,Libri_5895,neutral,LibriTTS_R
raw_datasets/LibriTTS_R/Speaker_5895/5895_neutral_00_00289.wav,"Man can do nothing to create beauty, but everything to produce ugliness.",Libri_5895,neutral,LibriTTS_R
raw_datasets/LibriTTS_R/Speaker_5895/5895_neutral_00_00290.wav,It only requires to obliterate the root of the nose and to flatten the nostrils.,Libri_5895,neutral,LibriTTS_R
raw_datasets/LibriTTS_R/Speaker_5895/5895_neutral_00_00291.wav,Had Gwynplaine when a child been so worthy of attention that his face had been subjected to transmutation?,Libri_5895,neutral,LibriTTS_R
raw_datasets/LibriTTS_R/Speaker_5895/5895_neutral_00_00292.wav,"According to all appearance, industrious manipulators of children had worked upon his face.",Libri_5895,neutral,LibriTTS_R
raw_datasets/LibriTTS_R/Speaker_5895/5895_neutral_00_00293.wav,Man is not born thus.,Libri_5895,neutral,LibriTTS_R
raw_datasets/LibriTTS_R/Speaker_5895/5895_neutral_00_00294.wav,"However it may have been, the manipulation of Gwynplaine had succeeded admirably.",Libri_5895,neutral,LibriTTS_R
raw_datasets/LibriTTS_R/Speaker_5895/5895_neutral_00_00295.wav,Gwynplaine was a gift of Providence to dispel the sadness of man.,Libri_5895,neutral,LibriTTS_R
raw_datasets/LibriTTS_R/Speaker_5895/5895_neutral_00_00296.wav,Is there a providence of demons as well as of God? We put the question without answering it.,Libri_5895,neutral,LibriTTS_R
raw_datasets/LibriTTS_R/Speaker_5895/5895_neutral_00_00297.wav,Gwynplaine was a mountebank.,Libri_5895,neutral,LibriTTS_R
raw_datasets/LibriTTS_R/Speaker_5895/5895_neutral_00_00298.wav,No such effect had ever before been produced.,Libri_5895,neutral,LibriTTS_R
raw_datasets/LibriTTS_R/Speaker_5895/5895_neutral_00_00299.wav,Hypochondriacs were cured by the sight of him alone.,Libri_5895,neutral,LibriTTS_R
raw_datasets/LibriTTS_R/Speaker_5895/5895_neutral_00_00300.wav,"He was avoided by folks in mourning, because they were compelled to laugh when they saw him, without regard to their decent gravity.",Libri_5895,neutral,LibriTTS_R
raw_datasets/LibriTTS_R/Speaker_5895/5895_neutral_00_00301.wav,"Every one who saw Gwynplaine held his sides; he spoke, and they rolled on the ground.",Libri_5895,neutral,LibriTTS_R
raw_datasets/LibriTTS_R/Speaker_5895/5895_neutral_00_00302.wav,Thus he rose rapidly in the fair ground and at the cross roads to the very satisfactory renown of a horrible man.,Libri_5895,neutral,LibriTTS_R
raw_datasets/LibriTTS_R/Speaker_5895/5895_neutral_00_00303.wav,"It was Gwynplaine's laugh which created the laughter of others, yet he did not laugh himself.",Libri_5895,neutral,LibriTTS_R
raw_datasets/LibriTTS_R/Speaker_5895/5895_neutral_00_00304.wav,"The extraordinary face which chance or a special and weird industry had fashioned for him, laughed alone.",Libri_5895,neutral,LibriTTS_R
raw_datasets/LibriTTS_R/Speaker_5895/5895_neutral_00_00305.wav,Gwynplaine had nothing to do with it. The outside did not depend on the interior.,Libri_5895,neutral,LibriTTS_R
raw_datasets/LibriTTS_R/Speaker_5895/5895_neutral_00_00306.wav,"The laugh which he had not placed, himself, on his brow, on his eyelids, on his mouth, he could not remove.",Libri_5895,neutral,LibriTTS_R
raw_datasets/LibriTTS_R/Speaker_5895/5895_neutral_00_00307.wav,"It was automatic, and the more irresistible because it seemed petrified.",Libri_5895,neutral,LibriTTS_R
raw_datasets/LibriTTS_R/Speaker_5895/5895_neutral_00_00308.wav,Two convulsions of the face are infectious; laughing and yawning.,Libri_5895,neutral,LibriTTS_R
raw_datasets/LibriTTS_R/Speaker_5895/5895_neutral_00_00309.wav,"All his emotions, whatever they might have been, augmented his strange face of joy, or to speak more correctly, aggravated it.",Libri_5895,neutral,LibriTTS_R
raw_datasets/LibriTTS_R/Speaker_5895/5895_neutral_00_00310.wav,"Any astonishment which might seize him, any suffering which he might feel, any anger which might take possession of him, any pity which might move him, would only increase this hilarity of his muscles.",Libri_5895,neutral,LibriTTS_R
raw_datasets/LibriTTS_R/Speaker_5895/5895_neutral_00_00311.wav,"It was like a head of Medusa, but Medusa hilarious.",Libri_5895,neutral,LibriTTS_R
raw_datasets/LibriTTS_R/Speaker_5895/5895_neutral_00_00312.wav,"All feeling or thought in the mind of the spectator was suddenly put to flight by the unexpected apparition, and laughter was inevitable.",Libri_5895,neutral,LibriTTS_R
raw_datasets/LibriTTS_R/Speaker_5895/5895_neutral_00_00313.wav,"All parody which borders on folly, all irony which borders on wisdom, were condensed and amalgamated in that face.",Libri_5895,neutral,LibriTTS_R
raw_datasets/LibriTTS_R/Speaker_5895/5895_neutral_00_00314.wav,"One corner of the mouth was raised, in mockery of the human race; the other side, in blasphemy of the gods.",Libri_5895,neutral,LibriTTS_R
raw_datasets/LibriTTS_R/Speaker_5895/5895_neutral_00_00315.wav,That infernal head of implacable hilarity he supported on his neck.,Libri_5895,neutral,LibriTTS_R
raw_datasets/LibriTTS_R/Speaker_5895/5895_neutral_00_00316.wav,"The Manichaeans believed the absolute occasionally gives way, and that God Himself sometimes abdicates for a time.",Libri_5895,neutral,LibriTTS_R
raw_datasets/LibriTTS_R/Speaker_5895/5895_neutral_00_00317.wav,So also of the will.,Libri_5895,neutral,LibriTTS_R
raw_datasets/LibriTTS_R/Speaker_5895/5895_neutral_00_00318.wav,"For Gwynplaine the postscript was this: by the force of his will, and by concentrating all his attention, and on condition that no emotion should come to distract and turn away the fixedness of his effort, he could manage to suspend the everlasting rictus of his face, and to throw over it a kind of tragic veil, and then the spectator laughed no longer; he shuddered.",Libri_5895,neutral,LibriTTS_R
raw_datasets/LibriTTS_R/Speaker_5895/5895_neutral_00_00319.wav,"It was a terrible effort, and an insupportable tension.",Libri_5895,neutral,LibriTTS_R
raw_datasets/LibriTTS_R/Speaker_5895/5895_neutral_00_00320.wav,"Moreover, it happened that on the slightest distraction, or the slightest emotion, the laugh, driven back for a moment, returned like a tide with an impulse which was irresistible in proportion to the force of the adverse emotion.",Libri_5895,neutral,LibriTTS_R
raw_datasets/LibriTTS_R/Speaker_5895/5895_neutral_00_00321.wav,"With this exception, Gwynplaine's laugh was everlasting.",Libri_5895,neutral,LibriTTS_R
raw_datasets/LibriTTS_R/Speaker_5895/5895_neutral_00_00322.wav,"On seeing Gwynplaine, all laughed.",Libri_5895,neutral,LibriTTS_R
raw_datasets/LibriTTS_R/Speaker_5895/5895_neutral_00_00323.wav,Women especially shrank from him with horror.,Libri_5895,neutral,LibriTTS_R
raw_datasets/LibriTTS_R/Speaker_5895/5895_neutral_00_00324.wav,The man was frightful.,Libri_5895,neutral,LibriTTS_R
raw_datasets/LibriTTS_R/Speaker_5895/5895_neutral_00_00325.wav,"Besides, when once the novelty of the laugh had passed over, Gwynplaine was intolerable for a woman to see, and impossible to contemplate.",Libri_5895,neutral,LibriTTS_R
raw_datasets/LibriTTS_R/Speaker_5895/5895_neutral_00_00326.wav,"But he was tall, well made, and agile, and no way deformed, excepting in his face.",Libri_5895,neutral,LibriTTS_R
raw_datasets/LibriTTS_R/Speaker_5895/5895_neutral_00_00327.wav,This led to the presumption that Gwynplaine was rather a creation of art than a work of nature.,Libri_5895,neutral,LibriTTS_R
raw_datasets/LibriTTS_R/Speaker_5895/5895_neutral_00_00328.wav,"Gwynplaine, beautiful in figure, had probably been beautiful in face.",Libri_5895,neutral,LibriTTS_R
raw_datasets/LibriTTS_R/Speaker_5895/5895_neutral_00_00329.wav,"They had left the body intact, and retouched only the face.",Libri_5895,neutral,LibriTTS_R
raw_datasets/LibriTTS_R/Speaker_5895/5895_neutral_00_00330.wav,"Gwynplaine had been made to order-at least, that was probable.",Libri_5895,neutral,LibriTTS_R
raw_datasets/LibriTTS_R/Speaker_5895/5895_neutral_00_00331.wav,"Besides, we must remember that they had in those times means of putting patients to sleep, and of suppressing all suffering; only then it was called magic, while now it is called anaesthesia.",Libri_5895,neutral,LibriTTS_R
raw_datasets/LibriTTS_R/Speaker_5895/5895_neutral_00_00332.wav,"His articulations usefully displaced and fashioned to bending the wrong way, had received the education of a clown, and could, like the hinges of a door, move backwards and forwards.",Libri_5895,neutral,LibriTTS_R
raw_datasets/LibriTTS_R/Speaker_5895/5895_neutral_00_00333.wav,Gwynplaine had yellow hair.,Libri_5895,neutral,LibriTTS_R
raw_datasets/LibriTTS_R/Speaker_5895/5895_neutral_00_00334.wav,"His hair having probably been dyed with some corrosive preparation, had left it woolly and rough to the touch.",Libri_5895,neutral,LibriTTS_R
raw_datasets/LibriTTS_R/Speaker_5895/5895_neutral_00_00335.wav,"Its yellow bristles, rather a mane than a head of hair, covered and concealed a lofty brow, evidently made to contain thought.",Libri_5895,neutral,LibriTTS_R
raw_datasets/LibriTTS_R/Speaker_5895/5895_neutral_00_00336.wav,The facial angle was powerful and surprisingly grand.,Libri_5895,neutral,LibriTTS_R
raw_datasets/LibriTTS_R/Speaker_5895/5895_neutral_00_00337.wav,"Behind his laugh there was a soul, dreaming, as all our souls dream.",Libri_5895,neutral,LibriTTS_R
raw_datasets/LibriTTS_R/Speaker_5895/5895_neutral_00_00338.wav,"However, his laugh was to Gwynplaine quite a talent.",Libri_5895,neutral,LibriTTS_R
raw_datasets/LibriTTS_R/Speaker_5895/5895_neutral_00_00339.wav,"He could do nothing with it, so he turned it to account.",Libri_5895,neutral,LibriTTS_R
raw_datasets/LibriTTS_R/Speaker_5895/5895_neutral_00_00340.wav,"Men confronted that model of the ideal sarcasm and exemplification of the irony which each one possesses within him; and the crowd, continually renewed round its fixed laugh, died away with delight before its sepulchral immobility of mirth.",Libri_5895,neutral,LibriTTS_R
raw_datasets/LibriTTS_R/Speaker_5895/5895_neutral_00_00341.wav,"Two slits for eyes, a hiatus for a mouth, a snub protuberance with two holes for nostrils, a flattened face, all having for the result an appearance of laughter; it is certain that nature never produces such perfection single handed.",Libri_5895,neutral,LibriTTS_R
raw_datasets/LibriTTS_R/Speaker_5895/5895_neutral_00_00342.wav,By means of it he gained his living.,Libri_5895,neutral,LibriTTS_R
raw_datasets/LibriTTS_R/Speaker_5895/5895_neutral_00_00343.wav,But is laughter a synonym of joy?,Libri_5895,neutral,LibriTTS_R
raw_datasets/LibriTTS_R/Speaker_5895/5895_neutral_00_00344.wav,"It seemed evident that a mysterious and probably occult science, which was to surgery what alchemy was to chemistry, had chiselled his flesh, evidently at a very tender age, and manufactured his countenance with premeditation.",Libri_5895,neutral,LibriTTS_R
raw_datasets/LibriTTS_R/Speaker_5895/5895_neutral_00_00345.wav,Let us understand each other; we will explain.,Libri_5895,neutral,LibriTTS_R
raw_datasets/LibriTTS_R/Speaker_5895/5895_neutral_00_00346.wav,He showed himself on the platform.,Libri_5895,neutral,LibriTTS_R
raw_datasets/LibriTTS_R/Speaker_5895/5895_neutral_00_00347.wav,"Surgical sculpture of the kind could never have succeeded except on a very young child, and consequently on one having little consciousness of what happened to him, and who might easily take a wound for a sickness.",Libri_5895,neutral,LibriTTS_R
raw_datasets/LibriTTS_R/Speaker_5895/5895_neutral_00_00348.wav,An everlasting laugh!,Libri_5895,neutral,LibriTTS_R
raw_datasets/LibriTTS_R/Speaker_5895/5895_neutral_00_00349.wav,Such perfect completeness is not in nature.,Libri_5895,neutral,LibriTTS_R
raw_datasets/LibriTTS_R/Speaker_5895/5895_neutral_00_00350.wav,"The joyous convulsion of laughter was as a tribute paid; they submitted to it gladly, but almost mechanically.",Libri_5895,neutral,LibriTTS_R
raw_datasets/LibriTTS_R/Speaker_5895/5895_neutral_00_00351.wav,"A Hottentot profile cannot be changed into a Roman outline, but out of a Grecian nose you may make a Calmuck's.",Libri_5895,neutral,LibriTTS_R
raw_datasets/LibriTTS_R/Speaker_5895/5895_neutral_00_00352.wav,"It laughed and occasioned laughter, but remained pensive.",Libri_5895,neutral,LibriTTS_R
raw_datasets/LibriTTS_R/Speaker_5895/5895_neutral_00_00353.wav,"By virtue of the mysterious operation to which Gwynplaine had probably been subjected in his infancy, every part of his face contributed to that rictus; his whole physiognomy led to that result, as a wheel centres in the nave.",Libri_5895,neutral,LibriTTS_R
raw_datasets/LibriTTS_R/Speaker_5895/5895_neutral_00_00354.wav,In appropriating him to the profession of mountebank nothing had been neglected.,Libri_5895,neutral,LibriTTS_R
raw_datasets/LibriTTS_R/Speaker_5895/5895_neutral_00_00355.wav,"The operation, whatever it had been, which had deprived his features of harmony, and put all their flesh into disorder, had had no effect on the bony structure of his head.",Libri_5895,neutral,LibriTTS_R
raw_datasets/LibriTTS_R/Speaker_5895/5895_neutral_00_00356.wav,The whole of existence resembles a letter modified in the postscript.,Libri_5895,neutral,LibriTTS_R
raw_datasets/LibriTTS_R/Speaker_5895/5895_neutral_00_00357.wav,"One might almost have said that Gwynplaine was that dark, dead mask of ancient comedy adjusted to the body of a living man.",Libri_5895,neutral,LibriTTS_R
raw_datasets/LibriTTS_R/Speaker_5895/5895_neutral_00_00358.wav,What a weight for the shoulders of a man-an everlasting laugh!,Libri_5895,neutral,LibriTTS_R
raw_datasets/LibriTTS_R/Speaker_5895/5895_neutral_00_00359.wav,He was removed from sadness as is pole from pole. Spleen at the one; Gwynplaine at the other.,Libri_5895,neutral,LibriTTS_R
raw_datasets/LibriTTS_R/Speaker_5895/5895_neutral_00_00360.wav,Of what providence?,Libri_5895,neutral,LibriTTS_R
raw_datasets/LibriTTS_R/Speaker_5895/5895_neutral_00_00361.wav,"Besides this face, those who had brought him up had given him the resources of a gymnast and an athlete.",Libri_5895,neutral,LibriTTS_R
raw_datasets/LibriTTS_R/Speaker_5895/5895_neutral_00_00362.wav,It had been stamped for ever on his face.,Libri_5895,neutral,LibriTTS_R
raw_datasets/LibriTTS_R/Speaker_5895/5895_neutral_00_00363.wav,"Antique art formerly placed on the outsides of the Greek theatre a joyous brazen face, called comedy.",Libri_5895,neutral,LibriTTS_R
raw_datasets/LibriTTS_R/Speaker_5895/5895_neutral_00_00364.wav,We do not admit that it can ever be utterly powerless.,Libri_5895,neutral,LibriTTS_R
raw_datasets/LibriTTS_R/Speaker_5895/5895_neutral_00_00365.wav,The death's head retains them.,Libri_5895,neutral,LibriTTS_R
raw_datasets/LibriTTS_R/Speaker_5895/5895_neutral_00_00366.wav,"One day the executioner came, and Gwynplaine made him laugh.",Libri_5895,neutral,LibriTTS_R
raw_datasets/LibriTTS_R/Speaker_5895/5895_neutral_00_00367.wav,Why not?,Libri_5895,neutral,LibriTTS_R
raw_datasets/LibriTTS_R/Speaker_5895/5895_neutral_00_00368.wav,CHAPTER three.,Libri_5895,neutral,LibriTTS_R
raw_datasets/LibriTTS_R/Speaker_5895/5895_neutral_00_00369.wav,WHERE THE PASSER BY REAPPEARS.,Libri_5895,neutral,LibriTTS_R
raw_datasets/LibriTTS_R/Speaker_5895/5895_neutral_00_00370.wav,"Ursus had been tempted by the bowling green, which had one great recommendation, that it was always fair day there, even in winter.",Libri_5895,neutral,LibriTTS_R
raw_datasets/LibriTTS_R/Speaker_5895/5895_neutral_00_00371.wav,"London, take it all in all, has some good in it.",Libri_5895,neutral,LibriTTS_R
raw_datasets/LibriTTS_R/Speaker_5895/5895_neutral_00_00372.wav,It was a brave thing to dedicate a cathedral to saint Paul.,Libri_5895,neutral,LibriTTS_R
raw_datasets/LibriTTS_R/Speaker_5895/5895_neutral_00_00373.wav,He entered heaven only by the artists' door.,Libri_5895,neutral,LibriTTS_R
raw_datasets/LibriTTS_R/Speaker_5895/5895_neutral_00_00374.wav,A cathedral is a sign.,Libri_5895,neutral,LibriTTS_R
raw_datasets/LibriTTS_R/Speaker_5895/5895_neutral_00_00375.wav,"saint Peter is the sign of Rome, the city of the dogma; saint Paul that of London, the city of schism.",Libri_5895,neutral,LibriTTS_R
raw_datasets/LibriTTS_R/Speaker_5895/5895_neutral_00_00376.wav,"A large wooden balcony, roofed over, and supported on posts, on which the rooms of the first story opened, ran round the three fronts of the interior facade of the house, making two right angles.",Libri_5895,neutral,LibriTTS_R
raw_datasets/LibriTTS_R/Speaker_5895/5895_neutral_00_00377.wav,"The windows of the ground floor made boxes, the pavement of the court the pit, and the balcony the gallery. The Green Box, reared against the wall, was thus in front of a theatre. It was very like the Globe, where they played ""Othello,"" ""King Lear,"" and ""The Tempest.""",Libri_5895,neutral,LibriTTS_R
raw_datasets/LibriTTS_R/Speaker_5895/5895_neutral_00_00378.wav,In a corner behind the Green Box was a stable.,Libri_5895,neutral,LibriTTS_R
raw_datasets/LibriTTS_R/Speaker_5895/5895_neutral_00_00379.wav,"Ursus had made his arrangements with the tavern keeper, Master Nicless, who, owing to his respect for the law, would not admit the wolf without charging him extra.",Libri_5895,neutral,LibriTTS_R
raw_datasets/LibriTTS_R/Speaker_5895/5895_neutral_00_00380.wav,"It was large enough to hold, in two rows, ten spectators.",Libri_5895,neutral,LibriTTS_R
raw_datasets/LibriTTS_R/Speaker_5895/5895_neutral_00_00381.wav,"""We must be prepared for the gentry.""",Libri_5895,neutral,LibriTTS_R
raw_datasets/LibriTTS_R/Speaker_5895/5895_neutral_00_00382.wav,They began their performances.,Libri_5895,neutral,LibriTTS_R
raw_datasets/LibriTTS_R/Speaker_5895/5895_neutral_00_00383.wav,"The crowd immediately flocked to them, but the compartment for the nobility remained empty.",Libri_5895,neutral,LibriTTS_R
raw_datasets/LibriTTS_R/Speaker_5895/5895_neutral_00_00384.wav,"There was a circus of women, ringing from morning till night with a magnificent peal of all sorts of instruments-psalteries, drums, rebecks, micamons, timbrels, reeds, dulcimers, gongs, chevrettes, bagpipes, German horns, English eschaqueils, pipes, flutes, and flageolets.",Libri_5895,neutral,LibriTTS_R
raw_datasets/LibriTTS_R/Speaker_5895/5895_neutral_00_00385.wav,Even this comedian of jaws and claws was eclipsed in success.,Libri_5895,neutral,LibriTTS_R
raw_datasets/LibriTTS_R/Speaker_5895/5895_neutral_00_00386.wav,"Curiosity, applause, receipts, crowds, the Laughing Man monopolized everything.",Libri_5895,neutral,LibriTTS_R
raw_datasets/LibriTTS_R/Speaker_5895/5895_neutral_00_00387.wav,Nothing was thought of but the Green Box.,Libri_5895,neutral,LibriTTS_R
raw_datasets/LibriTTS_R/Speaker_5895/5895_neutral_00_00388.wav,The glory of Gwynplaine had not passed London Bridge.,Libri_5895,neutral,LibriTTS_R
raw_datasets/LibriTTS_R/Speaker_5895/5895_neutral_00_00389.wav,It was not great enough yet to re echo throughout the city.,Libri_5895,neutral,LibriTTS_R
raw_datasets/LibriTTS_R/Speaker_5895/5895_neutral_00_00390.wav,At least not at first.,Libri_5895,neutral,LibriTTS_R
raw_datasets/LibriTTS_R/Speaker_5895/5895_neutral_00_00391.wav,"Between the acts Ursus exhibited his power as an engastrimist, and executed marvels of ventriloquism.",Libri_5895,neutral,LibriTTS_R
raw_datasets/LibriTTS_R/Speaker_5895/5895_neutral_00_00392.wav,"He imitated every cry which occurred in the audience-a song, a cry, enough to startle, so exact the imitation, the singer or the crier himself; and now and then he copied the hubbub of the public, and whistled as if there were a crowd of people within him.",Libri_5895,neutral,LibriTTS_R
raw_datasets/LibriTTS_R/Speaker_5895/5895_neutral_00_00393.wav,These were remarkable talents.,Libri_5895,neutral,LibriTTS_R
raw_datasets/LibriTTS_R/Speaker_5895/5895_neutral_00_00394.wav,"""They are the ancient Trinobantes,"" he said.",Libri_5895,neutral,LibriTTS_R
raw_datasets/LibriTTS_R/Speaker_5895/5895_neutral_00_00395.wav,"Then he added, ""I must not mistake them, for delicacy of taste, for the Atrobates, who people Berkshire, or the Belgians, who inhabited Somersetshire, nor for the Parisians, who founded York.""",Libri_5895,neutral,LibriTTS_R
raw_datasets/LibriTTS_R/Speaker_5895/5895_neutral_00_00396.wav,"At every performance the yard of the inn, transformed into a pit, was filled with a ragged and enthusiastic audience.",Libri_5895,neutral,LibriTTS_R
raw_datasets/LibriTTS_R/Speaker_5895/5895_neutral_00_00397.wav,"It was composed of watermen, chairmen, coachmen, and bargemen, and sailors, just ashore, spending their wages in feasting and women.",Libri_5895,neutral,LibriTTS_R
raw_datasets/LibriTTS_R/Speaker_5895/5895_neutral_00_00398.wav,"He did not come every evening, but when he came he led the public-applause grew into acclamation-success rose not to the roof, for there was none, but to the clouds, for there were plenty of them. Which clouds (seeing that there was no roof) sometimes wept over the masterpiece of Ursus.",Libri_5895,neutral,LibriTTS_R
raw_datasets/LibriTTS_R/Speaker_5895/5895_neutral_00_00399.wav,"""Of course I do.""",Libri_5895,neutral,LibriTTS_R
raw_datasets/LibriTTS_R/Speaker_5895/5895_neutral_00_00400.wav,"""A sailor.""",Libri_5895,neutral,LibriTTS_R
raw_datasets/LibriTTS_R/Speaker_5895/5895_neutral_00_00401.wav,"""Tom Jim Jack,"" replied the inn keeper.",Libri_5895,neutral,LibriTTS_R
raw_datasets/LibriTTS_R/Speaker_5895/5895_neutral_00_00402.wav,"Then as he redescended the steps at the back of the Green Box, to enter the inn, Master Nicless let fall this profound reflection, so deep as to be unintelligible,--",Libri_5895,neutral,LibriTTS_R
raw_datasets/LibriTTS_R/Speaker_5895/5895_neutral_00_00403.wav,"""What a pity that he should not be a lord.",Libri_5895,neutral,LibriTTS_R
raw_datasets/LibriTTS_R/Speaker_5895/5895_neutral_00_00404.wav,"He would make a famous scoundrel.""",Libri_5895,neutral,LibriTTS_R
raw_datasets/LibriTTS_R/Speaker_5895/5895_neutral_00_00405.wav,"Except a few words exchanged now and then with the tavern keeper, they held no communication with any of those who were living, either permanently or temporarily, in the inn; and continued to keep to themselves.",Libri_5895,neutral,LibriTTS_R
raw_datasets/LibriTTS_R/Speaker_5895/5895_neutral_00_00406.wav,"There is a mysterious expectation in youth. Therefore it is that we are prone to wander out in the night, without an object.",Libri_5895,neutral,LibriTTS_R
raw_datasets/LibriTTS_R/Speaker_5895/5895_neutral_00_00407.wav,"The empty taverns were shut up, and the lower room in the Tadcaster Inn was dark, except where, in some corner, a solitary candle lighted a last reveller. An indistinct glow gleamed through the window shutters of the half closed tavern, as Gwynplaine, pensive, content, and dreaming, happy in a haze of divine joy, passed backwards and forwards in front of the half open door.",Libri_5895,neutral,LibriTTS_R
raw_datasets/LibriTTS_R/Speaker_5895/5895_neutral_00_00408.wav,Of Dea-of nothing-of everything-of the depths.,Libri_5895,neutral,LibriTTS_R
raw_datasets/LibriTTS_R/Speaker_5895/5895_neutral_00_00409.wav,A few steps away from it was far enough for him.,Libri_5895,neutral,LibriTTS_R
raw_datasets/LibriTTS_R/Speaker_5895/5895_neutral_00_00410.wav,"The sitting room of the tavern had, as we have seen, an inside door which opened into the court.",Libri_5895,neutral,LibriTTS_R
raw_datasets/LibriTTS_R/Speaker_5895/5895_neutral_00_00411.wav,"""Do you know that man?""",Libri_5895,neutral,LibriTTS_R
raw_datasets/LibriTTS_R/Speaker_5895/5895_neutral_00_00412.wav,"In the centre of the balcony, precisely opposite the Green Box, and in a compartment having for entrance a window reaching to the ground, there had been partitioned off a space ""for the nobility.""",Libri_5895,neutral,LibriTTS_R
raw_datasets/LibriTTS_R/Speaker_5895/5895_neutral_00_00413.wav,"This connoisseur was suddenly fascinated, and had adopted the Laughing Man.",Libri_5895,neutral,LibriTTS_R
raw_datasets/LibriTTS_R/Speaker_5895/5895_neutral_00_00414.wav,"By the side of the door was constructed off hand, by means of an empty barrel, a box for the money taker, who was sometimes Fibi and sometimes Vinos.",Libri_5895,neutral,LibriTTS_R
raw_datasets/LibriTTS_R/Speaker_5895/5895_neutral_00_00415.wav,Still it remained local.,Libri_5895,neutral,LibriTTS_R
raw_datasets/LibriTTS_R/Speaker_5895/5895_neutral_00_00416.wav,"All these flowed from the street into the theatre, and poured back from the theatre into the tap.",Libri_5895,neutral,LibriTTS_R
raw_datasets/LibriTTS_R/Speaker_5895/5895_neutral_00_00417.wav,"""The money bag grows palpably bigger.""",Libri_5895,neutral,LibriTTS_R
raw_datasets/LibriTTS_R/Speaker_5895/5895_neutral_00_00418.wav,"Otherwise, although established in the tavern, the group in the Green Box had in no way altered their manner of living, and held to their isolated habits.",Libri_5895,neutral,LibriTTS_R
raw_datasets/LibriTTS_R/Speaker_5895/5895_neutral_00_00419.wav,"Pay and pass in. Under the placard announcing the Laughing Man was a piece of wood, painted white, hung on two nails, on which was written in charcoal in large letters the title of Ursus's grand piece, ""Chaos Vanquished.""",Libri_5895,neutral,LibriTTS_R
raw_datasets/LibriTTS_R/Speaker_5895/5895_neutral_00_00420.wav,This was managed much as at present.,Libri_5895,neutral,LibriTTS_R
raw_datasets/LibriTTS_R/Speaker_5895/5895_neutral_00_00421.wav,With that exception their success became so great that no mountebank memory could recall its parallel.,Libri_5895,neutral,LibriTTS_R
raw_datasets/LibriTTS_R/Speaker_5895/5895_neutral_00_00422.wav,"The sea is a wall; and if Voltaire-a thing which he very much regretted when it was too late-had not thrown a bridge over to Shakespeare, Shakespeare might still be in England, on the other side of the wall, a captive in insular glory.",Libri_5895,neutral,LibriTTS_R
raw_datasets/LibriTTS_R/Speaker_5895/5895_neutral_00_00423.wav,"Besides the small fry, the swallowers of swords and the grimace makers, real performances took place on the green.",Libri_5895,neutral,LibriTTS_R
raw_datasets/LibriTTS_R/Speaker_5895/5895_neutral_00_00424.wav,"""'Chaos Vanquished' is 'Chaos Victor,'"" said Ursus, appropriating half Gwynplaine's success, and taking the wind out of his sails, as they say at sea.",Libri_5895,neutral,LibriTTS_R
raw_datasets/LibriTTS_R/Speaker_5895/5895_neutral_00_00425.wav,Of what was he thinking?,Libri_5895,neutral,LibriTTS_R
raw_datasets/LibriTTS_R/Speaker_5895/5895_neutral_00_00426.wav,"A certain vagrancy in our spirits impels us to take walks at night, and to saunter under the stars.",Libri_5895,neutral,LibriTTS_R
raw_datasets/LibriTTS_R/Speaker_5895/5895_neutral_00_00427.wav,"There was a travelling menagerie, where was to be seen a performing tiger, who, lashed by the keeper, snapped at the whip and tried to swallow the lash.",Libri_5895,neutral,LibriTTS_R
raw_datasets/LibriTTS_R/Speaker_5895/5895_neutral_00_00428.wav,They had a great friend in this unknown visitor.,Libri_5895,neutral,LibriTTS_R
raw_datasets/LibriTTS_R/Speaker_5895/5895_neutral_00_00429.wav,That success was prodigious.,Libri_5895,neutral,LibriTTS_R
raw_datasets/LibriTTS_R/Speaker_2035/2035_neutral_00_00430.wav,"The Munster King, and many of the chieftain class shared the common lot.",Libri_2035,neutral,LibriTTS_R
raw_datasets/LibriTTS_R/Speaker_2035/2035_neutral_00_00431.wav,The only conflicts that occurred on Irish soil with a Pictish or an Anglo Saxon force-if we except those who formed a contingent of Congal's army at Moira-occurred in the time of the hospitable Finnacta.,Libri_2035,neutral,LibriTTS_R
raw_datasets/LibriTTS_R/Speaker_2035/2035_neutral_00_00432.wav,"This Prince, Egfrid by name, was constantly engaged in wars with his Saxon cotemporaries, or the Picts and Scots.",Libri_2035,neutral,LibriTTS_R
raw_datasets/LibriTTS_R/Speaker_2035/2035_neutral_00_00433.wav,"The piety of an after age saw in the retribution which overtook Egfrid the following year, when he was slain by the Picts and Scots, the judgment of Heaven, avenging the unprovoked wrongs of the Irish. His Scottish conquerors, returning good for evil, carried his body to Iona, where it was interred with all due honour.",Libri_2035,neutral,LibriTTS_R
raw_datasets/LibriTTS_R/Speaker_2035/2035_neutral_00_00434.wav,"The barren rock, about three miles in length, was covered with monastic buildings, and its cemetery was already adorned with the tombs of saints and kings.",Libri_2035,neutral,LibriTTS_R
raw_datasets/LibriTTS_R/Speaker_2035/2035_neutral_00_00435.wav,"He learned, too, that there were in Northumbria several Christian captives, carried off in Beort's expedition and probably sold into slavery.",Libri_2035,neutral,LibriTTS_R
raw_datasets/LibriTTS_R/Speaker_2035/2035_neutral_00_00436.wav,"In the same spirit Adamnan voluntarily undertook a journey to York, where Aldfrid (a Prince educated in Ireland, and whose ""Itinerary"" of Ireland we still have) now reigned. The Abbot of Iona succeeded in his humane mission, and crossing over to his native land, he restored sixty of the captives to their homes and kindred.",Libri_2035,neutral,LibriTTS_R
raw_datasets/LibriTTS_R/Speaker_2035/2035_neutral_00_00437.wav,"Nothing could be more natural than such an assembly in such a place, at such a period.",Libri_2035,neutral,LibriTTS_R
raw_datasets/LibriTTS_R/Speaker_2035/2035_neutral_00_00438.wav,In every recorded instance the power of the clergy had been omnipotent in politics for above a century.,Libri_2035,neutral,LibriTTS_R
raw_datasets/LibriTTS_R/Speaker_2035/2035_neutral_00_00439.wav,"The Kingdom of Northumbria, as the name implies, embraced nearly all the country from the Humber to the Pictish border.",Libri_2035,neutral,LibriTTS_R
raw_datasets/LibriTTS_R/Speaker_2035/2035_neutral_00_00440.wav,"The cause of the battle was the pretension of the petty Prince of Ulidia, which comprised little more than the present county of Down, to be recognised as Prince of all Ulster.",Libri_2035,neutral,LibriTTS_R
raw_datasets/LibriTTS_R/Speaker_2035/2035_neutral_00_00441.wav,So slow and patient is the process by which Christianity infuses itself into the social life of a converted people!,Libri_2035,neutral,LibriTTS_R
raw_datasets/LibriTTS_R/Speaker_2035/2035_neutral_00_00442.wav,Finnacta fell in battle in the twentieth year of his long and glorious reign; and is commemorated as a saint in the Irish calendar.,Libri_2035,neutral,LibriTTS_R
raw_datasets/LibriTTS_R/Speaker_2035/2035_neutral_00_00443.wav,"saint Aidan, the Apostle of Northumbria, had refused the late Egfrid's father absolution, on one occasion, until he solemnly promised to restore their freedom to certain captives of this description.",Libri_2035,neutral,LibriTTS_R
raw_datasets/LibriTTS_R/Speaker_2035/2035_neutral_00_00444.wav,"It is pretty clear also that the last rally of Druidism against Christianity took place behind his banner, on the plain of Moira.",Libri_2035,neutral,LibriTTS_R
raw_datasets/LibriTTS_R/Speaker_2035/2035_neutral_00_00445.wav,"Congal had recruited numerous bands of Saxons, Britons, Picts and Argyle Scots, who poured into the Larbours of Down for months, and were marshalled on the banks of the Lagan, to sustain his cause.",Libri_2035,neutral,LibriTTS_R
raw_datasets/LibriTTS_R/Speaker_2035/2035_neutral_00_00446.wav,"Abolished it was, and though its re-enactment was often attempted, the authority of Saint Moling's solemn settlement, prevented it from being re enforced for any length of time, except as a political or military infliction.",Libri_2035,neutral,LibriTTS_R
raw_datasets/LibriTTS_R/Speaker_2035/2035_neutral_00_00447.wav,"King Donald was accompanied by his Bard, who described to him, as they came in sight, the several standards of Congal's host, and who served under them.",Libri_2035,neutral,LibriTTS_R
raw_datasets/LibriTTS_R/Speaker_2035/2035_neutral_00_00448.wav,"As leading to the mention of other interesting events, we must set this inroad clearly before the reader.",Libri_2035,neutral,LibriTTS_R
raw_datasets/LibriTTS_R/Speaker_2035/2035_neutral_00_00449.wav,"In the early part of his reign Finnacta seems not to have been disposed to collect this invidious tax by force; but, yielding to other motives, he afterwards took a different view of his duty, and marched into Leinster to compel its payment. Here the holy Prelate of Ferns met him, and related a Vision in which he had been instructed to demand the abolition of the impost.",Libri_2035,neutral,LibriTTS_R
raw_datasets/LibriTTS_R/Speaker_2035/2035_neutral_00_00450.wav,"The Saxons of Kent and the Southern Kingdoms generally were converted by missionaries from France or Rome, or native preachers of the first or second Christian generation; those of Northumbria recognise as their Apostles saint Aidan and saint Cuthbert, two Fathers from Iona.",Libri_2035,neutral,LibriTTS_R
raw_datasets/LibriTTS_R/Speaker_2035/2035_neutral_00_00451.wav,"York was its capital, and the seat of its ecclesiastical primacy, where, at the time we speak of, the illustrious Wilfrid was maintaining, with a wilful and unscrupulous king, a struggle not unlike that which Becket maintained with Henry the second.",Libri_2035,neutral,LibriTTS_R
raw_datasets/LibriTTS_R/Speaker_2035/2035_neutral_00_00452.wav,"Five successors of Columbkill slept in peace around their holy Founder, and a sixth, equal in learning and sanctity to any who preceded him, received the remains of King Egfrid from the hands of his conquerors.",Libri_2035,neutral,LibriTTS_R
raw_datasets/LibriTTS_R/Speaker_2035/2035_neutral_00_00453.wav,"The all powerful intercessor in this case was Saint Moling, of the royal house of Leinster, and Bishop of Fernamore (now Ferns).",Libri_2035,neutral,LibriTTS_R
raw_datasets/LibriTTS_R/Speaker_2035/2035_neutral_00_00454.wav,"Now every missionary that ever went out from Iona, had taught that to reduce Christians to slavery was wholly inconsistent with a belief in the doctrines of the Gospel.",Libri_2035,neutral,LibriTTS_R
raw_datasets/LibriTTS_R/Speaker_2035/2035_neutral_00_00455.wav,CHAPTER six.,Libri_2035,neutral,LibriTTS_R
raw_datasets/LibriTTS_R/Speaker_2035/2035_neutral_00_00456.wav,"The tribute was, at this period, enormous; fifteen thousand head of cattle annually.",Libri_2035,neutral,LibriTTS_R
raw_datasets/LibriTTS_R/Speaker_2035/2035_neutral_00_00457.wav,"The abolition, he contended, should not be simply a suspension, but final and for ever.",Libri_2035,neutral,LibriTTS_R
raw_datasets/LibriTTS_R/Speaker_2035/2035_neutral_00_00458.wav,"Adamnan regarded the fate of Egfrid, we may be sure, in the light of a judgment on him for his misdeeds, as Bede and British Christians very generally did.",Libri_2035,neutral,LibriTTS_R
raw_datasets/LibriTTS_R/Speaker_2035/2035_neutral_00_00459.wav,"Britain had been divided by the Saxon leaders into eight separate kingdoms, the people and princes of several of which were converted to Christianity in the fifth, sixth, and seventh century, though some of them did not receive the Gospel before the beginning of the eighth.",Libri_2035,neutral,LibriTTS_R
raw_datasets/LibriTTS_R/Speaker_2035/2035_neutral_00_00460.wav,"The last armed struggle of Druidism, and the only invasion of Ireland by the Anglo Saxons, are also events of the civil history of the seventh century.",Libri_2035,neutral,LibriTTS_R
raw_datasets/LibriTTS_R/Speaker_2035/2035_neutral_00_00461.wav,"To heighten the awful sense of inevitable doom, an eclipse of the sun occurred concurrently with the appearance of the pestilence on the first Sunday in May.",Libri_2035,neutral,LibriTTS_R
raw_datasets/LibriTTS_R/Speaker_2035/2035_neutral_00_00462.wav,"The Saxons had now been for four centuries in Britain, the older inhabitants of which-Celts like the Gauls and Irish-they had cruelly harassed, just as the Milesian Irish oppressed their Belgic predecessors, and as the Normans, in turn, will be found oppressing both Celt and Saxon in England and Ireland.",Libri_2035,neutral,LibriTTS_R
raw_datasets/LibriTTS_R/Speaker_2035/2035_neutral_00_00463.wav,"Lastly, the royal brothers fell themselves victims to the epidemic, which so sadly signalizes their reign.",Libri_2035,neutral,LibriTTS_R
raw_datasets/LibriTTS_R/Speaker_2035/2035_neutral_00_00464.wav,"Like the two kings of Sparta they reigned jointly, dividing between them the labours and cares of State.",Libri_2035,neutral,LibriTTS_R
raw_datasets/LibriTTS_R/Speaker_2035/2035_neutral_00_00465.wav,I struck now from hate.,Libri_2035,neutral,LibriTTS_R
raw_datasets/LibriTTS_R/Speaker_2035/2035_neutral_00_00466.wav,"Before the mouths of the holes were little patches of sand and gravel, scratched up, we supposed, from a long way below the surface.",Libri_2035,neutral,LibriTTS_R
raw_datasets/LibriTTS_R/Speaker_2035/2035_neutral_00_00467.wav,"Did he fight hard?""",Libri_2035,neutral,LibriTTS_R
raw_datasets/LibriTTS_R/Speaker_2035/2035_neutral_00_00468.wav,I felt seasick.,Libri_2035,neutral,LibriTTS_R
raw_datasets/LibriTTS_R/Speaker_2035/2035_neutral_00_00469.wav,"When I turned he was lying in long loose waves, like a letter ""W."" He twitched and began to coil slowly.",Libri_2035,neutral,LibriTTS_R
raw_datasets/LibriTTS_R/Speaker_2035/2035_neutral_00_00470.wav,I had killed a big snake-I was now a big fellow.,Libri_2035,neutral,LibriTTS_R
raw_datasets/LibriTTS_R/Speaker_2035/2035_neutral_00_00471.wav,"As we approached, they barked, shook their tails at us, and scurried underground.",Libri_2035,neutral,LibriTTS_R
raw_datasets/LibriTTS_R/Speaker_2035/2035_neutral_00_00472.wav,Subsequent experiences with rattlesnakes taught me that my first encounter was fortunate in circumstance.,Libri_2035,neutral,LibriTTS_R
raw_datasets/LibriTTS_R/Speaker_2035/2035_neutral_00_00473.wav,That snake hung on our corral fence for several days; some of the neighbors came to see it and agreed that it was the biggest rattler ever killed in those parts.,Libri_2035,neutral,LibriTTS_R
raw_datasets/LibriTTS_R/Speaker_2035/2035_neutral_00_00474.wav,"""Look, Tony, that's his poison,"" I said.",Libri_2035,neutral,LibriTTS_R
raw_datasets/LibriTTS_R/Speaker_2035/2035_neutral_00_00475.wav,"I was walking backward, in a crouching position, when I heard Antonia scream.",Libri_2035,neutral,LibriTTS_R
raw_datasets/LibriTTS_R/Speaker_2035/2035_neutral_00_00476.wav,"I explained to Antonia how this meant that he was twenty four years old, that he must have been there when white men first came, left on from buffalo and Indian times.",Libri_2035,neutral,LibriTTS_R
raw_datasets/LibriTTS_R/Speaker_2035/2035_neutral_00_00477.wav,"I ran up and drove at his head with my spade, struck him fairly across the neck, and in a minute he was all about my feet in wavy loops.",Libri_2035,neutral,LibriTTS_R
raw_datasets/LibriTTS_R/Speaker_2035/2035_neutral_00_00478.wav,The dog town was spread out over perhaps ten acres.,Libri_2035,neutral,LibriTTS_R
raw_datasets/LibriTTS_R/Speaker_2035/2035_neutral_00_00479.wav,"Antonia broke in: ""He fight something awful!",Libri_2035,neutral,LibriTTS_R
raw_datasets/LibriTTS_R/Speaker_2035/2035_neutral_00_00480.wav,"There had been another black frost the night before, and the air was clear and heady as wine.",Libri_2035,neutral,LibriTTS_R
raw_datasets/LibriTTS_R/Speaker_2035/2035_neutral_00_00481.wav,"As I turned him over I began to feel proud of him, to have a kind of respect for his age and size.",Libri_2035,neutral,LibriTTS_R
raw_datasets/LibriTTS_R/Speaker_2035/2035_neutral_00_00482.wav,Antonia called him to come quick and look.,Libri_2035,neutral,LibriTTS_R
raw_datasets/LibriTTS_R/Speaker_2035/2035_neutral_00_00483.wav,"""It was just luck you had a tool,"" he said cautiously.",Libri_2035,neutral,LibriTTS_R
raw_datasets/LibriTTS_R/Speaker_2035/2035_neutral_00_00484.wav,"He did not say anything for a minute, but scratched his head and turned the snake over with his boot.",Libri_2035,neutral,LibriTTS_R
raw_datasets/LibriTTS_R/Speaker_2035/2035_neutral_00_00485.wav,Her exultation was contagious.,Libri_2035,neutral,LibriTTS_R
raw_datasets/LibriTTS_R/Speaker_2035/2035_neutral_00_00486.wav,"Cautiously we went back to the snake; he was still groping with his tail, turning up his ugly belly in the light.",Libri_2035,neutral,LibriTTS_R
raw_datasets/LibriTTS_R/Speaker_2035/2035_neutral_00_00487.wav,"The holes were several yards apart, and were disposed with a good deal of regularity, almost as if the town had been laid out in streets and avenues.",Libri_2035,neutral,LibriTTS_R
raw_datasets/LibriTTS_R/Speaker_2035/2035_neutral_00_00488.wav,"I followed with the spade over my shoulder, dragging my snake.",Libri_2035,neutral,LibriTTS_R
raw_datasets/LibriTTS_R/Speaker_2035/2035_neutral_00_00489.wav,"If the red grass were full of rattlers, I was equal to them all. Nevertheless, I stole furtive glances behind me now and then to see that no avenging mate, older and bigger than my quarry, was racing up from the rear.",Libri_2035,neutral,LibriTTS_R
raw_datasets/LibriTTS_R/Speaker_2035/2035_neutral_00_00490.wav,It was on one of these gravel beds that I met my adventure.,Libri_2035,neutral,LibriTTS_R
raw_datasets/LibriTTS_R/Speaker_2035/2035_neutral_00_00491.wav,I suppose I looked as sick as I felt.,Libri_2035,neutral,LibriTTS_R
raw_datasets/LibriTTS_R/Speaker_2035/2035_neutral_00_00492.wav,"She liked me better from that time on, and she never took a supercilious air with me again.",Libri_2035,neutral,LibriTTS_R
raw_datasets/LibriTTS_R/Speaker_2035/2035_neutral_00_00493.wav,I walked away and turned my back.,Libri_2035,neutral,LibriTTS_R
raw_datasets/LibriTTS_R/Speaker_2035/2035_neutral_00_00494.wav,I did n't run because I did n't think of it-if my back had been against a stone wall I could n't have felt more cornered.,Libri_2035,neutral,LibriTTS_R
raw_datasets/LibriTTS_R/Speaker_2035/2035_neutral_00_00495.wav,"She went on in this strain until I began to think that I had longed for this opportunity, and had hailed it with joy.",Libri_2035,neutral,LibriTTS_R
raw_datasets/LibriTTS_R/Speaker_2035/2035_neutral_00_00496.wav,"He was as thick as my leg, and looked as if millstones could n't crush the disgusting vitality out of him.",Libri_2035,neutral,LibriTTS_R
raw_datasets/LibriTTS_R/Speaker_2035/2035_neutral_00_00497.wav,"""Gosh!",Libri_2035,neutral,LibriTTS_R
raw_datasets/LibriTTS_R/Speaker_2035/2035_neutral_00_00498.wav,"The dogs were out, as usual, dozens of them, sitting up on their hind legs over the doors of their houses.",Libri_2035,neutral,LibriTTS_R
raw_datasets/LibriTTS_R/Speaker_2035/2035_neutral_00_00499.wav,Otto winked at me.,Libri_2035,neutral,LibriTTS_R
raw_datasets/LibriTTS_R/Speaker_2035/2035_neutral_00_00500.wav,"Antonia came after me, crying, ""O Jimmy, he not bite you?",Libri_2035,neutral,LibriTTS_R
raw_datasets/LibriTTS_R/Speaker_2035/2035_neutral_00_00501.wav,"I had been adequately armed by Russian peter; the snake was old and lazy; and I had Antonia beside me, to appreciate and admire.",Libri_2035,neutral,LibriTTS_R
raw_datasets/LibriTTS_R/Speaker_2035/2035_neutral_00_00502.wav,"I saw his coils tighten-now he would spring, spring his length, I remembered.",Libri_2035,neutral,LibriTTS_R
raw_datasets/LibriTTS_R/Speaker_2035/2035_neutral_00_00503.wav,"He is all over Jimmy's boots. I scream for him to run, but he just hit and hit that snake like he was crazy.""",Libri_2035,neutral,LibriTTS_R
raw_datasets/LibriTTS_R/Speaker_2035/2035_neutral_00_00504.wav,"As we rode away with the spade, Antonia suggested that we stop at the prairie dog town and dig into one of the holes.",Libri_2035,neutral,LibriTTS_R
raw_datasets/LibriTTS_R/Speaker_2035/2035_neutral_00_00505.wav,"We might get some puppies, or owl eggs, or snake skins.",Libri_2035,neutral,LibriTTS_R
raw_datasets/LibriTTS_R/Speaker_2035/2035_neutral_00_00506.wav,"Within a week all the blooming roads had been despoiled-hundreds of miles of yellow sunflowers had been transformed into brown, rattling, burry stalks.",Libri_2035,neutral,LibriTTS_R
raw_datasets/LibriTTS_R/Speaker_2035/2035_neutral_00_00507.wav,"I offered to take her on the pony, and she got up behind me.",Libri_2035,neutral,LibriTTS_R
raw_datasets/LibriTTS_R/Speaker_2035/2035_neutral_00_00508.wav,"We decided that Antonia should ride Dude home, and I would walk.",Libri_2035,neutral,LibriTTS_R
raw_datasets/LibriTTS_R/Speaker_2035/2035_neutral_00_00509.wav,"He seemed like the ancient, eldest Evil. Certainly his kind have left horrible unconscious memories in all warm blooded life.",Libri_2035,neutral,LibriTTS_R
raw_datasets/LibriTTS_R/Speaker_2035/2035_neutral_00_00510.wav,"You might have told me there was a snake behind me!"" I said petulantly.",Libri_2035,neutral,LibriTTS_R
raw_datasets/LibriTTS_R/Speaker_2035/2035_neutral_00_00511.wav,Otto Fuchs was the first one we met.,Libri_2035,neutral,LibriTTS_R
raw_datasets/LibriTTS_R/Speaker_2035/2035_neutral_00_00512.wav,"Even after I had pounded his ugly head flat, his body kept on coiling and winding, doubling and falling back on itself.",Libri_2035,neutral,LibriTTS_R
raw_datasets/LibriTTS_R/Speaker_2035/2035_neutral_00_00513.wav,Now we take that snake home and show everybody.,Libri_2035,neutral,LibriTTS_R
raw_datasets/LibriTTS_R/Speaker_2035/2035_neutral_00_00514.wav,"A faint, fetid smell came from him, and a thread of green liquid oozed from his crushed head.",Libri_2035,neutral,LibriTTS_R
raw_datasets/LibriTTS_R/Speaker_2035/2035_neutral_00_00515.wav,"When we dragged him down into the draw, Dude sprang off to the end of his tether and shivered all over-would n't let us come near him.",Libri_2035,neutral,LibriTTS_R
raw_datasets/LibriTTS_R/Speaker_2035/2035_neutral_00_00516.wav,"She was four years older than I, to be sure, and had seen more of the world; but I was a boy and she was a girl, and I resented her protecting manner.",Libri_2035,neutral,LibriTTS_R
raw_datasets/LibriTTS_R/Speaker_2035/2035_neutral_00_00517.wav,"""We'd been up to Russian Peter's, to borrow a spade for Ambrosch.""",Libri_2035,neutral,LibriTTS_R
raw_datasets/LibriTTS_R/Speaker_2035/2035_neutral_00_00518.wav,"Antonia, barefooted as she was, ran up behind me.",Libri_2035,neutral,LibriTTS_R
raw_datasets/LibriTTS_R/Speaker_2035/2035_neutral_00_00519.wav,"""Up at the dog town,"" I answered laconically.",Libri_2035,neutral,LibriTTS_R
raw_datasets/LibriTTS_R/Speaker_2035/2035_neutral_00_00520.wav,This was enough for Antonia.,Libri_2035,neutral,LibriTTS_R
raw_datasets/LibriTTS_R/Speaker_2035/2035_neutral_00_00521.wav,peter could give no very clear account of his transactions with Cutter.,Libri_2035,neutral,LibriTTS_R
raw_datasets/LibriTTS_R/Speaker_2035/2035_neutral_00_00522.wav,"She asked peter to wait a moment, and when she came back from the kitchen she brought a bag of sandwiches and doughnuts for us.",Libri_2035,neutral,LibriTTS_R
raw_datasets/LibriTTS_R/Speaker_2035/2035_neutral_00_00523.wav,"We burrowed down in the straw and curled up close together, watching the angry red die out of the west and the stars begin to shine in the clear, windy sky.",Libri_2035,neutral,LibriTTS_R
raw_datasets/LibriTTS_R/Speaker_2035/2035_neutral_00_00524.wav,We lay still and did not talk.,Libri_2035,neutral,LibriTTS_R
raw_datasets/LibriTTS_R/Speaker_2035/2035_neutral_00_00525.wav,"Though we had come from such different parts of the world, in both of us there was some dusky superstition that those shining groups have their influence upon what is and what is not to be.",Libri_2035,neutral,LibriTTS_R
raw_datasets/LibriTTS_R/Speaker_2035/2035_neutral_00_00526.wav,"Perhaps Russian peter, come from farther away than any of us, had brought from his land, too, some such belief.",Libri_2035,neutral,LibriTTS_R
raw_datasets/LibriTTS_R/Speaker_2035/2035_neutral_00_00527.wav,"His shirt was hanging open, and his emaciated chest, covered with yellow bristle, rose and fell horribly.",Libri_2035,neutral,LibriTTS_R
raw_datasets/LibriTTS_R/Speaker_2035/2035_neutral_00_00528.wav,"""It's awful, what he says!""",Libri_2035,neutral,LibriTTS_R
raw_datasets/LibriTTS_R/Speaker_2035/2035_neutral_00_00529.wav,At last he was shut off by a coughing fit which fairly choked him.,Libri_2035,neutral,LibriTTS_R
raw_datasets/LibriTTS_R/Speaker_2035/2035_neutral_00_00530.wav,Antonia's father uncovered one of his long bony legs and rubbed it rhythmically.,Libri_2035,neutral,LibriTTS_R
raw_datasets/LibriTTS_R/Speaker_2035/2035_neutral_00_00531.wav,It was in the dead of winter and the groom's party went over to the wedding in sledges.,Libri_2035,neutral,LibriTTS_R
raw_datasets/LibriTTS_R/Speaker_2035/2035_neutral_00_00532.wav,The dinner lasted all afternoon; then it became a supper and continued far into the night.,Libri_2035,neutral,LibriTTS_R
raw_datasets/LibriTTS_R/Speaker_2035/2035_neutral_00_00533.wav,"All the drivers were more or less the worse for merry making, and the groom was absorbed in his bride.",Libri_2035,neutral,LibriTTS_R
raw_datasets/LibriTTS_R/Speaker_2035/2035_neutral_00_00534.wav,The first howls were taken up and echoed and with quickening repetitions.,Libri_2035,neutral,LibriTTS_R
raw_datasets/LibriTTS_R/Speaker_2035/2035_neutral_00_00535.wav,A black drove came up over the hill behind the wedding party.,Libri_2035,neutral,LibriTTS_R
raw_datasets/LibriTTS_R/Speaker_2035/2035_neutral_00_00536.wav,Another driver lost control.,Libri_2035,neutral,LibriTTS_R
raw_datasets/LibriTTS_R/Speaker_2035/2035_neutral_00_00537.wav,It was only necessary to be calm and to guide them carefully.,Libri_2035,neutral,LibriTTS_R
raw_datasets/LibriTTS_R/Speaker_2035/2035_neutral_00_00538.wav,"Pavel reached the brow of the hill, but only two sledges followed him down the other side.",Libri_2035,neutral,LibriTTS_R
raw_datasets/LibriTTS_R/Speaker_2035/2035_neutral_00_00539.wav,"The black ground shadows were already crowding over the heap in the road, and one horse ran out across the fields, his harness hanging to him, wolves at his heels.",Libri_2035,neutral,LibriTTS_R
raw_datasets/LibriTTS_R/Speaker_2035/2035_neutral_00_00540.wav,But the groom's movement had given Pavel an idea.,Libri_2035,neutral,LibriTTS_R
raw_datasets/LibriTTS_R/Speaker_2035/2035_neutral_00_00541.wav,"They tried to jump over each other, got tangled up in the harness, and overturned the sledge.",Libri_2035,neutral,LibriTTS_R
raw_datasets/LibriTTS_R/Speaker_2035/2035_neutral_00_00542.wav,Pavel gave peter the reins and stepped carefully into the back of the sledge.,Libri_2035,neutral,LibriTTS_R
raw_datasets/LibriTTS_R/Speaker_2035/2035_neutral_00_00543.wav,"Pavel and peter drove into the village alone, and they had been alone ever since.",Libri_2035,neutral,LibriTTS_R
raw_datasets/LibriTTS_R/Speaker_2035/2035_neutral_00_00544.wav,"The ruddy windows guided us-the light from the kitchen stove, for there was no lamp burning.",Libri_2035,neutral,LibriTTS_R
raw_datasets/LibriTTS_R/Speaker_2035/2035_neutral_00_00545.wav,At midnight the parents of the bride said good bye to her and blessed her.,Libri_2035,neutral,LibriTTS_R
raw_datasets/LibriTTS_R/Speaker_2035/2035_neutral_00_00546.wav,"Pavel died a few days after he unburdened his mind to mr Shimerda, and was buried in the Norwegian graveyard.",Libri_2035,neutral,LibriTTS_R
raw_datasets/LibriTTS_R/Speaker_2035/2035_neutral_00_00547.wav,"On the way home, when we were lying in the straw, under the jolting and rattling Antonia told me as much of the story as she could.",Libri_2035,neutral,LibriTTS_R
raw_datasets/LibriTTS_R/Speaker_2035/2035_neutral_00_00548.wav,I could not take my eyes off the man in the bed.,Libri_2035,neutral,LibriTTS_R
raw_datasets/LibriTTS_R/Speaker_2035/2035_neutral_00_00549.wav,They were within a few miles of their village now.,Libri_2035,neutral,LibriTTS_R
raw_datasets/LibriTTS_R/Speaker_2035/2035_neutral_00_00550.wav,That sharp backbone must have hurt him when he lay on it.,Libri_2035,neutral,LibriTTS_R
raw_datasets/LibriTTS_R/Speaker_2035/2035_neutral_00_00551.wav,mr Shimerda and peter were on the front seat; Antonia and I sat in the straw behind and ate our lunch as we bumped along.,Libri_2035,neutral,LibriTTS_R
raw_datasets/LibriTTS_R/Speaker_2035/2035_neutral_00_00552.wav,Pavel called for something and struggled up on his elbow.,Libri_2035,neutral,LibriTTS_R
raw_datasets/LibriTTS_R/Speaker_2035/2035_neutral_00_00553.wav,"He saw his father's sledge overturned, with his mother and sisters.",Libri_2035,neutral,LibriTTS_R
raw_datasets/LibriTTS_R/Speaker_2035/2035_neutral_00_00554.wav,This cabin was his hermitage until the winter snows penned him in his cave.,Libri_2035,neutral,LibriTTS_R
raw_datasets/LibriTTS_R/Speaker_2035/2035_neutral_00_00555.wav,Beside a frozen pond something happened to the other sledge; peter saw it plainly.,Libri_2035,neutral,LibriTTS_R
raw_datasets/LibriTTS_R/Speaker_2035/2035_neutral_00_00556.wav,The young man cursed him and held her tighter.,Libri_2035,neutral,LibriTTS_R
raw_datasets/LibriTTS_R/Speaker_2035/2035_neutral_00_00557.wav,"Gradually, relief came to all of us.",Libri_2035,neutral,LibriTTS_R
raw_datasets/LibriTTS_R/Speaker_2035/2035_neutral_00_00558.wav,Pavel knocked him over the side of the sledge and threw the girl after him.,Libri_2035,neutral,LibriTTS_R
raw_datasets/LibriTTS_R/Speaker_2035/2035_neutral_00_00559.wav,"""And the wolves?"" Pavel asked.",Libri_2035,neutral,LibriTTS_R
raw_datasets/LibriTTS_R/Speaker_2035/2035_neutral_00_00560.wav,The drivers stood up and lashed their horses.,Libri_2035,neutral,LibriTTS_R
raw_datasets/LibriTTS_R/Speaker_2035/2035_neutral_00_00561.wav,"""Twenty, thirty-enough.""",Libri_2035,neutral,LibriTTS_R
raw_datasets/LibriTTS_R/Speaker_2035/2035_neutral_00_00562.wav,From our bench we could see what a hollow case his body was.,Libri_2035,neutral,LibriTTS_R
raw_datasets/LibriTTS_R/Speaker_2035/2035_neutral_00_00563.wav,Quickly it was covered with bright red spots-I thought I had never seen any blood so bright.,Libri_2035,neutral,LibriTTS_R
raw_datasets/LibriTTS_R/Speaker_2035/2035_neutral_00_00564.wav,"Pavel tried to drag her away. In the struggle, the groom rose.",Libri_2035,neutral,LibriTTS_R
raw_datasets/LibriTTS_R/Speaker_2035/2035_neutral_00_00565.wav,"The wolves were bad that winter, and every one knew it, yet when they heard the first wolf cry, the drivers were not much alarmed.",Libri_2035,neutral,LibriTTS_R
raw_datasets/LibriTTS_R/Speaker_2035/2035_neutral_00_00566.wav,"""There are only three sledges left,"" he whispered.",Libri_2035,neutral,LibriTTS_R
raw_datasets/LibriTTS_R/Speaker_2035/2035_neutral_00_00567.wav,His spine and shoulder blades stood out like the bones under the hide of a dead steer left in the fields.,Libri_2035,neutral,LibriTTS_R
raw_datasets/LibriTTS_R/Speaker_2035/2035_neutral_00_00568.wav,He called to the groom that they must lighten-and pointed to the bride.,Libri_2035,neutral,LibriTTS_R
raw_datasets/LibriTTS_R/Speaker_2035/2035_neutral_00_00569.wav,"mr Shimerda caught him by the shoulders, but could hardly hold him in bed.",Libri_2035,neutral,LibriTTS_R
raw_datasets/LibriTTS_R/Speaker_2035/2035_neutral_00_00570.wav,"His eyes followed peter about the room with a contemptuous, unfriendly expression.",Libri_2035,neutral,LibriTTS_R
raw_datasets/LibriTTS_R/Speaker_2035/2035_neutral_00_00571.wav,There was much dancing and drinking.,Libri_2035,neutral,LibriTTS_R
raw_datasets/LibriTTS_R/Speaker_2035/2035_neutral_00_00572.wav,"""Yes.""",Libri_2035,neutral,LibriTTS_R
raw_datasets/LibriTTS_R/Speaker_2035/2035_neutral_00_00573.wav,"Just as they were leaving, Russian peter drove up.",Libri_2035,neutral,LibriTTS_R
raw_datasets/LibriTTS_R/Speaker_2035/2035_neutral_00_00574.wav,"After the ceremony at the church, the party went to a dinner given by the parents of the bride.",Libri_2035,neutral,LibriTTS_R
raw_datasets/LibriTTS_R/Speaker_2035/2035_neutral_00_00575.wav,Without a word peter got up and lit his lantern.,Libri_2035,neutral,LibriTTS_R
raw_datasets/LibriTTS_R/Speaker_2035/2035_neutral_00_00576.wav,"During the auction he went about with his head down, and never lifted his eyes. He seemed not to care about anything.",Libri_2035,neutral,LibriTTS_R
raw_datasets/LibriTTS_R/Speaker_2035/2035_neutral_00_00577.wav,He began to cough.,Libri_2035,neutral,LibriTTS_R
raw_datasets/LibriTTS_R/Speaker_2035/2035_neutral_00_00578.wav,The sick man raged and shook his fist.,Libri_2035,neutral,LibriTTS_R
raw_datasets/LibriTTS_R/Speaker_2035/2035_neutral_00_00579.wav,The shrieks that followed made everybody sober.,Libri_2035,neutral,LibriTTS_R
raw_datasets/LibriTTS_R/Speaker_2035/2035_neutral_00_00580.wav,"The road was clear and white, and the groom's three blacks went like the wind.",Libri_2035,neutral,LibriTTS_R
raw_datasets/LibriTTS_R/Speaker_2035/2035_neutral_00_00581.wav,Up there the stars grew magnificently bright.,Libri_2035,neutral,LibriTTS_R
raw_datasets/LibriTTS_R/Speaker_2035/2035_neutral_00_00582.wav,"The loss of his two friends had a depressing effect upon old mr Shimerda. When he was out hunting, he used to go into the empty log house and sit there, brooding.",Libri_2035,neutral,LibriTTS_R
raw_datasets/LibriTTS_R/Speaker_2035/2035_neutral_00_00583.wav,"The coyotes broke out again; yap, yap, yap-then the high whine.",Libri_2035,neutral,LibriTTS_R
raw_datasets/LibriTTS_R/Speaker_2035/2035_neutral_00_00584.wav,"peter shuffled to his feet, caught up the tea kettle and mixed him some hot water and whiskey.",Libri_2035,neutral,LibriTTS_R
raw_datasets/LibriTTS_R/Speaker_2035/2035_neutral_00_00585.wav,"""It's wolves, Jimmy,"" Antonia whispered.",Libri_2035,neutral,LibriTTS_R
raw_datasets/LibriTTS_R/Speaker_2035/2035_neutral_00_00586.wav,"Presently, in one of those sobbing intervals between the blasts, the coyotes tuned up with their whining howl; one, two, three, then all together-to tell us that winter was coming.",Libri_2035,neutral,LibriTTS_R
raw_datasets/LibriTTS_R/Speaker_2035/2035_neutral_00_00587.wav,"He sprang up as if he meant to jump, but the girl shrieked and held him back.",Libri_2035,neutral,LibriTTS_R
raw_datasets/LibriTTS_R/Speaker_2035/2035_neutral_00_00588.wav,"""They still come?"" he asked peter.",Libri_2035,neutral,LibriTTS_R
raw_datasets/LibriTTS_R/Speaker_2035/2035_neutral_00_00589.wav,The firelight flickered on the hewn logs that supported the thatch overhead.,Libri_2035,neutral,LibriTTS_R
raw_datasets/LibriTTS_R/Speaker_2035/2035_neutral_00_00590.wav,At his sale we bought Peter's wheelbarrow and some of his harness.,Libri_2035,neutral,LibriTTS_R
raw_datasets/LibriTTS_R/Speaker_2035/2035_neutral_00_00591.wav,"Soon after peter renewed his note, Pavel strained himself lifting timbers for a new barn, and fell over among the shavings with such a gush of blood from the lungs that his fellow workmen thought he would die on the spot. They hauled him home and put him into his bed, and there he lay, very ill indeed.",Libri_2035,neutral,LibriTTS_R
raw_datasets/LibriTTS_R/Speaker_2035/2035_neutral_00_00592.wav,Now everything was plastered with mortgages.,Libri_2035,neutral,LibriTTS_R
raw_datasets/LibriTTS_R/Speaker_2035/2035_neutral_00_00593.wav,"Whatever it was, the worst was over. mr Shimerda signed to us that Pavel was asleep.",Libri_2035,neutral,LibriTTS_R
raw_datasets/LibriTTS_R/Speaker_2035/2035_neutral_00_00594.wav,"It took them five years to save money enough to come to America. They worked in Chicago, Des Moines, Fort Wayne, but they were always unfortunate.",Libri_2035,neutral,LibriTTS_R
raw_datasets/LibriTTS_R/Speaker_2035/2035_neutral_00_00595.wav,"One afternoon Antonia and her father came over to our house to get buttermilk, and lingered, as they usually did, until the sun was low.",Libri_2035,neutral,LibriTTS_R
raw_datasets/LibriTTS_R/Speaker_2035/2035_neutral_00_00596.wav,Now his middle horse was being almost dragged by the other two.,Libri_2035,neutral,LibriTTS_R
raw_datasets/LibriTTS_R/Speaker_2035/2035_neutral_00_00597.wav,He was sitting on the floor by the kitchen stove.,Libri_2035,neutral,LibriTTS_R
raw_datasets/LibriTTS_R/Speaker_2035/2035_neutral_00_00598.wav,"Presently Pavel began to talk to mr Shimerda, scarcely above a whisper. He was telling a long story, and as he went on, Antonia took my hand under the table and held it tight.",Libri_2035,neutral,LibriTTS_R
raw_datasets/LibriTTS_R/Speaker_2035/2035_neutral_00_00599.wav,"What she did not tell me then, she told later; we talked of nothing else for days afterward.",Libri_2035,neutral,LibriTTS_R
raw_datasets/LibriTTS_R/Speaker_2035/2035_neutral_00_00600.wav,"They made me think of defeated armies, retreating; or of ghosts who were trying desperately to get in for shelter, and then went moaning on.",Libri_2035,neutral,LibriTTS_R
raw_datasets/LibriTTS_R/Speaker_2035/2035_neutral_00_00601.wav,"For Antonia and me, the story of the wedding party was never at an end.",Libri_2035,neutral,LibriTTS_R
raw_datasets/LibriTTS_R/Speaker_2035/2035_neutral_00_00602.wav,"At length, as they breasted a long hill, peter rose cautiously and looked back.",Libri_2035,neutral,LibriTTS_R
raw_datasets/LibriTTS_R/Speaker_2035/2035_neutral_00_00603.wav,"The wind shook the doors and windows impatiently, then swept on again, singing through the big spaces.",Libri_2035,neutral,LibriTTS_R
raw_datasets/LibriTTS_R/Speaker_2035/2035_neutral_00_00604.wav,"Wherever they went, the story followed them.",Libri_2035,neutral,LibriTTS_R
raw_datasets/LibriTTS_R/Speaker_2035/2035_neutral_00_00605.wav,"When Pavel and peter were young men, living at home in Russia, they were asked to be groomsmen for a friend who was to marry the belle of another village.",Libri_2035,neutral,LibriTTS_R
raw_datasets/LibriTTS_R/Speaker_2035/2035_neutral_00_00606.wav,"Misfortune seemed to settle like an evil bird on the roof of the log house, and to flap its wings there, warning human beings away.",Libri_2035,neutral,LibriTTS_R
raw_datasets/LibriTTS_R/Speaker_2035/2035_neutral_00_00607.wav,"After the sun sank, a cold wind sprang up and moaned over the prairie.",Libri_2035,neutral,LibriTTS_R
raw_datasets/LibriTTS_R/Speaker_2035/2035_neutral_00_00608.wav,"He only knew that he had first borrowed two hundred dollars, then another hundred, then fifty-that each time a bonus was added to the principal, and the debt grew faster than any crop he planted.",Libri_2035,neutral,LibriTTS_R
raw_datasets/LibriTTS_R/Speaker_2035/2035_neutral_00_00609.wav,The Russians had such bad luck that people were afraid of them and liked to put them out of mind.,Libri_2035,neutral,LibriTTS_R
raw_datasets/LibriTTS_R/Speaker_2035/2035_neutral_00_00610.wav,They had too much good food and drink inside them.,Libri_2035,neutral,LibriTTS_R
raw_datasets/LibriTTS_R/Speaker_2035/2035_neutral_00_00611.wav,Pavel sat still and watched his horses.,Libri_2035,neutral,LibriTTS_R
raw_datasets/LibriTTS_R/Speaker_2035/2035_neutral_00_00612.wav,"peter told his troubles to mr Shimerda: he was unable to meet a note which fell due on the first of November; had to pay an exorbitant bonus on renewing it, and to give a mortgage on his pigs and horses and even his milk cow.",Libri_2035,neutral,LibriTTS_R
raw_datasets/LibriTTS_R/Speaker_2035/2035_neutral_00_00613.wav,"Enough for all of us.""",Libri_2035,neutral,LibriTTS_R
raw_datasets/LibriTTS_R/Speaker_2035/2035_neutral_00_00614.wav,"They went away to strange towns, but when people learned where they came from, they were always asked if they knew the two men who had fed the bride to the wolves.",Libri_2035,neutral,LibriTTS_R
raw_datasets/LibriTTS_R/Speaker_2035/2035_neutral_00_00615.wav,"Pavel was very bad, he said, and wanted to talk to mr Shimerda and his daughter; he had come to fetch them.",Libri_2035,neutral,LibriTTS_R
raw_datasets/LibriTTS_R/Speaker_2035/2035_neutral_00_00616.wav,The sharp smell of spirits went through the room.,Libri_2035,neutral,LibriTTS_R
raw_datasets/LibriTTS_R/Speaker_2035/2035_neutral_00_00617.wav,"The wolves ran like streaks of shadow; they looked no bigger than dogs, but there were hundreds of them.",Libri_2035,neutral,LibriTTS_R
raw_datasets/LibriTTS_R/Speaker_2035/2035_neutral_00_00618.wav,"My plan must have seemed very foolish to her, but she was often large minded about humoring the desires of other people.",Libri_2035,neutral,LibriTTS_R
raw_datasets/LibriTTS_R/Speaker_2035/2035_neutral_00_00619.wav,"He lay patiently fighting for breath, like a child with croup.",Libri_2035,neutral,LibriTTS_R
raw_datasets/LibriTTS_R/Speaker_2035/2035_neutral_00_00620.wav,"The Black Hawk money lender who held mortgages on Peter's live stock was there, and he bought in the sale notes at about fifty cents on the dollar.",Libri_2035,neutral,LibriTTS_R
raw_datasets/LibriTTS_R/Speaker_2035/2035_neutral_00_00621.wav,Presently the groom screamed.,Libri_2035,neutral,LibriTTS_R
raw_datasets/LibriTTS_R/Speaker_2035/2035_neutral_00_00622.wav,"The wolves were coming together. There was no moon, but the starlight was clear on the snow.",Libri_2035,neutral,LibriTTS_R
raw_datasets/LibriTTS_R/Speaker_2035/2035_neutral_00_00623.wav,"Each gust, as it bore down, rattled the panes, and swelled off like the others.",Libri_2035,neutral,LibriTTS_R
raw_datasets/LibriTTS_R/Speaker_2035/2035_neutral_00_00624.wav,"Pavel made a rasping sound when he breathed, and he kept moaning.",Libri_2035,neutral,LibriTTS_R
raw_datasets/LibriTTS_R/Speaker_2035/2035_neutral_00_00625.wav,The little house on the hillside was so much the color of the night that we could not see it as we came up the draw.,Libri_2035,neutral,LibriTTS_R
raw_datasets/LibriTTS_R/Speaker_2035/2035_neutral_00_00626.wav,"He grew more and more excited, and kept pointing all around his bed, as if there were things there and he wanted mr Shimerda to see them.",Libri_2035,neutral,LibriTTS_R
raw_datasets/LibriTTS_R/Speaker_2035/2035_neutral_00_00627.wav,"He sprang in beside her, and Pavel and peter (our Pavel and peter!) took the front seat.",Libri_2035,neutral,LibriTTS_R
raw_datasets/LibriTTS_R/Speaker_2035/2035_neutral_00_00628.wav,"Three big wolves got abreast of the horses, and the horses went crazy.",Libri_2035,neutral,LibriTTS_R
raw_datasets/LibriTTS_R/Speaker_2035/2035_neutral_00_00629.wav,"peter sold off everything, and left the country-went to be cook in a railway construction camp where gangs of Russians were employed.",Libri_2035,neutral,LibriTTS_R
raw_datasets/LibriTTS_R/Speaker_2035/2035_neutral_00_00630.wav,"Pavel snatched the cup and drank, then made peter give him the bottle and slipped it under his pillow, grinning disagreeably, as if he had outwitted some one.",Libri_2035,neutral,LibriTTS_R
raw_datasets/LibriTTS_R/Speaker_2035/2035_neutral_00_00631.wav,"I did not see him do it, but this I know: after all his furniture and his cook stove and pots and pans had been hauled off by the purchasers, when his house was stripped and bare, he sat down on the floor with his clasp knife and ate all the melons that he had put away for winter.",Libri_2035,neutral,LibriTTS_R
raw_datasets/LibriTTS_R/Speaker_2035/2035_neutral_00_00632.wav,The groom had the best team and his sledge was lightest-all the others carried from six to a dozen people.,Libri_2035,neutral,LibriTTS_R
raw_datasets/LibriTTS_R/Speaker_2035/2035_neutral_00_00633.wav,peter kept sighing and groaning.,Libri_2035,neutral,LibriTTS_R
raw_datasets/LibriTTS_R/Speaker_2035/2035_neutral_00_00634.wav,"peter, crouching in the front seat, saw nothing.",Libri_2035,neutral,LibriTTS_R
raw_datasets/LibriTTS_R/Speaker_2035/2035_neutral_00_00635.wav,Tony whispered to me that he was afraid Pavel would never get well.,Libri_2035,neutral,LibriTTS_R
raw_datasets/LibriTTS_R/Speaker_2035/2035_neutral_00_00636.wav,"WHILE the autumn color was growing pale on the grass and cornfields, things went badly with our friends the Russians.",Libri_2035,neutral,LibriTTS_R
raw_datasets/LibriTTS_R/Speaker_2035/2035_neutral_00_00637.wav,We entered softly.,Libri_2035,neutral,LibriTTS_R
raw_datasets/LibriTTS_R/Speaker_2035/2035_neutral_00_00638.wav,"We sat and watched the long bowed back under the blue sheet, scarcely daring to breathe.",Libri_2035,neutral,LibriTTS_R
raw_datasets/LibriTTS_R/Speaker_1673/1673_neutral_00_00639.wav,"When the memory of Chrysostom was restored and consecrated, the nephew of Theophilus, at the head of a dying faction, still maintained the justice of his sentence; nor was it till after a tedious delay and an obstinate resistance, that he yielded to the consent of the Catholic world.",Libri_1673,neutral,LibriTTS_R
raw_datasets/LibriTTS_R/Speaker_1673/1673_neutral_00_00640.wav,"At these blasphemous sounds, the pillars of the sanctuary were shaken.",Libri_1673,neutral,LibriTTS_R
raw_datasets/LibriTTS_R/Speaker_1673/1673_neutral_00_00641.wav,"Candidian, in the emperor's name, requested a delay of four days; the profane magistrate was driven with outrage and insult from the assembly of the saints.",Libri_1673,neutral,LibriTTS_R
raw_datasets/LibriTTS_R/Speaker_1673/1673_neutral_00_00642.wav,"Perhaps he might plead the insolence of their prosperity, and their deadly hatred of the Christians, whose blood they had recently shed in a malicious or accidental tumult.",Libri_1673,neutral,LibriTTS_R
raw_datasets/LibriTTS_R/Speaker_1673/1673_neutral_00_00643.wav,"The patience of the meek Theodosius was provoked; and he dissolved in anger this episcopal tumult, which at the distance of thirteen centuries assumes the venerable aspect of the third oecumenical council.",Libri_1673,neutral,LibriTTS_R
raw_datasets/LibriTTS_R/Speaker_1673/1673_neutral_00_00644.wav,"Ephesus, the city of the Virgin, was defiled with rage and clamor, with sedition and blood; the rival synods darted anathemas and excommunications from their spiritual engines; and the court of Theodosius was perplexed by the adverse and contradictory narratives of the Syrian and Egyptian factions.",Libri_1673,neutral,LibriTTS_R
raw_datasets/LibriTTS_R/Speaker_1673/1673_neutral_00_00645.wav,"The toleration, and even the privileges of the Jews, who had multiplied to the number of forty thousand, were secured by the laws of the Caesars and Ptolemies, and a long prescription of seven hundred years since the foundation of Alexandria.",Libri_1673,neutral,LibriTTS_R
raw_datasets/LibriTTS_R/Speaker_1673/1673_neutral_00_00646.wav,On either side of the Hellespont his episcopal vigor imposed a rigid formulary of faith and discipline; a chronological error concerning the festival of Easter was punished as an offence against the church and state.,Libri_1673,neutral,LibriTTS_R
raw_datasets/LibriTTS_R/Speaker_1673/1673_neutral_00_00647.wav,"He attempted to remove or intimidate the leaders by a common sentence, of acquittal or condemnation; he invested his representatives at Ephesus with ample power and military force; he summoned from either party eight chosen deputies to a free and candid conference in the neighborhood of the capital, far from the contagion of popular frenzy.",Libri_1673,neutral,LibriTTS_R
raw_datasets/LibriTTS_R/Speaker_1673/1673_neutral_00_00648.wav,"The interdiction of their religious worship appeared in his eyes a just and meritorious act; and he confiscated their holy vessels, without apprehending the guilt of sacrilege.",Libri_1673,neutral,LibriTTS_R
raw_datasets/LibriTTS_R/Speaker_1673/1673_neutral_00_00649.wav,"The troops, under the command of Candidian, advanced to the assault; the outguards were routed and put to the sword, but the place was impregnable: the besiegers retired; their retreat was pursued by a vigorous sally; they lost their horses, and many of their soldiers were dangerously wounded with clubs and stones.",Libri_1673,neutral,LibriTTS_R
raw_datasets/LibriTTS_R/Speaker_1673/1673_neutral_00_00650.wav,"In a chamber of the inn, before he had wiped the dust from his shoes, john of Antioch gave audience to Candidian, the Imperial minister; who related his ineffectual efforts to prevent or to annul the hasty violence of the Egyptian.",Libri_1673,neutral,LibriTTS_R
raw_datasets/LibriTTS_R/Speaker_1673/1673_neutral_00_00651.wav,"From the East, more especially from Antioch, he obtained the ambiguous counsels of toleration and silence, which were addressed to both parties while they favored the cause of Nestorius.",Libri_1673,neutral,LibriTTS_R
raw_datasets/LibriTTS_R/Speaker_1673/1673_neutral_00_00652.wav,His providence will discern and punish the guilty.,Libri_1673,neutral,LibriTTS_R
raw_datasets/LibriTTS_R/Speaker_1673/1673_neutral_00_00653.wav,"""Give me, O Caesar!"" he exclaimed, ""give me the earth purged of heretics, and I will give you in exchange the kingdom of heaven.",Libri_1673,neutral,LibriTTS_R
raw_datasets/LibriTTS_R/Speaker_1673/1673_neutral_00_00654.wav,But the Vatican received with open arms the messengers of Egypt.,Libri_1673,neutral,LibriTTS_R
raw_datasets/LibriTTS_R/Speaker_1673/1673_neutral_00_00655.wav,"Unarmed and unprepared, the Jews were incapable of resistance; their houses of prayer were levelled with the ground, and the episcopal warrior, after rewarding his troops with the plunder of their goods, expelled from the city the remnant of the unbelieving nation.",Libri_1673,neutral,LibriTTS_R
raw_datasets/LibriTTS_R/Speaker_1673/1673_neutral_00_00656.wav,"The whole of this momentous transaction was crowded into the compass of a summer's day: the bishops delivered their separate opinions; but the uniformity of style reveals the influence or the hand of a master, who has been accused of corrupting the public evidence of their acts and subscriptions.",Libri_1673,neutral,LibriTTS_R
raw_datasets/LibriTTS_R/Speaker_1673/1673_neutral_00_00657.wav,"Such honors might incite the faithful to combat and die under the banners of the saint; and he soon prompted, or accepted, the sacrifice of a virgin, who professed the religion of the Greeks, and cultivated the friendship of Orestes.",Libri_1673,neutral,LibriTTS_R
raw_datasets/LibriTTS_R/Speaker_1673/1673_neutral_00_00658.wav,"Sixty eight bishops, twenty two of metropolitan rank, defended his cause by a modest and temperate protest: they were excluded from the councils of their brethren.",Libri_1673,neutral,LibriTTS_R
raw_datasets/LibriTTS_R/Speaker_1673/1673_neutral_00_00659.wav,"But the Orientals refused to yield, and the Catholics, proud of their numbers and of their Latin allies, rejected all terms of union or toleration.",Libri_1673,neutral,LibriTTS_R
raw_datasets/LibriTTS_R/Speaker_1673/1673_neutral_00_00660.wav,"During a busy period of three months, the emperor tried every method, except the most effectual means of indifference and contempt, to reconcile this theological quarrel.",Libri_1673,neutral,LibriTTS_R
raw_datasets/LibriTTS_R/Speaker_1673/1673_neutral_00_00661.wav,"At a distance from the court, and at the head of an immense capital, the patriarch, as he was now styled, of Alexandria had gradually usurped the state and authority of a civil magistrate.",Libri_1673,neutral,LibriTTS_R
raw_datasets/LibriTTS_R/Speaker_1673/1673_neutral_00_00662.wav,The prize was not unworthy of his ambition.,Libri_1673,neutral,LibriTTS_R
raw_datasets/LibriTTS_R/Speaker_1673/1673_neutral_00_00663.wav,"Return to your provinces, and may your private virtues repair the mischief and scandal of your meeting."" They returned to their provinces; but the same passions which had distracted the synod of Ephesus were diffused over the Eastern world.",Libri_1673,neutral,LibriTTS_R
raw_datasets/LibriTTS_R/Speaker_1673/1673_neutral_00_00664.wav,"After the short and troubled reign of Sisinnius, bishop of Constantinople, the factions of the clergy and people were appeased by the choice of the emperor, who, on this occasion, consulted the voice of fame, and invited the merit of a stranger.",Libri_1673,neutral,LibriTTS_R
raw_datasets/LibriTTS_R/Speaker_1673/1673_neutral_00_00665.wav,"On the fifth day, the triumph was clouded by the arrival and indignation of the Eastern bishops.",Libri_1673,neutral,LibriTTS_R
raw_datasets/LibriTTS_R/Speaker_1673/1673_neutral_00_00666.wav,"The unsuccessful competitors of Nestorius indulged their pious or personal resentment, the Byzantine clergy was secretly displeased with the intrusion of a stranger: whatever is superstitious or absurd, might claim the protection of the monks; and the people were interested in the glory of their virgin patroness.",Libri_1673,neutral,LibriTTS_R
raw_datasets/LibriTTS_R/Speaker_1673/1673_neutral_00_00667.wav,"Such crimes would have deserved the animadversion of the magistrate; but in this promiscuous outrage, the innocent were confounded with the guilty, and Alexandria was impoverished by the loss of a wealthy and industrious colony.",Libri_1673,neutral,LibriTTS_R
raw_datasets/LibriTTS_R/Speaker_1673/1673_neutral_00_00668.wav,"Nestorius, who depended on the near approach of his Eastern friends, persisted, like his predecessor Chrysostom, to disclaim the jurisdiction, and to disobey the summons, of his enemies: they hastened his trial, and his accuser presided in the seat of judgment.",Libri_1673,neutral,LibriTTS_R
raw_datasets/LibriTTS_R/Speaker_1673/1673_neutral_00_00669.wav,"It was alleged, that when Jesus was nailed to the cross, he was endowed with a miraculous apathy of mind and body, which rendered him insensible of his apparent sufferings. It was affirmed, that these momentary, though real, pangs would be abundantly repaid by the temporal reign of a thousand years reserved for the Messiah in his kingdom of the new Jerusalem.",Libri_1673,neutral,LibriTTS_R
raw_datasets/LibriTTS_R/Speaker_1673/1673_neutral_00_00670.wav,"A similar union is not inconsistent with a much higher, or even with the highest, degree of mental faculties; and the incarnation of an aeon or archangel, the most perfect of created spirits, does not involve any positive contradiction or absurdity.",Libri_1673,neutral,LibriTTS_R
raw_datasets/LibriTTS_R/Speaker_1673/1673_neutral_00_00671.wav,"But when his pure and proper divinity had been established on the ruins of Arianism, the faith of the Catholics trembled on the edge of a precipice where it was impossible to recede, dangerous to stand, dreadful to fall and the manifold inconveniences of their creed were aggravated by the sublime character of their theology.",Libri_1673,neutral,LibriTTS_R
raw_datasets/LibriTTS_R/Speaker_1673/1673_neutral_00_00672.wav,"The worthy friend of Athanasius, the worthy antagonist of Julian, he bravely wrestled with the Arians and Polytheists, and though he affected the rigor of geometrical demonstration, his commentaries revealed the literal and allegorical sense of the Scriptures.",Libri_1673,neutral,LibriTTS_R
raw_datasets/LibriTTS_R/Speaker_1673/1673_neutral_00_00673.wav,"A mystery, which had long floated in the looseness of popular belief, was defined by his perverse diligence in a technical form; and he first proclaimed the memorable words, ""One incarnate nature of Christ,"" which are still reechoed with hostile clamors in the churches of Asia, Egypt, and Aethiopia.",Libri_1673,neutral,LibriTTS_R
raw_datasets/LibriTTS_R/Speaker_1673/1673_neutral_00_00674.wav,"With the moderate Docetes, he revered Mary as the spiritual, rather than as the carnal, mother of Christ, whose body either came from heaven, impassible and incorruptible, or was absorbed, and as it were transformed, into the essence of the Deity.",Libri_1673,neutral,LibriTTS_R
raw_datasets/LibriTTS_R/Speaker_1673/1673_neutral_00_00675.wav,"The system of Apollinaris was strenuously encountered by the Asiatic and Syrian divines whose schools are honored by the names of Basil, Gregory and Chrysostom, and tainted by those of Diodorus, Theodore, and Nestorius.",Libri_1673,neutral,LibriTTS_R
raw_datasets/LibriTTS_R/Speaker_1673/1673_neutral_00_00676.wav,"Her judgment at length inclined in their favor; the heresy of Apollinaris was condemned, and the separate congregations of his disciples were proscribed by the Imperial laws.",Libri_1673,neutral,LibriTTS_R
raw_datasets/LibriTTS_R/Speaker_1673/1673_neutral_00_00677.wav,"On all sides, it was confessed, that the mode of their coexistence could neither be represented by our ideas, nor expressed by our language.",Libri_1673,neutral,LibriTTS_R
raw_datasets/LibriTTS_R/Speaker_1673/1673_neutral_00_00678.wav,"Yet a secret and incurable discord was cherished, between those who were most apprehensive of confounding, and those who were most fearful of separating, the divinity, and the humanity, of Christ. Impelled by religious frenzy, they fled with adverse haste from the error which they mutually deemed most destructive of truth and salvation.",Libri_1673,neutral,LibriTTS_R
raw_datasets/LibriTTS_R/Speaker_1673/1673_neutral_00_00679.wav,"To purge themselves from the guilt or reproach of damnable error, they disavowed their consequences, explained their principles, excused their indiscretions, and unanimously pronounced the sounds of concord and faith.",Libri_1673,neutral,LibriTTS_R
raw_datasets/LibriTTS_R/Speaker_1673/1673_neutral_00_00680.wav,"In the house of his uncle, the archbishop Theophilus, he imbibed the orthodox lessons of zeal and dominion, and five years of his youth were profitably spent in the adjacent monasteries of Nitria.",Libri_1673,neutral,LibriTTS_R
raw_datasets/LibriTTS_R/Speaker_1673/1673_neutral_00_00681.wav,"With the approbation of his uncle, he assumed the office, and acquired the fame, of a popular preacher.",Libri_1673,neutral,LibriTTS_R
raw_datasets/LibriTTS_R/Speaker_1673/1673_neutral_00_00682.wav,The death of Theophilus expanded and realized the hopes of his nephew.,Libri_1673,neutral,LibriTTS_R
raw_datasets/LibriTTS_R/Speaker_1673/1673_neutral_00_00683.wav,"Under the tuition of the abbot Serapion, he applied himself to ecclesiastical studies, with such indefatigable ardor, that in the course of one sleepless night, he has perused the four Gospels, the Catholic Epistles, and the Epistle to the romans.",Libri_1673,neutral,LibriTTS_R
raw_datasets/LibriTTS_R/Speaker_1673/1673_neutral_00_00684.wav,"He taught that the Godhead was united or mingled with the body of a man; and that the Logos, the eternal wisdom, supplied in the flesh the place and office of a human soul.",Libri_1673,neutral,LibriTTS_R
raw_datasets/LibriTTS_R/Speaker_1673/1673_neutral_00_00685.wav,"In the age of religious freedom, which was determined by the council of Nice, the dignity of Christ was measured by private judgment according to the indefinite rule of Scripture, or reason, or tradition.",Libri_1673,neutral,LibriTTS_R
raw_datasets/LibriTTS_R/Speaker_1673/1673_neutral_00_00686.wav,"In the beginning of the fifth century, the unity of the two natures was the prevailing doctrine of the church.",Libri_1673,neutral,LibriTTS_R
raw_datasets/LibriTTS_R/Speaker_1673/1673_neutral_00_00687.wav,"As soon as they beheld the twilight of sense and heresy, they started, measured back their steps, and were again involved in the gloom of impenetrable orthodoxy.",Libri_1673,neutral,LibriTTS_R
raw_datasets/LibriTTS_R/Speaker_1673/1673_neutral_00_00688.wav,"He acquiesced in the old distinction of the Greek philosophers between the rational and sensitive soul of man; that he might reserve the Logos for intellectual functions, and employ the subordinate human principle in the meaner actions of animal life.",Libri_1673,neutral,LibriTTS_R
raw_datasets/LibriTTS_R/Speaker_1673/1673_neutral_00_00689.wav,"The son of a learned grammarian, he was skilled in all the sciences of Greece; eloquence, erudition, and philosophy, conspicuous in the volumes of Apollinaris, were humbly devoted to the service of religion.",Libri_1673,neutral,LibriTTS_R
raw_datasets/LibriTTS_R/Speaker_2803/2803_neutral_00_00690.wav,STILL this wearisome voyage dragged on.,Libri_2803,neutral,LibriTTS_R
raw_datasets/LibriTTS_R/Speaker_2803/2803_neutral_00_00691.wav,"The heavy, lumpy sea strained her cordage, her timbers creaked, and she labored painfully in the trough of the sea.",Libri_2803,neutral,LibriTTS_R
raw_datasets/LibriTTS_R/Speaker_2803/2803_neutral_00_00692.wav,"They often braved the weather, and went on the poop till driven down again by the force of a sudden squall.",Libri_2803,neutral,LibriTTS_R
raw_datasets/LibriTTS_R/Speaker_2803/2803_neutral_00_00693.wav,"Then they returned to the narrow space, fitter for stowing cargo than accommodating passengers, especially ladies.",Libri_2803,neutral,LibriTTS_R
raw_datasets/LibriTTS_R/Speaker_2803/2803_neutral_00_00694.wav,"Much as they had been interested in his dissertation on the Pampas, or Australia, his lectures on New Zealand fell on cold and indifferent ears.",Libri_2803,neutral,LibriTTS_R
raw_datasets/LibriTTS_R/Speaker_2803/2803_neutral_00_00695.wav,He could not stay in one place.,Libri_2803,neutral,LibriTTS_R
raw_datasets/LibriTTS_R/Speaker_2803/2803_neutral_00_00696.wav,"john came up to him and said, ""Your Lordship is looking out for land?""",Libri_2803,neutral,LibriTTS_R
raw_datasets/LibriTTS_R/Speaker_2803/2803_neutral_00_00697.wav,Glenarvan shook his head in dissent.,Libri_2803,neutral,LibriTTS_R
raw_datasets/LibriTTS_R/Speaker_2803/2803_neutral_00_00698.wav,"""And yet,"" said the young captain, ""you must be longing to quit this vessel.",Libri_2803,neutral,LibriTTS_R
raw_datasets/LibriTTS_R/Speaker_2803/2803_neutral_00_00699.wav,"We ought to have seen the lights of Auckland thirty six hours ago.""",Libri_2803,neutral,LibriTTS_R
raw_datasets/LibriTTS_R/Speaker_2803/2803_neutral_00_00700.wav,"He still looked, and for a moment his glass was pointed toward the horizon to windward.",Libri_2803,neutral,LibriTTS_R
raw_datasets/LibriTTS_R/Speaker_2803/2803_neutral_00_00701.wav,"""Why, john?"" replied Glenarvan.",Libri_2803,neutral,LibriTTS_R
raw_datasets/LibriTTS_R/Speaker_2803/2803_neutral_00_00702.wav,"""My yacht! the DUNCAN,"" said Glenarvan, hotly.",Libri_2803,neutral,LibriTTS_R
raw_datasets/LibriTTS_R/Speaker_2803/2803_neutral_00_00703.wav,"""It must be here on these coasts, skimming these very waves, playing the vile part of a pirate! It is here, john; I am certain of it, on the track of vessels between Australia and New Zealand; and I have a presentiment that we shall fall in with her.""",Libri_2803,neutral,LibriTTS_R
raw_datasets/LibriTTS_R/Speaker_2803/2803_neutral_00_00704.wav,"""God keep us from such a meeting!""",Libri_2803,neutral,LibriTTS_R
raw_datasets/LibriTTS_R/Speaker_2803/2803_neutral_00_00705.wav,"""Why, john?""",Libri_2803,neutral,LibriTTS_R
raw_datasets/LibriTTS_R/Speaker_2803/2803_neutral_00_00706.wav,"""Your Lordship forgets our position.",Libri_2803,neutral,LibriTTS_R
raw_datasets/LibriTTS_R/Speaker_2803/2803_neutral_00_00707.wav,"""Fly, john?""",Libri_2803,neutral,LibriTTS_R
raw_datasets/LibriTTS_R/Speaker_2803/2803_neutral_00_00708.wav,"We should be taken, delivered up to the mercy of those wretches, and Ben Joyce has shown us that he does not stop at a crime!",Libri_2803,neutral,LibriTTS_R
raw_datasets/LibriTTS_R/Speaker_2803/2803_neutral_00_00709.wav,Our lives would be worth little.,Libri_2803,neutral,LibriTTS_R
raw_datasets/LibriTTS_R/Speaker_2803/2803_neutral_00_00710.wav,"Think of Lady Glenarvan; think of Mary Grant!""",Libri_2803,neutral,LibriTTS_R
raw_datasets/LibriTTS_R/Speaker_2803/2803_neutral_00_00711.wav,"""john, my heart is broken; and sometimes despair nearly masters me.",Libri_2803,neutral,LibriTTS_R
raw_datasets/LibriTTS_R/Speaker_2803/2803_neutral_00_00712.wav,"""You, my Lord?""",Libri_2803,neutral,LibriTTS_R
raw_datasets/LibriTTS_R/Speaker_2803/2803_neutral_00_00713.wav,"""Not for myself, john, but for those I love-whom you love, also.""",Libri_2803,neutral,LibriTTS_R
raw_datasets/LibriTTS_R/Speaker_2803/2803_neutral_00_00714.wav,"""Keep up your heart, my Lord,"" said the young captain.",Libri_2803,neutral,LibriTTS_R
raw_datasets/LibriTTS_R/Speaker_2803/2803_neutral_00_00715.wav,"""We must not look out for troubles.",Libri_2803,neutral,LibriTTS_R
raw_datasets/LibriTTS_R/Speaker_2803/2803_neutral_00_00716.wav,But as to getting alongside the DUNCAN!,Libri_2803,neutral,LibriTTS_R
raw_datasets/LibriTTS_R/Speaker_2803/2803_neutral_00_00717.wav,"And if your Lordship is bent on looking out for her, let it be in order to give her a wide berth.""",Libri_2803,neutral,LibriTTS_R
raw_datasets/LibriTTS_R/Speaker_2803/2803_neutral_00_00718.wav,"However, for that day at least, the yacht did not appear, and the sixth night from their departure from Twofold Bay came, without the fears of john Mangles being realized.",Libri_2803,neutral,LibriTTS_R
raw_datasets/LibriTTS_R/Speaker_2803/2803_neutral_00_00719.wav,"There was every reason to fear such an engagement in these narrow seas, in which pirates could ply their trade without risk.",Libri_2803,neutral,LibriTTS_R
raw_datasets/LibriTTS_R/Speaker_2803/2803_neutral_00_00720.wav,God forbid!,Libri_2803,neutral,LibriTTS_R
raw_datasets/LibriTTS_R/Speaker_2803/2803_neutral_00_00721.wav,"""I am not looking for the land.""",Libri_2803,neutral,LibriTTS_R
raw_datasets/LibriTTS_R/Speaker_2803/2803_neutral_00_00722.wav,Their friends did their best to amuse them.,Libri_2803,neutral,LibriTTS_R
raw_datasets/LibriTTS_R/Speaker_2803/2803_neutral_00_00723.wav,"""Poor girls!"" murmured Glenarvan.",Libri_2803,neutral,LibriTTS_R
raw_datasets/LibriTTS_R/Speaker_2803/2803_neutral_00_00724.wav,"""Yes, my Lord; we should try in vain!",Libri_2803,neutral,LibriTTS_R
raw_datasets/LibriTTS_R/Speaker_2803/2803_neutral_00_00725.wav,"Will Halley is a brute, but I am keeping my eyes open, and if the coast looks dangerous, I will put the ship's head to sea again. So that, on that score, there is little or no danger.",Libri_2803,neutral,LibriTTS_R
raw_datasets/LibriTTS_R/Speaker_2803/2803_neutral_00_00726.wav,"""Look more to starboard.""",Libri_2803,neutral,LibriTTS_R
raw_datasets/LibriTTS_R/Speaker_2803/2803_neutral_00_00727.wav,"The wind was fair, nevertheless, and blew steadily from the southwest; but the currents were against the ship's course, and she scarcely made any way.",Libri_2803,neutral,LibriTTS_R
raw_datasets/LibriTTS_R/Speaker_2803/2803_neutral_00_00728.wav,"We would fight to the death, of course, but after that!",Libri_2803,neutral,LibriTTS_R
raw_datasets/LibriTTS_R/Speaker_2803/2803_neutral_00_00729.wav,"""What then, my Lord?""",Libri_2803,neutral,LibriTTS_R
raw_datasets/LibriTTS_R/Speaker_2803/2803_neutral_00_00730.wav,Their minds were so distracted at this change of route as to be quite unhinged.,Libri_2803,neutral,LibriTTS_R
raw_datasets/LibriTTS_R/Speaker_2803/2803_neutral_00_00731.wav,"Besides, they were going to this new and ill reputed country without enthusiasm, without conviction, not even of their own free will, but solely at the bidding of destiny.",Libri_2803,neutral,LibriTTS_R
raw_datasets/LibriTTS_R/Speaker_2803/2803_neutral_00_00732.wav,A PEEP INTO ONE OF GOD'S STOREHOUSES,Libri_2803,neutral,LibriTTS_R
raw_datasets/LibriTTS_R/Speaker_2803/2803_neutral_00_00733.wav,"Once there was a father who thought he would build for his children a beautiful home, putting into it every thing they could need or desire throughout their lives.",Libri_2803,neutral,LibriTTS_R
raw_datasets/LibriTTS_R/Speaker_2803/2803_neutral_00_00734.wav,"At first, you know, they will only play.",Libri_2803,neutral,LibriTTS_R
raw_datasets/LibriTTS_R/Speaker_2803/2803_neutral_00_00735.wav,"And so through many questions, and many experiments, they learn at last how to use the contents of this one storehouse.",Libri_2803,neutral,LibriTTS_R
raw_datasets/LibriTTS_R/Speaker_2803/2803_neutral_00_00736.wav,"Of course they would explore and explore; try every panel, and press every spring, until, one by one, all the closets should be opened, and all the treasures brought out.",Libri_2803,neutral,LibriTTS_R
raw_datasets/LibriTTS_R/Speaker_2803/2803_neutral_00_00737.wav,And then how could they show their gratitude to the dear father who had taken such pains to prepare this wonderful house for them?,Libri_2803,neutral,LibriTTS_R
raw_datasets/LibriTTS_R/Speaker_2803/2803_neutral_00_00738.wav,"The least they could do would be to try to use every thing for the purposes intended, and not to destroy or injure any of the precious gifts prepared so lovingly for their use.",Libri_2803,neutral,LibriTTS_R
raw_datasets/LibriTTS_R/Speaker_2803/2803_neutral_00_00739.wav,It is this earth on which we live.,Libri_2803,neutral,LibriTTS_R
raw_datasets/LibriTTS_R/Speaker_2803/2803_neutral_00_00740.wav,The doorway of this storehouse lies in the side of a hill.,Libri_2803,neutral,LibriTTS_R
raw_datasets/LibriTTS_R/Speaker_2803/2803_neutral_00_00741.wav,"We shall need a guide; and here comes one,--a rough looking man, with smutty clothes, and an odd little lamp covered with wire gauze, fastened to the front of his cap.",Libri_2803,neutral,LibriTTS_R
raw_datasets/LibriTTS_R/Speaker_2803/2803_neutral_00_00742.wav,"So this great green hill, upon which you might run or play, is inside like what I think some of those large anthills must be,--traversed by galleries, and full of rooms and long passages.",Libri_2803,neutral,LibriTTS_R
raw_datasets/LibriTTS_R/Speaker_2803/2803_neutral_00_00743.wav,"All about we see men like our guide, working by the light of their little lamps.",Libri_2803,neutral,LibriTTS_R
raw_datasets/LibriTTS_R/Speaker_2803/2803_neutral_00_00744.wav,"Do you see the delicate tracery of ferns, more beautiful than the fairest drawing.",Libri_2803,neutral,LibriTTS_R
raw_datasets/LibriTTS_R/Speaker_2803/2803_neutral_00_00745.wav,"See, beneath your feet is the marking of great tree trunks lying aslant across the floor, and the forms of gigantic palm leaves strewed among them.",Libri_2803,neutral,LibriTTS_R
raw_datasets/LibriTTS_R/Speaker_2803/2803_neutral_00_00746.wav,"Let us look at them; for perhaps we can examine them more closely than we can the roof, and the sides of these halls.",Libri_2803,neutral,LibriTTS_R
raw_datasets/LibriTTS_R/Speaker_2803/2803_neutral_00_00747.wav,"Here are mosses and little leaves, and sometimes an odd looking little body that is not unlike some of the sea creatures we found at the beach last summer; and every thing is made of coal, nothing but coal.",Libri_2803,neutral,LibriTTS_R
raw_datasets/LibriTTS_R/Speaker_2803/2803_neutral_00_00748.wav,"How did it happen, and what does it mean?",Libri_2803,neutral,LibriTTS_R
raw_datasets/LibriTTS_R/Speaker_2803/2803_neutral_00_00749.wav,"Ferns and palms, mosses and trees and animals, all perfect, all beautiful, and yet all hidden away under this hill, and turned into shining black coal.",Libri_2803,neutral,LibriTTS_R
raw_datasets/LibriTTS_R/Speaker_2803/2803_neutral_00_00750.wav,"Now, I can very well remember when I first saw a coal fire, and how odd it looked to see what seemed to be burning stones.",Libri_2803,neutral,LibriTTS_R
raw_datasets/LibriTTS_R/Speaker_2803/2803_neutral_00_00751.wav,"These forests were of trees, different in some ways from those we have now, great ferns as tall as this house, and mosses as high as little trees, and palm leaves of enormous size.",Libri_2803,neutral,LibriTTS_R
raw_datasets/LibriTTS_R/Speaker_2803/2803_neutral_00_00752.wav,"This served for a hint to curious men, to make them ask ""What is this?"" and ""What is it good for?"" and so at last, following their questions, to find their way to the secret stores, and make an open doorway, and let the world in.",Libri_2803,neutral,LibriTTS_R
raw_datasets/LibriTTS_R/Speaker_2803/2803_neutral_00_00753.wav,"And so it began to be used to cover roofs of buildings, and, mixed with some other substances, made a pavement for streets; and being spread over iron work it protected it from rust.",Libri_2803,neutral,LibriTTS_R
raw_datasets/LibriTTS_R/Speaker_2803/2803_neutral_00_00754.wav,Don't you see how many uses we have found for this refuse coal tar?,Libri_2803,neutral,LibriTTS_R
raw_datasets/LibriTTS_R/Speaker_2803/2803_neutral_00_00755.wav,What do you think of that from the coal tar.,Libri_2803,neutral,LibriTTS_R
raw_datasets/LibriTTS_R/Speaker_2803/2803_neutral_00_00756.wav,"Besides the dyes, we shall also have left naphtha, useful in making varnish, and various oils that are used in more ways than I can stop to tell you, or you would care now to hear.",Libri_2803,neutral,LibriTTS_R
raw_datasets/LibriTTS_R/Speaker_2803/2803_neutral_00_00757.wav,But here is another surprise of a different kind.,Libri_2803,neutral,LibriTTS_R
raw_datasets/LibriTTS_R/Speaker_2803/2803_neutral_00_00758.wav,"As it floated on the surface of the water (for oil and water will not mix, you know), the boys, for mischief, set fire to it, and a stream of fire rolled along down the river; proving to everybody who saw it, that a new light, as good as gas, had come from the coal.",Libri_2803,neutral,LibriTTS_R
raw_datasets/LibriTTS_R/Speaker_2803/2803_neutral_00_00759.wav,"If you have not, perhaps you would like to go with me to examine one that was opened a good many years ago, but contains such valuable things that the uses of all of them have not yet been found out, and their beauty is just beginning to be known.",Libri_2803,neutral,LibriTTS_R
raw_datasets/LibriTTS_R/Speaker_2803/2803_neutral_00_00760.wav,"The sweetest perfumes floated through the air, while thousands of birds answered the music of fountains with their songs.",Libri_2803,neutral,LibriTTS_R
raw_datasets/LibriTTS_R/Speaker_2803/2803_neutral_00_00761.wav,"What should we have done, if everybody had kept on burning wood to this day?",Libri_2803,neutral,LibriTTS_R
raw_datasets/LibriTTS_R/Speaker_2803/2803_neutral_00_00762.wav,"The floors were carpeted with velvet, and the whole was lighted with lamps that shone like stars from above.",Libri_2803,neutral,LibriTTS_R
raw_datasets/LibriTTS_R/Speaker_2803/2803_neutral_00_00763.wav,"Why did he give that so odd a shape, or so strange a covering?",Libri_2803,neutral,LibriTTS_R
raw_datasets/LibriTTS_R/Speaker_2803/2803_neutral_00_00764.wav,"Look a little closer, while our guide lets the light of his lamp fall upon the black wall at your side.",Libri_2803,neutral,LibriTTS_R
raw_datasets/LibriTTS_R/Speaker_2803/2803_neutral_00_00765.wav,"The entrance is light, because it opens so wide; but we can see that the floor slopes downward, and the way looks dark and narrow before us.",Libri_2803,neutral,LibriTTS_R
raw_datasets/LibriTTS_R/Speaker_2803/2803_neutral_00_00766.wav,Did you notice the great pillars of coal that are left to uphold the roof?,Libri_2803,neutral,LibriTTS_R
raw_datasets/LibriTTS_R/Speaker_2803/2803_neutral_00_00767.wav,"I have only told you enough to teach you how to look for yourselves; a peep, you know, is all I promised you.",Libri_2803,neutral,LibriTTS_R
raw_datasets/LibriTTS_R/Speaker_2803/2803_neutral_00_00768.wav,"The thought came to them that it might be prepared from coal, and conducted through pipes to our houses to take the place of lamps or candles, which until that time had been the only light.",Libri_2803,neutral,LibriTTS_R
raw_datasets/LibriTTS_R/Speaker_2803/2803_neutral_00_00769.wav,But you will find that they are really pulled and pushed by an engine that stands outside the doorway and reaches them by long chains.,Libri_2803,neutral,LibriTTS_R
raw_datasets/LibriTTS_R/Speaker_2803/2803_neutral_00_00770.wav,"When your hands or lips are cracked and rough from the cold, does your mother ever put on glycerin to heal them?",Libri_2803,neutral,LibriTTS_R
raw_datasets/LibriTTS_R/Speaker_2803/2803_neutral_00_00771.wav,"But do you imagine that sensible children, after one such discovery, would rest satisfied?",Libri_2803,neutral,LibriTTS_R
raw_datasets/LibriTTS_R/Speaker_2803/2803_neutral_00_00772.wav,"Here is something different, rounded like a nut shell; you can split off one side, and behold there is the nut lying snugly as does any chestnut in its bur!",Libri_2803,neutral,LibriTTS_R
raw_datasets/LibriTTS_R/Speaker_2803/2803_neutral_00_00773.wav,"If she does, you are indebted again to the coal oil, for of that it is partly made.",Libri_2803,neutral,LibriTTS_R
raw_datasets/LibriTTS_R/Speaker_2803/2803_neutral_00_00774.wav,"This done, the prisoners embraced each other.",Libri_2803,neutral,LibriTTS_R
raw_datasets/LibriTTS_R/Speaker_2803/2803_neutral_00_00775.wav,"""john, you have promised Mary what I promised Lady Helena.",Libri_2803,neutral,LibriTTS_R
raw_datasets/LibriTTS_R/Speaker_2803/2803_neutral_00_00776.wav,"I am not an advocate of irremediable measures.""",Libri_2803,neutral,LibriTTS_R
raw_datasets/LibriTTS_R/Speaker_2803/2803_neutral_00_00777.wav,"At this moment john raised the mat, and counted twenty five natives keeping guard on the Ware Atoua.",Libri_2803,neutral,LibriTTS_R
raw_datasets/LibriTTS_R/Speaker_2803/2803_neutral_00_00778.wav,"The hours of this night, wretched as they were, slipped away.",Libri_2803,neutral,LibriTTS_R
raw_datasets/LibriTTS_R/Speaker_2803/2803_neutral_00_00779.wav,The scratching became more and more audible; they could hear the little stones grate on a hard body and roll away.,Libri_2803,neutral,LibriTTS_R
raw_datasets/LibriTTS_R/Speaker_2803/2803_neutral_00_00780.wav,"It soon became evident that a man, or men, clinging to the sides of the ""pah,"" were cutting a passage into its exterior wall.",Libri_2803,neutral,LibriTTS_R
raw_datasets/LibriTTS_R/Speaker_2803/2803_neutral_00_00781.wav,"john Mangles, inserting the blade of his poniard, avoided the knife which now protruded above the soil, but seized the hand that wielded it.",Libri_2803,neutral,LibriTTS_R
raw_datasets/LibriTTS_R/Speaker_2803/2803_neutral_00_00782.wav,"""My darling Robert,"" said she, never doubting, ""it is you! it is you!""",Libri_2803,neutral,LibriTTS_R
raw_datasets/LibriTTS_R/Speaker_2803/2803_neutral_00_00783.wav,"""Wherever Paganel is, he cannot be in worse plight than ourselves.",Libri_2803,neutral,LibriTTS_R
raw_datasets/LibriTTS_R/Speaker_2803/2803_neutral_00_00784.wav,"The escape was commenced, and every precaution was taken.",Libri_2803,neutral,LibriTTS_R
raw_datasets/LibriTTS_R/Speaker_2803/2803_neutral_00_00785.wav,Glenarvan and Lady Helena immediately ventured out of the grotto.,Libri_2803,neutral,LibriTTS_R
raw_datasets/LibriTTS_R/Speaker_2803/2803_neutral_00_00786.wav,"Glenarvan first, then Lady Helena, let themselves down along the rope, till they came to the spot where the perpendicular wall met the top of the slope.",Libri_2803,neutral,LibriTTS_R
raw_datasets/LibriTTS_R/Speaker_2803/2803_neutral_00_00787.wav,"Some birds, suddenly awakened, flew away, uttering feeble cries, and the fugitives trembled when a stone loosened from its bed rolled to the foot of the mountain.",Libri_2803,neutral,LibriTTS_R
raw_datasets/LibriTTS_R/Speaker_2803/2803_neutral_00_00788.wav,"They had reached half-way down the slope, when a voice was heard from the opening of the grotto.",Libri_2803,neutral,LibriTTS_R
raw_datasets/LibriTTS_R/Speaker_2803/2803_neutral_00_00789.wav,"The rope was shaken three times, and in his turn john Mangles, preceding Mary Grant, followed in the dangerous route.",Libri_2803,neutral,LibriTTS_R
raw_datasets/LibriTTS_R/Speaker_2803/2803_neutral_00_00790.wav,"Toward five o'clock, the day began to dawn, bluish clouds marbled the upper stratum of clouds.",Libri_2803,neutral,LibriTTS_R
raw_datasets/LibriTTS_R/Speaker_2803/2803_neutral_00_00791.wav,Another half an hour and the glorious sun would rise out of the mists of the horizon.,Libri_2803,neutral,LibriTTS_R
raw_datasets/LibriTTS_R/Speaker_2803/2803_neutral_00_00792.wav,Paganel was not there to take the lead.,Libri_2803,neutral,LibriTTS_R
raw_datasets/LibriTTS_R/Speaker_2803/2803_neutral_00_00793.wav,"He was now the object of their anxiety, and whose absence was a black shadow between them and their happiness.",Libri_2803,neutral,LibriTTS_R
raw_datasets/LibriTTS_R/Speaker_2803/2803_neutral_00_00794.wav,"God, who reads our hearts, knows that we had a noble end in view.",Libri_2803,neutral,LibriTTS_R
raw_datasets/LibriTTS_R/Speaker_2803/2803_neutral_00_00795.wav,"""There are only four awake; the rest are asleep.""",Libri_2803,neutral,LibriTTS_R
raw_datasets/LibriTTS_R/Speaker_2803/2803_neutral_00_00796.wav,It was evidently the cue of both sides to be silent.,Libri_2803,neutral,LibriTTS_R
raw_datasets/LibriTTS_R/Speaker_2803/2803_neutral_00_00797.wav,"It was the hand of a woman or child, a European!",Libri_2803,neutral,LibriTTS_R
raw_datasets/LibriTTS_R/Speaker_2803/2803_neutral_00_00798.wav,"They walked quickly, trying to avoid the points where they might be seen from the pah.",Libri_2803,neutral,LibriTTS_R
raw_datasets/LibriTTS_R/Speaker_2803/2803_neutral_00_00799.wav,At last the sun appeared and sent his first rays on their path.,Libri_2803,neutral,LibriTTS_R
raw_datasets/LibriTTS_R/Speaker_2803/2803_neutral_00_00800.wav,"My Lord, whichever of us survives the other will fulfill the wish of Lady Helena and Mary Grant.""",Libri_2803,neutral,LibriTTS_R
raw_datasets/LibriTTS_R/Speaker_2803/2803_neutral_00_00801.wav,"""This rope,"" said he, ""will only bear the weight of two persons; therefore let us go in rotation.",Libri_2803,neutral,LibriTTS_R
raw_datasets/LibriTTS_R/Speaker_2803/2803_neutral_00_00802.wav,"""My child, my child,"" murmured Lady Helena, ""the savages did not kill you!""",Libri_2803,neutral,LibriTTS_R
raw_datasets/LibriTTS_R/Speaker_2803/2803_neutral_00_00803.wav,Who does not turn his thoughts toward God in the hour of death?,Libri_2803,neutral,LibriTTS_R
raw_datasets/LibriTTS_R/Speaker_2803/2803_neutral_00_00804.wav,Suddenly a terrific yell from a hundred throats rent the air.,Libri_2803,neutral,LibriTTS_R
raw_datasets/LibriTTS_R/Speaker_2803/2803_neutral_00_00805.wav,"The captive thinks oftener of escaping than the jailer of preventing his flight, and hence we hear of frequent and wonderful escapes.",Libri_2803,neutral,LibriTTS_R
raw_datasets/LibriTTS_R/Speaker_2803/2803_neutral_00_00806.wav,"Let us go.""",Libri_2803,neutral,LibriTTS_R
raw_datasets/LibriTTS_R/Speaker_2803/2803_neutral_00_00807.wav,"""Yes, john; but we are unarmed.""",Libri_2803,neutral,LibriTTS_R
raw_datasets/LibriTTS_R/Speaker_2803/2803_neutral_00_00808.wav,"Then shaking his head like one who sees he is mistaken, he went back to his companions, took an armful of dead wood, and threw it into the smouldering fire, which immediately revived.",Libri_2803,neutral,LibriTTS_R
raw_datasets/LibriTTS_R/Speaker_2803/2803_neutral_00_00809.wav,"Some minutes more passed, and the Major withdrew his hand from the stroke of a sharp blade.",Libri_2803,neutral,LibriTTS_R
raw_datasets/LibriTTS_R/Speaker_2803/2803_neutral_00_00810.wav,"Where chance led them, but at any rate they were free.",Libri_2803,neutral,LibriTTS_R
raw_datasets/LibriTTS_R/Speaker_2803/2803_neutral_00_00811.wav,"Overcome as they were with horror and fatigue, they took their last meal together.",Libri_2803,neutral,LibriTTS_R
raw_datasets/LibriTTS_R/Speaker_2803/2803_neutral_00_00812.wav,CHAPTER twelve STRANGELY LIBERATED,Libri_2803,neutral,LibriTTS_R
raw_datasets/LibriTTS_R/Speaker_2803/2803_neutral_00_00813.wav,"But softly as the name was breathed, Mary Grant, already awakened by the sounds in the hut, slipped over toward Glenarvan, and seizing the hand, all stained with earth, she covered it with kisses.",Libri_2803,neutral,LibriTTS_R
raw_datasets/LibriTTS_R/Speaker_2803/2803_neutral_00_00814.wav,Thick darkness had settled on the mountain.,Libri_2803,neutral,LibriTTS_R
raw_datasets/LibriTTS_R/Speaker_2803/2803_neutral_00_00815.wav,"""Watch the savages outside,"" said Robert.",Libri_2803,neutral,LibriTTS_R
raw_datasets/LibriTTS_R/Speaker_2803/2803_neutral_00_00816.wav,"Lady Helena repeated the evening prayer aloud, her companions, bare headed, repeated it after her.",Libri_2803,neutral,LibriTTS_R
raw_datasets/LibriTTS_R/Speaker_2803/2803_neutral_00_00817.wav,"Lord and Lady Glenarvan first; when they arrive at the bottom, three pulls at the rope will be a signal to us to follow.""",Libri_2803,neutral,LibriTTS_R
raw_datasets/LibriTTS_R/Speaker_2803/2803_neutral_00_00818.wav,"""Well, lose no more time,"" said the Major.",Libri_2803,neutral,LibriTTS_R
raw_datasets/LibriTTS_R/Speaker_2803/2803_neutral_00_00819.wav,"Stern as the decree may seem, I will not repine.",Libri_2803,neutral,LibriTTS_R
raw_datasets/LibriTTS_R/Speaker_2803/2803_neutral_00_00820.wav,"All escape was thus hopeless, and Glenarvan having tried the walls for the twentieth time, was compelled to acknowledge that it was so.",Libri_2803,neutral,LibriTTS_R
raw_datasets/LibriTTS_R/Speaker_2803/2803_neutral_00_00821.wav,Round his body was rolled a long coil of flax rope.,Libri_2803,neutral,LibriTTS_R
raw_datasets/LibriTTS_R/Speaker_2803/2803_neutral_00_00822.wav,"One of the warriors on guard, startled by an unusual sound, rose and drew nearer to the Ware Atoua.",Libri_2803,neutral,LibriTTS_R
raw_datasets/LibriTTS_R/Speaker_2803/2803_neutral_00_00823.wav,Glenarvan struck his forehead.,Libri_2803,neutral,LibriTTS_R
raw_datasets/LibriTTS_R/Speaker_2803/2803_neutral_00_00824.wav,"""Yes, little sister,"" said he, ""it is I am here to save you all; but be very silent.""",Libri_2803,neutral,LibriTTS_R
raw_datasets/LibriTTS_R/Speaker_2803/2803_neutral_00_00825.wav,"The next thing was to descend the vertical wall to the slope below, and this would have been impracticable, but that Robert had brought the flax rope, which was now unrolled and fixed to a projecting point of rock, the end hanging over.",Libri_2803,neutral,LibriTTS_R
raw_datasets/LibriTTS_R/Speaker_2803/2803_neutral_00_00826.wav,"Wilson and Olbinett joined their companions, and all united to dig through the wall-john with his dagger, the others with stones taken from the ground, or with their nails, while Mulrady, stretched along the ground, watched the native guard through a crevice of the matting.",Libri_2803,neutral,LibriTTS_R
raw_datasets/LibriTTS_R/Speaker_2803/2803_neutral_00_00827.wav,"Sleep, which keeps all sorrow in abeyance, soon weighed down their eyelids; they slept in each other's arms, overcome by exhaustion and prolonged watching.",Libri_2803,neutral,LibriTTS_R
raw_datasets/LibriTTS_R/Speaker_2803/2803_neutral_00_00828.wav,While they looked they were seen.,Libri_2803,neutral,LibriTTS_R
raw_datasets/LibriTTS_R/Speaker_2803/2803_neutral_00_00829.wav,"""Listen,"" said he, motioning them to stoop.",Libri_2803,neutral,LibriTTS_R
raw_datasets/LibriTTS_R/Speaker_2803/2803_neutral_00_00830.wav,"""Animal or man,"" answered the Major, ""I will soon find out!""",Libri_2803,neutral,LibriTTS_R
raw_datasets/LibriTTS_R/Speaker_2803/2803_neutral_00_00831.wav,"Glenarvan's voice, firm till now, faltered.",Libri_2803,neutral,LibriTTS_R
raw_datasets/LibriTTS_R/Speaker_2803/2803_neutral_00_00832.wav,"Did you not get away together?""",Libri_2803,neutral,LibriTTS_R
raw_datasets/LibriTTS_R/Speaker_2803/2803_neutral_00_00833.wav,"It came from the pah, whose direction Glenarvan did not know.",Libri_2803,neutral,LibriTTS_R
raw_datasets/LibriTTS_R/Speaker_2803/2803_neutral_00_00834.wav,"""Let us be off!"" said he, in a decided tone.",Libri_2803,neutral,LibriTTS_R
raw_datasets/LibriTTS_R/Speaker_2803/2803_neutral_00_00835.wav,The jailer may forget that he is on guard; the prisoner never forgets that he is guarded.,Libri_2803,neutral,LibriTTS_R
raw_datasets/LibriTTS_R/Speaker_2803/2803_neutral_00_00836.wav,The prisoners redoubled their efforts.,Libri_2803,neutral,LibriTTS_R
raw_datasets/LibriTTS_R/Speaker_2803/2803_neutral_00_00837.wav,"""Be it as it may, we can face death!",Libri_2803,neutral,LibriTTS_R
raw_datasets/LibriTTS_R/Speaker_2803/2803_neutral_00_00838.wav,john signaled to Glenarvan to resume his descent.,Libri_2803,neutral,LibriTTS_R
raw_datasets/LibriTTS_R/Speaker_2803/2803_neutral_00_00839.wav,Robert disappeared through the opening out of the grotto.,Libri_2803,neutral,LibriTTS_R
raw_datasets/LibriTTS_R/Speaker_2803/2803_neutral_00_00840.wav,I stole this knife and rope out of the desert hut.,Libri_2803,neutral,LibriTTS_R
raw_datasets/LibriTTS_R/Speaker_2803/2803_neutral_00_00841.wav,"john Mangles, before his friends trusted themselves to this flax rope, tried it; he did not think it very strong; and it was of importance not to risk themselves imprudently, as a fall would be fatal.",Libri_2803,neutral,LibriTTS_R
raw_datasets/LibriTTS_R/Speaker_2803/2803_neutral_00_00842.wav,"""Is it Robert?"" whispered Glenarvan.",Libri_2803,neutral,LibriTTS_R
raw_datasets/LibriTTS_R/Speaker_2803/2803_neutral_00_00843.wav,"If it is decreed that we die to morrow, let us die bravely, like Christian men, ready to appear without terror before the Supreme Judge.",Libri_2803,neutral,LibriTTS_R
raw_datasets/LibriTTS_R/Speaker_2803/2803_neutral_00_00844.wav,"After these words were said, a profound silence ensued.",Libri_2803,neutral,LibriTTS_R
raw_datasets/LibriTTS_R/Speaker_2803/2803_neutral_00_00845.wav,"But the fugitives could not doubt that their escape had been discovered; and now the question was, would they be able to elude pursuit?",Libri_2803,neutral,LibriTTS_R
raw_datasets/LibriTTS_R/Speaker_2803/2803_neutral_00_00846.wav,Dim outlines of hills and mountains rose behind one another; but Glenarvan only thought how best to get lost among them. Time enough by and by to see about escaping from the labyrinth.,Libri_2803,neutral,LibriTTS_R
raw_datasets/LibriTTS_R/Speaker_2803/2803_neutral_00_00847.wav,"He was silent a moment, and having overcome his emotion, he said, addressing the young captain:",Libri_2803,neutral,LibriTTS_R
raw_datasets/LibriTTS_R/Speaker_2803/2803_neutral_00_00848.wav,"We must show these savages how Europeans can die.""",Libri_2803,neutral,LibriTTS_R
raw_datasets/LibriTTS_R/Speaker_2803/2803_neutral_00_00849.wav,They had to fly.,Libri_2803,neutral,LibriTTS_R
raw_datasets/LibriTTS_R/Speaker_2803/2803_neutral_00_00850.wav,"The soil was light and friable, and below lay a bed of silicious tufa; therefore, even without tools, the aperture deepened quickly.",Libri_2803,neutral,LibriTTS_R
raw_datasets/LibriTTS_R/Speaker_2803/2803_neutral_00_00851.wav,"""I did not speak for ourselves,"" said Glenarvan.",Libri_2803,neutral,LibriTTS_R
raw_datasets/LibriTTS_R/Speaker_2803/2803_neutral_00_00852.wav,Neither moon nor stars pierced the gloom.,Libri_2803,neutral,LibriTTS_R
raw_datasets/LibriTTS_R/Speaker_2803/2803_neutral_00_00853.wav,"""No, my Lord; but is he not here?"" inquired Robert.",Libri_2803,neutral,LibriTTS_R
raw_datasets/LibriTTS_R/Speaker_2803/2803_neutral_00_00854.wav,"""No, Robert!"" answered Mary Grant.",Libri_2803,neutral,LibriTTS_R
raw_datasets/LibriTTS_R/Speaker_2803/2803_neutral_00_00855.wav,"Then Glenarvan, taking his friends aside, said: ""My dear friends, our lives and the lives of these poor women are in God's hands.",Libri_2803,neutral,LibriTTS_R
raw_datasets/LibriTTS_R/Speaker_2803/2803_neutral_00_00856.wav,She felt stronger and commenced her perilous descent.,Libri_2803,neutral,LibriTTS_R
raw_datasets/LibriTTS_R/Speaker_2803/2803_neutral_00_00857.wav,"""Go, my boy,"" said Glenarvan, pressing Robert's hand.",Libri_2803,neutral,LibriTTS_R
raw_datasets/LibriTTS_R/Speaker_2803/2803_neutral_00_00858.wav,"Then Glenarvan going first and supporting his wife, began to descend backward.",Libri_2803,neutral,LibriTTS_R
raw_datasets/LibriTTS_R/Speaker_2803/2803_neutral_00_00859.wav,"""Is Paganel below?"" asked Glenarvan.",Libri_2803,neutral,LibriTTS_R
raw_datasets/LibriTTS_R/Speaker_2803/2803_neutral_00_00860.wav,"Let us attack these wretches!' But with these poor girls-""",Libri_2803,neutral,LibriTTS_R
raw_datasets/LibriTTS_R/Speaker_2803/2803_neutral_00_00861.wav,"Glenarvan, holding with one hand to a tuft of tetragonia, with the other holding his wife, waited with breathless anxiety.",Libri_2803,neutral,LibriTTS_R
raw_datasets/LibriTTS_R/Speaker_2803/2803_neutral_00_00862.wav,Had they been seen?,Libri_2803,neutral,LibriTTS_R
raw_datasets/LibriTTS_R/Speaker_2803/2803_neutral_00_00863.wav,"Besides, a thick veil of fog, which, spread at his feet, prevented any distinct view of the valleys below.",Libri_2803,neutral,LibriTTS_R
raw_datasets/LibriTTS_R/Speaker_2803/2803_neutral_00_00864.wav,"""I believe,"" said john, ""that in the sight of God I have a right to fulfill that promise.""",Libri_2803,neutral,LibriTTS_R
raw_datasets/LibriTTS_R/Speaker_2803/2803_neutral_00_00865.wav,"""I will go first,"" said Robert.",Libri_2803,neutral,LibriTTS_R
raw_datasets/LibriTTS_R/Speaker_2803/2803_neutral_00_00866.wav,"But death here, means not death only, it means torture, insult, perhaps, and here are two ladies-""",Libri_2803,neutral,LibriTTS_R
raw_datasets/LibriTTS_R/Speaker_2803/2803_neutral_00_00867.wav,But they all kept watchful guard on the hut confided to their care.,Libri_2803,neutral,LibriTTS_R
raw_datasets/LibriTTS_R/Speaker_2803/2803_neutral_00_00868.wav,"Soon they had reached a height of five hundred feet above Lake Taupo, and the cold of the morning, increased by the altitude, was very keen.",Libri_2803,neutral,LibriTTS_R
raw_datasets/LibriTTS_R/Speaker_2803/2803_neutral_00_00869.wav,"""I discovered a deep hollow at the foot of the slope where those who come down can conceal themselves and wait for the rest.""",Libri_2803,neutral,LibriTTS_R
raw_datasets/LibriTTS_R/Speaker_2803/2803_neutral_00_00870.wav,They had one night in which to prepare for death.,Libri_2803,neutral,LibriTTS_R
raw_datasets/LibriTTS_R/Speaker_2803/2803_neutral_00_00871.wav,The meal ended.,Libri_2803,neutral,LibriTTS_R
raw_datasets/LibriTTS_R/Speaker_2803/2803_neutral_00_00872.wav,The misty summits began to pierce the morning mists.,Libri_2803,neutral,LibriTTS_R
raw_datasets/LibriTTS_R/Speaker_2803/2803_neutral_00_00873.wav,"john Mangles, before leaving the hut, disposed of all the evidences of their work, and in his turn slipped through the opening and let down over it the mats of the house, so that the entrance to the gallery was quite concealed.",Libri_2803,neutral,LibriTTS_R
raw_datasets/LibriTTS_R/Speaker_2803/2803_neutral_00_00874.wav,"""Brave lad!"" repeated Glenarvan.",Libri_2803,neutral,LibriTTS_R
raw_datasets/LibriTTS_R/Speaker_2803/2803_neutral_00_00875.wav,"""No, my Lord!"" said Robert, taken aback by the disappearance of his friend Paganel.",Libri_2803,neutral,LibriTTS_R
raw_datasets/LibriTTS_R/Speaker_3752/3752_neutral_00_00876.wav,"""An admirable one!",Libri_3752,neutral,LibriTTS_R
raw_datasets/LibriTTS_R/Speaker_3752/3752_neutral_00_00877.wav,"""There were a few matters I noticed in Hobart Town that did not quite please me-the frequent use of profane language for instance-but on the whole I was delighted with the scheme.",Libri_3752,neutral,LibriTTS_R
raw_datasets/LibriTTS_R/Speaker_3752/3752_neutral_00_00878.wav,"""If you please,"" said Meekin gravely.",Libri_3752,neutral,LibriTTS_R
raw_datasets/LibriTTS_R/Speaker_3752/3752_neutral_00_00879.wav,"""Pray help yourself to wine.""",Libri_3752,neutral,LibriTTS_R
raw_datasets/LibriTTS_R/Speaker_3752/3752_neutral_00_00880.wav,"He saved her life, you know.""",Libri_3752,neutral,LibriTTS_R
raw_datasets/LibriTTS_R/Speaker_3752/3752_neutral_00_00881.wav,"He seems to me to be truly penitent for his offences-a misguided, but not a hypocritical man, if my knowledge of human nature goes for anything.""",Libri_3752,neutral,LibriTTS_R
raw_datasets/LibriTTS_R/Speaker_3752/3752_neutral_00_00882.wav,"""I hope he is,"" said North.",Libri_3752,neutral,LibriTTS_R
raw_datasets/LibriTTS_R/Speaker_3752/3752_neutral_00_00883.wav,"""You won't have a nip of brandy before you start?"" asked Burgess.",Libri_3752,neutral,LibriTTS_R
raw_datasets/LibriTTS_R/Speaker_3752/3752_neutral_00_00884.wav,"""No?",Libri_3752,neutral,LibriTTS_R
raw_datasets/LibriTTS_R/Speaker_3752/3752_neutral_00_00885.wav,"""That young butler fellow of his."" ""What, Kirkland?"" cried North.",Libri_3752,neutral,LibriTTS_R
raw_datasets/LibriTTS_R/Speaker_3752/3752_neutral_00_00886.wav,"""He can't stand it.",Libri_3752,neutral,LibriTTS_R
raw_datasets/LibriTTS_R/Speaker_3752/3752_neutral_00_00887.wav,"mr Meekin expressed some alarm; but dr Macklewain re assured him. ""That sort of nonsense must be stopped,"" said he.",Libri_3752,neutral,LibriTTS_R
raw_datasets/LibriTTS_R/Speaker_3752/3752_neutral_00_00888.wav,"""Well, he'll be put into the hospital for a week or so to morrow,"" said Macklewain, ""and that'll give him a spell.""",Libri_3752,neutral,LibriTTS_R
raw_datasets/LibriTTS_R/Speaker_3752/3752_neutral_00_00889.wav,"Besides, he's not the sort of creature to complain.",Libri_3752,neutral,LibriTTS_R
raw_datasets/LibriTTS_R/Speaker_3752/3752_neutral_00_00890.wav,I can't help it.,Libri_3752,neutral,LibriTTS_R
raw_datasets/LibriTTS_R/Speaker_3752/3752_neutral_00_00891.wav,Everything must give way to that.,Libri_3752,neutral,LibriTTS_R
raw_datasets/LibriTTS_R/Speaker_3752/3752_neutral_00_00892.wav,"""Yes, yes.",Libri_3752,neutral,LibriTTS_R
raw_datasets/LibriTTS_R/Speaker_3752/3752_neutral_00_00893.wav,"dear me, how dreadful!"" says Meekin.",Libri_3752,neutral,LibriTTS_R
raw_datasets/LibriTTS_R/Speaker_3752/3752_neutral_00_00894.wav,How delightful the grass smells!,Libri_3752,neutral,LibriTTS_R
raw_datasets/LibriTTS_R/Speaker_3752/3752_neutral_00_00895.wav,"Good night.""",Libri_3752,neutral,LibriTTS_R
raw_datasets/LibriTTS_R/Speaker_3752/3752_neutral_00_00896.wav,"""And let us hope poor mr North will succeed in his labour of love,"" said Meekin, shutting the little gate, ""and save the unfortunate Kirkland.",Libri_3752,neutral,LibriTTS_R
raw_datasets/LibriTTS_R/Speaker_3752/3752_neutral_00_00897.wav,"I have seen him, and his condition of mind is pitiable.""",Libri_3752,neutral,LibriTTS_R
raw_datasets/LibriTTS_R/Speaker_3752/3752_neutral_00_00898.wav,"""Then, Captain Burgess,"" cried North, his pale face flushing, ""I tell you the boy's blood will be on your head.",Libri_3752,neutral,LibriTTS_R
raw_datasets/LibriTTS_R/Speaker_3752/3752_neutral_00_00899.wav,"I am a minister of God, sir, and I forbid you to commit this crime.""",Libri_3752,neutral,LibriTTS_R
raw_datasets/LibriTTS_R/Speaker_3752/3752_neutral_00_00900.wav,"""Damn your impertinence, sir!"" burst out Burgess.",Libri_3752,neutral,LibriTTS_R
raw_datasets/LibriTTS_R/Speaker_3752/3752_neutral_00_00901.wav,"This, of course, was mere bravado on the part of the Commandant.",Libri_3752,neutral,LibriTTS_R
raw_datasets/LibriTTS_R/Speaker_3752/3752_neutral_00_00902.wav,"""Oh, God, give me strength!",Libri_3752,neutral,LibriTTS_R
raw_datasets/LibriTTS_R/Speaker_3752/3752_neutral_00_00903.wav,There lurked something that fascinated him.,Libri_3752,neutral,LibriTTS_R
raw_datasets/LibriTTS_R/Speaker_3752/3752_neutral_00_00904.wav,It relieved him for a while.,Libri_3752,neutral,LibriTTS_R
raw_datasets/LibriTTS_R/Speaker_3752/3752_neutral_00_00905.wav,"""I must keep my wits for to morrow.",Libri_3752,neutral,LibriTTS_R
raw_datasets/LibriTTS_R/Speaker_3752/3752_neutral_00_00906.wav,"Meekin, too, will suspect.",Libri_3752,neutral,LibriTTS_R
raw_datasets/LibriTTS_R/Speaker_3752/3752_neutral_00_00907.wav,"He went into his bedroom and flung himself on the bed, but only to toss from side to side.",Libri_3752,neutral,LibriTTS_R
raw_datasets/LibriTTS_R/Speaker_3752/3752_neutral_00_00908.wav,The taste of the liquor maddened him for more.,Libri_3752,neutral,LibriTTS_R
raw_datasets/LibriTTS_R/Speaker_3752/3752_neutral_00_00909.wav,"That, at all times debasing, at this particular time it was infamous; that a vice, unworthy of any man, was doubly sinful in a man of education and a minister of God.",Libri_3752,neutral,LibriTTS_R
raw_datasets/LibriTTS_R/Speaker_3752/3752_neutral_00_00910.wav,He saw its amber fluid sparkle. He heard it gurgle as he poured it out.,Libri_3752,neutral,LibriTTS_R
raw_datasets/LibriTTS_R/Speaker_3752/3752_neutral_00_00911.wav,"I shall find my portmanteau in my room, you said.""",Libri_3752,neutral,LibriTTS_R
raw_datasets/LibriTTS_R/Speaker_3752/3752_neutral_00_00912.wav,"He tried to drown himself this morning.""",Libri_3752,neutral,LibriTTS_R
raw_datasets/LibriTTS_R/Speaker_3752/3752_neutral_00_00913.wav,mr North sighed again.,Libri_3752,neutral,LibriTTS_R
raw_datasets/LibriTTS_R/Speaker_3752/3752_neutral_00_00914.wav,Captain Burgess was shutting his verandah window when North hurried up.,Libri_3752,neutral,LibriTTS_R
raw_datasets/LibriTTS_R/Speaker_3752/3752_neutral_00_00915.wav,"""Ha!"" said North, looking wildly round upon them.",Libri_3752,neutral,LibriTTS_R
raw_datasets/LibriTTS_R/Speaker_3752/3752_neutral_00_00916.wav,"This seems a very pleasant place, and I think I shall enjoy myself very much.",Libri_3752,neutral,LibriTTS_R
raw_datasets/LibriTTS_R/Speaker_3752/3752_neutral_00_00917.wav,"""Captain Frere takes a deep interest in all relating to convict discipline,"" went on Meekin, unheeding the interruption, ""and is anxious that mrs Frere should see this place.""",Libri_3752,neutral,LibriTTS_R
raw_datasets/LibriTTS_R/Speaker_3752/3752_neutral_00_00918.wav,"""I was quartered with him at Sarah Island.",Libri_3752,neutral,LibriTTS_R
raw_datasets/LibriTTS_R/Speaker_3752/3752_neutral_00_00919.wav,"""I suppose severity is necessary,"" returned Meekin; ""though to my ears a flogging sounds a little distasteful.",Libri_3752,neutral,LibriTTS_R
raw_datasets/LibriTTS_R/Speaker_3752/3752_neutral_00_00920.wav,He raised it to his lips and eagerly drank.,Libri_3752,neutral,LibriTTS_R
raw_datasets/LibriTTS_R/Speaker_3752/3752_neutral_00_00921.wav,"""Perhaps you'll have the goodness to allow me to be the best judge of that,"" returned Macklewain, drawing up his little body to its least insignificant stature.",Libri_3752,neutral,LibriTTS_R
raw_datasets/LibriTTS_R/Speaker_3752/3752_neutral_00_00922.wav,"""They shall not flog that boy,"" he said.",Libri_3752,neutral,LibriTTS_R
raw_datasets/LibriTTS_R/Speaker_3752/3752_neutral_00_00923.wav,"I heard something about it, too.""",Libri_3752,neutral,LibriTTS_R
raw_datasets/LibriTTS_R/Speaker_3752/3752_neutral_00_00924.wav,"He got up at length, went into the kitchen, and found a packet of red pepper.",Libri_3752,neutral,LibriTTS_R
raw_datasets/LibriTTS_R/Speaker_3752/3752_neutral_00_00925.wav,"""A spasm.",Libri_3752,neutral,LibriTTS_R
raw_datasets/LibriTTS_R/Speaker_3752/3752_neutral_00_00926.wav,"""Then don't you interfere with me, sir.""",Libri_3752,neutral,LibriTTS_R
raw_datasets/LibriTTS_R/Speaker_3752/3752_neutral_00_00927.wav,"He'd rather kill himself.""",Libri_3752,neutral,LibriTTS_R
raw_datasets/LibriTTS_R/Speaker_3752/3752_neutral_00_00928.wav,"It is so complete.""",Libri_3752,neutral,LibriTTS_R
raw_datasets/LibriTTS_R/Speaker_3752/3752_neutral_00_00929.wav,"""I thought it was a little paradise,"" said Meekin.",Libri_3752,neutral,LibriTTS_R
raw_datasets/LibriTTS_R/Speaker_3752/3752_neutral_00_00930.wav,"""If Burgess flogs him I'll report it to the Governor,"" cries North, in great heat.",Libri_3752,neutral,LibriTTS_R
raw_datasets/LibriTTS_R/Speaker_3752/3752_neutral_00_00931.wav,The lad has been cruelly punished already.,Libri_3752,neutral,LibriTTS_R
raw_datasets/LibriTTS_R/Speaker_3752/3752_neutral_00_00932.wav,"""So Captain Frere thinks.",Libri_3752,neutral,LibriTTS_R
raw_datasets/LibriTTS_R/Speaker_3752/3752_neutral_00_00933.wav,"""Well, how's Forrest?"" cried Burgess.",Libri_3752,neutral,LibriTTS_R
raw_datasets/LibriTTS_R/Speaker_3752/3752_neutral_00_00934.wav,"""I have a headache."" His manner of speech and action was so awkward that a silence fell upon the party, caused by each one wondering why mr North should grow confused, and drum his fingers on the table, and stare everywhere but at the decanter.",Libri_3752,neutral,LibriTTS_R
raw_datasets/LibriTTS_R/Speaker_3752/3752_neutral_00_00935.wav,"Twice he paused on the way to the sitting room, and twice was he driven on by a power stronger than his will.",Libri_3752,neutral,LibriTTS_R
raw_datasets/LibriTTS_R/Speaker_3752/3752_neutral_00_00936.wav,He had no cancer.,Libri_3752,neutral,LibriTTS_R
raw_datasets/LibriTTS_R/Speaker_3752/3752_neutral_00_00937.wav,"""Yes, it is very complete,"" he said; ""almost too complete.",Libri_3752,neutral,LibriTTS_R
raw_datasets/LibriTTS_R/Speaker_3752/3752_neutral_00_00938.wav,"""I wouldn't trust him.""",Libri_3752,neutral,LibriTTS_R
raw_datasets/LibriTTS_R/Speaker_3752/3752_neutral_00_00939.wav,"He opened the book again, and forced himself to read, but his eyes wandered to the cupboard.",Libri_3752,neutral,LibriTTS_R
raw_datasets/LibriTTS_R/Speaker_3752/3752_neutral_00_00940.wav,"""I'll go back and see Burgess,"" said North.",Libri_3752,neutral,LibriTTS_R
raw_datasets/LibriTTS_R/Speaker_3752/3752_neutral_00_00941.wav,"I'll teach my prisoners to attempt suicide!""",Libri_3752,neutral,LibriTTS_R
raw_datasets/LibriTTS_R/Speaker_3752/3752_neutral_00_00942.wav,He has the strangest fits at times.,Libri_3752,neutral,LibriTTS_R
raw_datasets/LibriTTS_R/Speaker_3752/3752_neutral_00_00943.wav,"""Confound it-another of my best men,"" grumbled Burgess.",Libri_3752,neutral,LibriTTS_R
raw_datasets/LibriTTS_R/Speaker_3752/3752_neutral_00_00944.wav,"""I'll report this to the Government,"" said North, aghast.",Libri_3752,neutral,LibriTTS_R
raw_datasets/LibriTTS_R/Speaker_3752/3752_neutral_00_00945.wav,"""Well, that's just what I'm flogging him for.",Libri_3752,neutral,LibriTTS_R
raw_datasets/LibriTTS_R/Speaker_3752/3752_neutral_00_00946.wav,Here attention was called by the strange behaviour of mr North.,Libri_3752,neutral,LibriTTS_R
raw_datasets/LibriTTS_R/Speaker_3752/3752_neutral_00_00947.wav,"The two men looked at each other, and presently Burgess's eyes fell before those of the chaplain.",Libri_3752,neutral,LibriTTS_R
raw_datasets/LibriTTS_R/Speaker_3752/3752_neutral_00_00948.wav,"""You don't mean to say he's going to flog Kirkland?""",Libri_3752,neutral,LibriTTS_R
raw_datasets/LibriTTS_R/Speaker_3752/3752_neutral_00_00949.wav,"Then he began to walk up and down, to fling himself on the sofa, to read, to pray.",Libri_3752,neutral,LibriTTS_R
raw_datasets/LibriTTS_R/Speaker_3752/3752_neutral_00_00950.wav,"""If the boy has anything to complain of, why don't he complain?",Libri_3752,neutral,LibriTTS_R
raw_datasets/LibriTTS_R/Speaker_3752/3752_neutral_00_00951.wav,"""mr Meekin-dr",Libri_3752,neutral,LibriTTS_R
raw_datasets/LibriTTS_R/Speaker_3752/3752_neutral_00_00952.wav,The Reverend Meekin eyed his clerical brother with horror.,Libri_3752,neutral,LibriTTS_R
raw_datasets/LibriTTS_R/Speaker_3752/3752_neutral_00_00953.wav,"""Captain Burgess, you have no right to mock at my office.""",Libri_3752,neutral,LibriTTS_R
raw_datasets/LibriTTS_R/Speaker_3752/3752_neutral_00_00954.wav,"So they went on to the verandah, and looked down upon the lights of the prison, and listened to the sea lapping the shore.",Libri_3752,neutral,LibriTTS_R
raw_datasets/LibriTTS_R/Speaker_3752/3752_neutral_00_00955.wav,"""A great rascal,"" put in North.",Libri_3752,neutral,LibriTTS_R
raw_datasets/LibriTTS_R/Speaker_3752/3752_neutral_00_00956.wav,"""Well, sir, what of that?"" said Burgess.",Libri_3752,neutral,LibriTTS_R
raw_datasets/LibriTTS_R/Speaker_3752/3752_neutral_00_00957.wav,"No, I say.",Libri_3752,neutral,LibriTTS_R
raw_datasets/LibriTTS_R/Speaker_3752/3752_neutral_00_00958.wav,"""Oh! there's no fear of him,"" said Burgess cheerily; ""if he grows uproarious, we'll soon give him a touch of the cat.""",Libri_3752,neutral,LibriTTS_R
raw_datasets/LibriTTS_R/Speaker_3752/3752_neutral_00_00959.wav,"""The devil he is!",Libri_3752,neutral,LibriTTS_R
raw_datasets/LibriTTS_R/Speaker_3752/3752_neutral_00_00960.wav,"I doubt-forgive me for expressing myself so freely-if you quite know of our convict system.""",Libri_3752,neutral,LibriTTS_R
raw_datasets/LibriTTS_R/Speaker_3752/3752_neutral_00_00961.wav,"""Whom is he going to flog now?""",Libri_3752,neutral,LibriTTS_R
raw_datasets/LibriTTS_R/Speaker_3752/3752_neutral_00_00962.wav,"Sometimes a party comes over with a recommendation from the Governor, and I show them over the place; but, as a rule, we see no one but ourselves.""",Libri_3752,neutral,LibriTTS_R
raw_datasets/LibriTTS_R/Speaker_3752/3752_neutral_00_00963.wav,"""Captain Frere says that the scenery is delightful."" ""So it is,"" returned North, looking askance, ""but the prisoners are not delightful.""",Libri_3752,neutral,LibriTTS_R
raw_datasets/LibriTTS_R/Speaker_3752/3752_neutral_00_00964.wav,"Unless it's a cancer in the stomach, I don't know what it can be.""",Libri_3752,neutral,LibriTTS_R
raw_datasets/LibriTTS_R/Speaker_3752/3752_neutral_00_00965.wav,"The Reverend mr North, in this cool atmosphere, seemed to recover himself, and conversation progressed with some sprightliness.",Libri_3752,neutral,LibriTTS_R
raw_datasets/LibriTTS_R/Speaker_3752/3752_neutral_00_00966.wav,"""Frere!",Libri_3752,neutral,LibriTTS_R
raw_datasets/LibriTTS_R/Speaker_3752/3752_neutral_00_00967.wav,"I struggle, but I am weak.",Libri_3752,neutral,LibriTTS_R
raw_datasets/LibriTTS_R/Speaker_3752/3752_neutral_00_00968.wav,"Burgess-desirous, perhaps, of favourably impressing the chaplain whom the Bishop delighted to honour-shut off his blasphemy for a while, and was urbane enough.",Libri_3752,neutral,LibriTTS_R
raw_datasets/LibriTTS_R/Speaker_3752/3752_neutral_00_00969.wav,North returned home in great agitation.,Libri_3752,neutral,LibriTTS_R
raw_datasets/LibriTTS_R/Speaker_3752/3752_neutral_00_00970.wav,"""I must also be thinking of repose,"" said Meekin; ""the journey-though most enjoyable-has fatigued me.""",Libri_3752,neutral,LibriTTS_R
raw_datasets/LibriTTS_R/Speaker_3752/3752_neutral_00_00971.wav,"""The condition of those dormitories is infamous.""",Libri_3752,neutral,LibriTTS_R
raw_datasets/LibriTTS_R/Speaker_3752/3752_neutral_00_00972.wav,"""This is murderous.""",Libri_3752,neutral,LibriTTS_R
raw_datasets/LibriTTS_R/Speaker_3752/3752_neutral_00_00973.wav,"""Up at daylight, I suppose, again.""",Libri_3752,neutral,LibriTTS_R
raw_datasets/LibriTTS_R/Speaker_3752/3752_neutral_00_00974.wav,"""Fool that I am.""",Libri_3752,neutral,LibriTTS_R
raw_datasets/LibriTTS_R/Speaker_3752/3752_neutral_00_00975.wav,"It was as though he had reached the crisis of a disease which had been for days gathering force. ""I must have a teaspoonful,"" he said, ""to allay the craving.""",Libri_3752,neutral,LibriTTS_R
raw_datasets/LibriTTS_R/Speaker_3752/3752_neutral_00_00976.wav,"I should say so!"" returned Burgess, with a laugh, modelled upon Maurice Frere's own.",Libri_3752,neutral,LibriTTS_R
raw_datasets/LibriTTS_R/Speaker_3752/3752_neutral_00_00977.wav,"""Well now!"" said Meekin, with asperity, ""I don't agree with you. Everybody seems to be against that poor fellow-Captain Frere tried to make me think that his letters contained a hidden meaning, but I don't believe they did.",Libri_3752,neutral,LibriTTS_R
raw_datasets/LibriTTS_R/Speaker_3752/3752_neutral_00_00978.wav,He saw in the darkness the brandy bottle-vulgar and terrible apparition!,Libri_3752,neutral,LibriTTS_R
raw_datasets/LibriTTS_R/Speaker_3752/3752_neutral_00_00979.wav,"""Oh, this must be stopped,"" cried North, in great alarm.",Libri_3752,neutral,LibriTTS_R
raw_datasets/LibriTTS_R/Speaker_3752/3752_neutral_00_00980.wav,"""My dear sir,"" replied North, alive to the importance of conciliating the surgeon, ""you haven't seen him lately.",Libri_3752,neutral,LibriTTS_R
raw_datasets/LibriTTS_R/Speaker_3752/3752_neutral_00_00981.wav,"He wept, he prayed, he fought with his desire as with a madness.",Libri_3752,neutral,LibriTTS_R
raw_datasets/LibriTTS_R/Speaker_3752/3752_neutral_00_00982.wav,He mixed a teaspoonful of this in a pannikin of water and drank it.,Libri_3752,neutral,LibriTTS_R
raw_datasets/LibriTTS_R/Speaker_3752/3752_neutral_00_00983.wav,"North knew well that he would never dare to attempt any such act of violence, but the insult stung him like the cut of a whip.",Libri_3752,neutral,LibriTTS_R
raw_datasets/LibriTTS_R/Speaker_3752/3752_neutral_00_00984.wav,"Good night, once more.""",Libri_3752,neutral,LibriTTS_R
raw_datasets/LibriTTS_R/Speaker_3752/3752_neutral_00_00985.wav,"""Complain!",Libri_3752,neutral,LibriTTS_R
raw_datasets/LibriTTS_R/Speaker_3752/3752_neutral_00_00986.wav,"We can't do anything without evidence.""",Libri_3752,neutral,LibriTTS_R
raw_datasets/LibriTTS_R/Speaker_3752/3752_neutral_00_00987.wav,"It is a brutal punishment.""",Libri_3752,neutral,LibriTTS_R
raw_datasets/LibriTTS_R/Speaker_3752/3752_neutral_00_00988.wav,"""He was put into the long dormitory,"" said North; ""you know what sort of a place that is.",Libri_3752,neutral,LibriTTS_R
raw_datasets/LibriTTS_R/Speaker_3752/3752_neutral_00_00989.wav,"""We've got the fellows here, you know.""",Libri_3752,neutral,LibriTTS_R
raw_datasets/LibriTTS_R/Speaker_3752/3752_neutral_00_00990.wav,"""The Government may go to----, and you, too!"" roared Burgess.",Libri_3752,neutral,LibriTTS_R
raw_datasets/LibriTTS_R/Speaker_3752/3752_neutral_00_00991.wav,"""It's a punishment for brutes,"" said Burgess, and laughed, pleased with the nearest approach to an epigram he ever made in his life.",Libri_3752,neutral,LibriTTS_R
raw_datasets/LibriTTS_R/Speaker_3752/3752_neutral_00_00992.wav,"He made a stride towards the Commandant, as though to seize him by the throat, but, checking himself in time, stood still, with clenched hands, flashing eyes, and beard that bristled.",Libri_3752,neutral,LibriTTS_R
raw_datasets/LibriTTS_R/Speaker_3752/3752_neutral_00_00993.wav,"""Nothing,"" said North, recovering himself with an effort.",Libri_3752,neutral,LibriTTS_R
raw_datasets/LibriTTS_R/Speaker_3752/3752_neutral_00_00994.wav,mr NORTH'S DISPOSITION.,Libri_3752,neutral,LibriTTS_R
raw_datasets/LibriTTS_R/Speaker_3752/3752_neutral_00_00995.wav,"""That's Macklewain's business.""",Libri_3752,neutral,LibriTTS_R
raw_datasets/LibriTTS_R/Speaker_3752/3752_neutral_00_00996.wav,"He reached it at length, and opening the cupboard, pulled out what he sought.",Libri_3752,neutral,LibriTTS_R
raw_datasets/LibriTTS_R/Speaker_3752/3752_neutral_00_00997.wav,Sleep would not come to him.,Libri_3752,neutral,LibriTTS_R
raw_datasets/LibriTTS_R/Speaker_3752/3752_neutral_00_00998.wav,"""Fifty lashes.""",Libri_3752,neutral,LibriTTS_R
raw_datasets/LibriTTS_R/Speaker_3752/3752_neutral_00_00999.wav,"""Captain Burgess,"" protested North, ""I assure you that he does not deserve punishment.",Libri_3752,neutral,LibriTTS_R
raw_datasets/LibriTTS_R/Speaker_3752/3752_neutral_00_01000.wav,"""Do you persist in having this boy flogged?""",Libri_3752,neutral,LibriTTS_R
raw_datasets/LibriTTS_R/Speaker_3752/3752_neutral_00_01001.wav,"""You have not been long in the colony, mr Meekin.",Libri_3752,neutral,LibriTTS_R
raw_datasets/LibriTTS_R/Speaker_3752/3752_neutral_00_01002.wav,Macklewain shook his head seriously.,Libri_3752,neutral,LibriTTS_R
raw_datasets/LibriTTS_R/Speaker_3752/3752_neutral_00_01003.wav,"""That's better.""",Libri_3752,neutral,LibriTTS_R
raw_datasets/LibriTTS_R/Speaker_3752/3752_neutral_00_01004.wav,"""It has made me heartsick.""",Libri_3752,neutral,LibriTTS_R
raw_datasets/LibriTTS_R/Speaker_3752/3752_neutral_00_01005.wav,"""Do you know Captain Frere?""",Libri_3752,neutral,LibriTTS_R
raw_datasets/LibriTTS_R/Speaker_3752/3752_neutral_00_01006.wav,"""You're a dismissed officer of the Government, sir.",Libri_3752,neutral,LibriTTS_R
raw_datasets/LibriTTS_R/Speaker_3752/3752_neutral_00_01007.wav,"He is just married, you know.""",Libri_3752,neutral,LibriTTS_R
raw_datasets/LibriTTS_R/Speaker_3752/3752_neutral_00_01008.wav,"The boy's made his bed, and he must lie on it.""",Libri_3752,neutral,LibriTTS_R
raw_datasets/LibriTTS_R/Speaker_3752/3752_neutral_00_01009.wav,"Macklewain, I want to speak with you a moment.""",Libri_3752,neutral,LibriTTS_R
raw_datasets/LibriTTS_R/Speaker_3752/3752_neutral_00_01010.wav,Still he could not sleep.,Libri_3752,neutral,LibriTTS_R
raw_datasets/LibriTTS_R/Speaker_3752/3752_neutral_00_01011.wav,"The Reverend Meekin was not accustomed to clergymen who wore black neckties, smoked clay pipes, chewed tobacco, and drank neat brandy out of tumblers.",Libri_3752,neutral,LibriTTS_R
raw_datasets/LibriTTS_R/Speaker_3752/3752_neutral_00_01012.wav,"They are going to Sydney, where Captain Frere has some interest, and Frere thinks of taking Port Arthur on his way down.""",Libri_3752,neutral,LibriTTS_R
raw_datasets/LibriTTS_R/Speaker_3752/3752_neutral_00_01013.wav,"""You'll find us rough, mr Meekin,"" he said, ""but you'll find us 'all there' when we're wanted. This is a little kingdom in itself.""",Libri_3752,neutral,LibriTTS_R
raw_datasets/LibriTTS_R/Speaker_3752/3752_neutral_00_01014.wav,"In the midst of his arguments he found himself at the cupboard, with the bottle at his lips, in an attitude that was at once ludicrous and horrible.",Libri_3752,neutral,LibriTTS_R
raw_datasets/LibriTTS_R/Speaker_3752/3752_neutral_00_01015.wav,"""I saw them tried at Hobart Town,"" said Meekin.",Libri_3752,neutral,LibriTTS_R
raw_datasets/LibriTTS_R/Speaker_3752/3752_neutral_00_01016.wav,"""Abandoned, indeed, by God and man-almost.""",Libri_3752,neutral,LibriTTS_R
raw_datasets/LibriTTS_R/Speaker_3752/3752_neutral_00_01017.wav,"""Or like Sancho Panza's island,"" said North.",Libri_3752,neutral,LibriTTS_R
raw_datasets/LibriTTS_R/Speaker_3752/3752_neutral_00_01018.wav,"I'll be back shortly.""",Libri_3752,neutral,LibriTTS_R
raw_datasets/LibriTTS_R/Speaker_3752/3752_neutral_00_01019.wav,"""Good night, sir.",Libri_3752,neutral,LibriTTS_R
raw_datasets/LibriTTS_R/Speaker_3752/3752_neutral_00_01020.wav,"""Very few.",Libri_3752,neutral,LibriTTS_R
raw_datasets/LibriTTS_R/Speaker_3752/3752_neutral_00_01021.wav,"""Cancer in the stomach!",Libri_3752,neutral,LibriTTS_R
raw_datasets/LibriTTS_R/Speaker_3752/3752_neutral_00_01022.wav,"His staff, you know, mr North.",Libri_3752,neutral,LibriTTS_R
raw_datasets/LibriTTS_R/Speaker_3752/3752_neutral_00_01023.wav,"""Ah! Doctor, we all have our crosses, have we not?",Libri_3752,neutral,LibriTTS_R
raw_datasets/LibriTTS_R/Speaker_3752/3752_neutral_00_01024.wav,"""Macklewain, have a glass of wine."" But Macklewain was tired, and wanted to get home.",Libri_3752,neutral,LibriTTS_R
raw_datasets/LibriTTS_R/Speaker_3752/3752_neutral_00_01025.wav,How sweet the moonlight sleeps upon that bank!,Libri_3752,neutral,LibriTTS_R
raw_datasets/LibriTTS_R/Speaker_3752/3752_neutral_00_01026.wav,"""Hullo, North! what's the matter?""",Libri_3752,neutral,LibriTTS_R
raw_datasets/LibriTTS_R/Speaker_3752/3752_neutral_00_01027.wav,Help me!,Libri_3752,neutral,LibriTTS_R
raw_datasets/LibriTTS_R/Speaker_3752/3752_neutral_00_01028.wav,"""Miss Vickers, a charming young person.",Libri_3752,neutral,LibriTTS_R
raw_datasets/LibriTTS_R/Speaker_3752/3752_neutral_00_01029.wav,Meekin-ever softly at his ease-was the first to speak.,Libri_3752,neutral,LibriTTS_R
raw_datasets/LibriTTS_R/Speaker_3752/3752_neutral_00_01030.wav,"I wonder Burgess didn't give him a hundred.""",Libri_3752,neutral,LibriTTS_R
raw_datasets/LibriTTS_R/Speaker_3752/3752_neutral_00_01031.wav,"A romantic story, Captain Burgess.",Libri_3752,neutral,LibriTTS_R
raw_datasets/LibriTTS_R/Speaker_3752/3752_neutral_00_01032.wav,"""mr Meekin, here's the gate, and your room is on the right hand.",Libri_3752,neutral,LibriTTS_R
raw_datasets/LibriTTS_R/Speaker_3752/3752_neutral_00_01033.wav,"""Not at this moment, sir,"" said Burgess, with dignity.",Libri_3752,neutral,LibriTTS_R
raw_datasets/LibriTTS_R/Speaker_3752/3752_neutral_00_01034.wav,"""A nice example to set.",Libri_3752,neutral,LibriTTS_R
raw_datasets/LibriTTS_R/Speaker_3752/3752_neutral_00_01035.wav,"""Captain Burgess, Macklewain tells me you are going to flog Kirkland.""",Libri_3752,neutral,LibriTTS_R
raw_datasets/LibriTTS_R/Speaker_3752/3752_neutral_00_01036.wav,"""There is something wrong about him, but I can't make out what it is.",Libri_3752,neutral,LibriTTS_R
raw_datasets/LibriTTS_R/Speaker_3752/3752_neutral_00_01037.wav,"""No, no, it will pass.",Libri_3752,neutral,LibriTTS_R
raw_datasets/LibriTTS_R/Speaker_3752/3752_neutral_00_01038.wav,I'll report this to the Government.,Libri_3752,neutral,LibriTTS_R
raw_datasets/LibriTTS_R/Speaker_3752/3752_neutral_00_01039.wav,"""Thank you, none,"" said North, filling a tumbler with water.",Libri_3752,neutral,LibriTTS_R
raw_datasets/LibriTTS_R/Speaker_3752/3752_neutral_00_01040.wav,"In vain he repeated texts of Scripture and scraps of verse; in vain counted imaginary sheep, or listened to imaginary clock tickings.",Libri_3752,neutral,LibriTTS_R
raw_datasets/LibriTTS_R/Speaker_3752/3752_neutral_00_01041.wav,"""Pray, don't hurry,"" said Meekin politely.",Libri_3752,neutral,LibriTTS_R
raw_datasets/LibriTTS_R/Speaker_3752/3752_neutral_00_01042.wav,Good night.,Libri_3752,neutral,LibriTTS_R
raw_datasets/LibriTTS_R/Speaker_3752/3752_neutral_00_01043.wav,"Burgess, white with rage, rang the bell that summoned his convict servant.",Libri_3752,neutral,LibriTTS_R
raw_datasets/LibriTTS_R/Speaker_3752/3752_neutral_00_01044.wav,North pursed up his lips.,Libri_3752,neutral,LibriTTS_R
raw_datasets/LibriTTS_R/Speaker_3752/3752_neutral_00_01045.wav,"He's too weak.""",Libri_3752,neutral,LibriTTS_R
raw_datasets/LibriTTS_R/Speaker_3752/3752_neutral_00_01046.wav,"""Look here, mr North, I don't interfere with what you do to the prisoner's souls; don't you interfere with what I do to their bodies.""",Libri_3752,neutral,LibriTTS_R
raw_datasets/LibriTTS_R/Speaker_3752/3752_neutral_00_01047.wav,"He attempted suicide to day-unhappy creature.""",Libri_3752,neutral,LibriTTS_R
raw_datasets/LibriTTS_R/Speaker_3752/3752_neutral_00_01048.wav,"I hope you will be comfortable.""",Libri_3752,neutral,LibriTTS_R
raw_datasets/LibriTTS_R/Speaker_3752/3752_neutral_00_01049.wav,The dinner went off successfully.,Libri_3752,neutral,LibriTTS_R
raw_datasets/LibriTTS_R/Speaker_3752/3752_neutral_00_01050.wav,"To see him rolling on the sofa in agony, to see his white face, his parched lips, and his contracted brow, to hear his moans and muttered prayers, one would have thought him suffering from the pangs of some terrible disease.",Libri_3752,neutral,LibriTTS_R
raw_datasets/LibriTTS_R/Speaker_3752/3752_neutral_00_01051.wav,CHAPTER fourteen.,Libri_3752,neutral,LibriTTS_R
raw_datasets/LibriTTS_R/Speaker_3752/3752_neutral_00_01052.wav,"""But, mr Troke-""",Libri_3752,neutral,LibriTTS_R
raw_datasets/LibriTTS_R/Speaker_3752/3752_neutral_00_01053.wav,"About dawn the next morning, mr North-who, amongst other vagaries not approved of by his bishop, had a habit of prowling about the prison at unofficial hours-was attracted by a dispute at the door of the dormitory.",Libri_3752,neutral,LibriTTS_R
raw_datasets/LibriTTS_R/Speaker_3752/3752_neutral_00_01054.wav,"""Oh, mr North!",Libri_3752,neutral,LibriTTS_R
raw_datasets/LibriTTS_R/Speaker_3752/3752_neutral_00_01055.wav,"Oh, mr North!",Libri_3752,neutral,LibriTTS_R
raw_datasets/LibriTTS_R/Speaker_3752/3752_neutral_00_01056.wav,"North!"" screamed Kirkland.",Libri_3752,neutral,LibriTTS_R
raw_datasets/LibriTTS_R/Speaker_3752/3752_neutral_00_01057.wav,"The Commandant, roused from slumber, told mr North that Kirkland might stop where he was, and that he'd thank the chaplain not to wake him up in the middle of the night because a blank prisoner set up a blank howling.",Libri_3752,neutral,LibriTTS_R
raw_datasets/LibriTTS_R/Speaker_3752/3752_neutral_00_01058.wav,"""Do him good, curse him!",Libri_3752,neutral,LibriTTS_R
raw_datasets/LibriTTS_R/Speaker_3752/3752_neutral_00_01059.wav,"""You'll see if you won't remember this day.""",Libri_3752,neutral,LibriTTS_R
raw_datasets/LibriTTS_R/Speaker_3752/3752_neutral_00_01060.wav,"Kirkland, ghastly pale, bleeding, with his woollen shirt torn, and his blue eyes wide open with terror, was clinging to the bars.",Libri_3752,neutral,LibriTTS_R
raw_datasets/LibriTTS_R/Speaker_3752/3752_neutral_00_01061.wav,"""I order you, sir!"" North cried, indignant.",Libri_3752,neutral,LibriTTS_R
raw_datasets/LibriTTS_R/Speaker_3752/3752_neutral_00_01062.wav,"""What's become of Kirkland?"" he asked.",Libri_3752,neutral,LibriTTS_R
raw_datasets/LibriTTS_R/Speaker_3752/3752_neutral_00_01063.wav,"""Halt! you young fool,"" roared Troke, raising his carbine.",Libri_3752,neutral,LibriTTS_R
raw_datasets/LibriTTS_R/Speaker_3752/3752_neutral_00_01064.wav,"Kirkland jumped for the jetty, missed his footing, and fell into the arms of the chaplain.",Libri_3752,neutral,LibriTTS_R
raw_datasets/LibriTTS_R/Speaker_3752/3752_neutral_00_01065.wav,"""Yes, sir,"" said Troke.",Libri_3752,neutral,LibriTTS_R
raw_datasets/LibriTTS_R/Speaker_3752/3752_neutral_00_01066.wav,"""Oh,"" he said, ""that such a wretch as I should live!""",Libri_3752,neutral,LibriTTS_R
raw_datasets/LibriTTS_R/Speaker_3752/3752_neutral_00_01067.wav,"""Let him out!"" cried North again, stamping his foot.",Libri_3752,neutral,LibriTTS_R
raw_datasets/LibriTTS_R/Speaker_3752/3752_neutral_00_01068.wav,"""But, my good sir,"" protested North, restraining his impulse to overstep the bounds of modesty in his language to his superior officer, ""you know the character of the men in that ward.",Libri_3752,neutral,LibriTTS_R
raw_datasets/LibriTTS_R/Speaker_3752/3752_neutral_00_01069.wav,"""Thank God!"" said Kirkland.",Libri_3752,neutral,LibriTTS_R
raw_datasets/LibriTTS_R/Speaker_3752/3752_neutral_00_01070.wav,"""Very sorry, your reverence; but your reverence knows that I daren't do such a thing."" ""mr",Libri_3752,neutral,LibriTTS_R
raw_datasets/LibriTTS_R/Speaker_3752/3752_neutral_00_01071.wav,"""You blank blank, is that your blank game?",Libri_3752,neutral,LibriTTS_R
raw_datasets/LibriTTS_R/Speaker_3752/3752_neutral_00_01072.wav,"""Troke-pick out some likely man, will you?",Libri_3752,neutral,LibriTTS_R
raw_datasets/LibriTTS_R/Speaker_3752/3752_neutral_00_01073.wav,"March!""",Libri_3752,neutral,LibriTTS_R
raw_datasets/LibriTTS_R/Speaker_3752/3752_neutral_00_01074.wav,Kirkland belonged to a Methodist family and owned a piety utterly out of place in that region.,Libri_3752,neutral,LibriTTS_R
raw_datasets/LibriTTS_R/Speaker_3752/3752_neutral_00_01075.wav,CHAPTER thirteen.,Libri_3752,neutral,LibriTTS_R
raw_datasets/LibriTTS_R/Speaker_3752/3752_neutral_00_01076.wav,"""What, Kirkland!"" cried North, who was ignorant of the vengeance of the Commandant.",Libri_3752,neutral,LibriTTS_R
raw_datasets/LibriTTS_R/Speaker_3752/3752_neutral_00_01077.wav,"Kirkland only breathed harder, and looked round for mr North, but mr North had gone.",Libri_3752,neutral,LibriTTS_R
raw_datasets/LibriTTS_R/Speaker_3752/3752_neutral_00_01078.wav,"""Poor young chap!",Libri_3752,neutral,LibriTTS_R
raw_datasets/LibriTTS_R/Speaker_3752/3752_neutral_00_01079.wav,"Troke reported the ex bank clerk that night to Burgess, and Burgess, who was about to go to dinner with the new chaplain, disposed of his case out of hand.",Libri_3752,neutral,LibriTTS_R
raw_datasets/LibriTTS_R/Speaker_3752/3752_neutral_00_01080.wav,"""Wants to come out.""",Libri_3752,neutral,LibriTTS_R
raw_datasets/LibriTTS_R/Speaker_3752/3752_neutral_00_01081.wav,"""I'm not to go in there?"" says the ex bank clerk, drawing back in dismay from the cloud of foul faces which lowered upon him.",Libri_3752,neutral,LibriTTS_R
raw_datasets/LibriTTS_R/Speaker_3752/3752_neutral_00_01082.wav,"Just as he reached it, however, the figure of mr North rose from behind a pile of stones.",Libri_3752,neutral,LibriTTS_R
raw_datasets/LibriTTS_R/Speaker_3752/3752_neutral_00_01083.wav,"Get in."" So Kirkland, aged twenty two, and the son of Methodist parents, went in.",Libri_3752,neutral,LibriTTS_R
raw_datasets/LibriTTS_R/Speaker_3752/3752_neutral_00_01084.wav,"You can guess what that unhappy boy has suffered.""",Libri_3752,neutral,LibriTTS_R
raw_datasets/LibriTTS_R/Speaker_3752/3752_neutral_00_01085.wav,"Rufus Dawes, among whose sinister memories this yard was numbered, sighed.",Libri_3752,neutral,LibriTTS_R
raw_datasets/LibriTTS_R/Speaker_3752/3752_neutral_00_01086.wav,"mr North!"" cried a voice, ""for the love of God, let me out of this place!""",Libri_3752,neutral,LibriTTS_R
raw_datasets/LibriTTS_R/Speaker_3752/3752_neutral_00_01087.wav,Must stop that.,Libri_3752,neutral,LibriTTS_R
raw_datasets/LibriTTS_R/Speaker_3752/3752_neutral_00_01088.wav,"Tell Macklewain to be ready-or stay, I'll tell him myself-I'll break the young devil's spirit, blank him.""",Libri_3752,neutral,LibriTTS_R
raw_datasets/LibriTTS_R/Speaker_3752/3752_neutral_00_01089.wav,"His flogging wouldn't have killed a flea.""",Libri_3752,neutral,LibriTTS_R
raw_datasets/LibriTTS_R/Speaker_3752/3752_neutral_00_01090.wav,"""What do they do if you try to bolt?"" whispered Kirkland.",Libri_3752,neutral,LibriTTS_R
raw_datasets/LibriTTS_R/Speaker_3752/3752_neutral_00_01091.wav,"He had been a clerk in a banking house, and was transported for embezzlement, though, by some, grave doubts as to his guilt were entertained.",Libri_3752,neutral,LibriTTS_R
raw_datasets/LibriTTS_R/Speaker_3752/3752_neutral_00_01092.wav,"""Would you see me perish, body and soul, in this place?",Libri_3752,neutral,LibriTTS_R
raw_datasets/LibriTTS_R/Speaker_3752/3752_neutral_00_01093.wav,"His face was of a greenish tint, and wore an expression of bewildered horror.",Libri_3752,neutral,LibriTTS_R
raw_datasets/LibriTTS_R/Speaker_3752/3752_neutral_00_01094.wav,"Lie quiet!""",Libri_3752,neutral,LibriTTS_R
raw_datasets/LibriTTS_R/Speaker_3752/3752_neutral_00_01095.wav,"In the morning, Rufus Dawes, coming to his place on the chain gang, was struck by the altered appearance of Kirkland.",Libri_3752,neutral,LibriTTS_R
raw_datasets/LibriTTS_R/Speaker_3752/3752_neutral_00_01096.wav,"Hold up, my lad.",Libri_3752,neutral,LibriTTS_R
raw_datasets/LibriTTS_R/Speaker_3752/3752_neutral_00_01097.wav,"""Hold on to me, Miss Nancy,"" said the giant, ""I'm big enough to carry double.""",Libri_3752,neutral,LibriTTS_R
raw_datasets/LibriTTS_R/Speaker_3752/3752_neutral_00_01098.wav,"""Impertinent young beggar!"" said Burgess.",Libri_3752,neutral,LibriTTS_R
raw_datasets/LibriTTS_R/Speaker_3752/3752_neutral_00_01099.wav,"""I can't.",Libri_3752,neutral,LibriTTS_R
raw_datasets/LibriTTS_R/Speaker_3752/3752_neutral_00_01100.wav,I won't have my men knocked up with flogging these rascals.,Libri_3752,neutral,LibriTTS_R
raw_datasets/LibriTTS_R/Speaker_3752/3752_neutral_00_01101.wav,Rufus Dawes nodded.,Libri_3752,neutral,LibriTTS_R
raw_datasets/LibriTTS_R/Speaker_3752/3752_neutral_00_01102.wav,mr North!,Libri_3752,neutral,LibriTTS_R
raw_datasets/LibriTTS_R/Speaker_3752/3752_neutral_00_01103.wav,"mr North, I'm sorry you should have had the trouble to come here, but will you let me go to sleep?""",Libri_3752,neutral,LibriTTS_R
raw_datasets/LibriTTS_R/Speaker_3752/3752_neutral_00_01104.wav,"""What have you been doing to get into this scrape?""",Libri_3752,neutral,LibriTTS_R
raw_datasets/LibriTTS_R/Speaker_3752/3752_neutral_00_01105.wav,"""They won't do it.""",Libri_3752,neutral,LibriTTS_R
raw_datasets/LibriTTS_R/Speaker_3752/3752_neutral_00_01106.wav,"He had hardly uttered the words, when the boy flung himself beneath the log.",Libri_3752,neutral,LibriTTS_R
raw_datasets/LibriTTS_R/Speaker_3752/3752_neutral_00_01107.wav,That last fellow you had ought to have been tied up himself.,Libri_3752,neutral,LibriTTS_R
raw_datasets/LibriTTS_R/Speaker_3752/3752_neutral_00_01108.wav,"""There's more trouble with you bloody aristocrats than enough.",Libri_3752,neutral,LibriTTS_R
raw_datasets/LibriTTS_R/Speaker_3752/3752_neutral_00_01109.wav,"So, doubtless, it was, and might have been, had not an untoward accident occurred.",Libri_3752,neutral,LibriTTS_R
raw_datasets/LibriTTS_R/Speaker_3752/3752_neutral_00_01110.wav,"For God's sake, mr North!"" and beat on the bars with white and sweating hands.",Libri_3752,neutral,LibriTTS_R
raw_datasets/LibriTTS_R/Speaker_3752/3752_neutral_00_01111.wav,"""I suppose so.",Libri_3752,neutral,LibriTTS_R
raw_datasets/LibriTTS_R/Speaker_3752/3752_neutral_00_01112.wav,"""It's no good being in the mopes, you know.""",Libri_3752,neutral,LibriTTS_R
raw_datasets/LibriTTS_R/Speaker_3752/3752_neutral_00_01113.wav,"""mr North!",Libri_3752,neutral,LibriTTS_R
raw_datasets/LibriTTS_R/Speaker_3752/3752_neutral_00_01114.wav,"""Tried to bolt, eh!",Libri_3752,neutral,LibriTTS_R
raw_datasets/LibriTTS_R/Speaker_3752/3752_neutral_00_01115.wav,"""Oh, mr North,"" says Kirkland, ""why did you stop me?",Libri_3752,neutral,LibriTTS_R
raw_datasets/LibriTTS_R/Speaker_3752/3752_neutral_00_01116.wav,But Kirkland kept steadily on for the river.,Libri_3752,neutral,LibriTTS_R
raw_datasets/LibriTTS_R/Speaker_3752/3752_neutral_00_01117.wav,"If you fall, we must fall over you, and then you're done for.""",Libri_3752,neutral,LibriTTS_R
raw_datasets/LibriTTS_R/Speaker_3752/3752_neutral_00_01118.wav,"""Have you ever been in that-that place I was in last night?"" asked Kirkland.",Libri_3752,neutral,LibriTTS_R
raw_datasets/LibriTTS_R/Speaker_3752/3752_neutral_00_01119.wav,"If the scourger won't do his duty, tie him up, and give him five and twenty for himself.",Libri_3752,neutral,LibriTTS_R
raw_datasets/LibriTTS_R/Speaker_3752/3752_neutral_00_01120.wav,"""Can't sir, without an order from the Commandant.""",Libri_3752,neutral,LibriTTS_R
raw_datasets/LibriTTS_R/Speaker_3752/3752_neutral_00_01121.wav,"The work of the gang that afternoon was the carrying of some heavy logs to the water side, and Rufus Dawes observed that Kirkland was exhausted long before the task was accomplished.",Libri_3752,neutral,LibriTTS_R
raw_datasets/LibriTTS_R/Speaker_3752/3752_neutral_00_01122.wav,"""A prisoner refractory, your reverence,"" said the watchman.",Libri_3752,neutral,LibriTTS_R
raw_datasets/LibriTTS_R/Speaker_3752/3752_neutral_00_01123.wav,"But Kirkland could do nothing but cry,--""Oh, mr North!",Libri_3752,neutral,LibriTTS_R
raw_datasets/LibriTTS_R/Speaker_3752/3752_neutral_00_01124.wav,"North returned to the prison disconsolately, found the dutiful Hailes at his post, and all quiet.",Libri_3752,neutral,LibriTTS_R
raw_datasets/LibriTTS_R/Speaker_3752/3752_neutral_00_01125.wav,"I'll be down in the morning myself if I can.""",Libri_3752,neutral,LibriTTS_R
raw_datasets/LibriTTS_R/Speaker_3752/3752_neutral_00_01126.wav,"""Kill you,"" returned Dawes, in a tone of surprise at so preposterous a question.",Libri_3752,neutral,LibriTTS_R
raw_datasets/LibriTTS_R/Speaker_3752/3752_neutral_00_01127.wav,"""Fretted hisself to sleep, yer reverence,"" said Hailes, in accents of parental concern.",Libri_3752,neutral,LibriTTS_R
raw_datasets/LibriTTS_R/Speaker_3752/3752_neutral_00_01128.wav,"""Now then, Miss Nancy,"" said one of the men, ""what's the matter with you!"" Kirkland shuddered, and his pale face grew crimson.",Libri_3752,neutral,LibriTTS_R
raw_datasets/LibriTTS_R/Speaker_3752/3752_neutral_00_01129.wav,"So fierce was the glamour of the place, however, that when locked into his cell, he felt ashamed for that sigh, and strove to erase the memory of it.",Libri_3752,neutral,LibriTTS_R
raw_datasets/LibriTTS_R/Speaker_3752/3752_neutral_00_01130.wav,"""What's the matter here?"" he asked.",Libri_3752,neutral,LibriTTS_R
raw_datasets/LibriTTS_R/Speaker_3752/3752_neutral_00_01131.wav,"""Stow your gaff,"" says Troke, with another oath, and impatiently striking the lad with his thong-""I can't argue here all night.",Libri_3752,neutral,LibriTTS_R
raw_datasets/LibriTTS_R/Speaker_3752/3752_neutral_00_01132.wav,"What does he care?""",Libri_3752,neutral,LibriTTS_R
raw_datasets/LibriTTS_R/Speaker_3752/3752_neutral_00_01133.wav,"His name was Kirkland, and he belonged to what were known as the ""educated"" prisoners.",Libri_3752,neutral,LibriTTS_R
raw_datasets/LibriTTS_R/Speaker_3752/3752_neutral_00_01134.wav,"""You young vermin-you shall pay for this,"" cries Troke.",Libri_3752,neutral,LibriTTS_R
raw_datasets/LibriTTS_R/Speaker_3752/3752_neutral_00_01135.wav,"""Good evening, sir.""",Libri_3752,neutral,LibriTTS_R
raw_datasets/LibriTTS_R/Speaker_3752/3752_neutral_00_01136.wav,"Oh, you ministers of Christ-wolves in sheep's clothing-you shall be judged for this!""",Libri_3752,neutral,LibriTTS_R
raw_datasets/LibriTTS_R/Speaker_3752/3752_neutral_00_01137.wav,"If he was dying, I can't.""",Libri_3752,neutral,LibriTTS_R
raw_datasets/LibriTTS_R/Speaker_3752/3752_neutral_00_01138.wav,"""Let him out, watchman!"" said North.",Libri_3752,neutral,LibriTTS_R
raw_datasets/LibriTTS_R/Speaker_3752/3752_neutral_00_01139.wav,"Fifty lashes, Troke.",Libri_3752,neutral,LibriTTS_R
raw_datasets/LibriTTS_R/Speaker_3752/3752_neutral_00_01140.wav,"""Cheer up, man!"" said Dawes, touched with momentary pity.",Libri_3752,neutral,LibriTTS_R
raw_datasets/LibriTTS_R/Speaker_3752/3752_neutral_00_01141.wav,"North rushed away to the Commandant, and the instant his back was turned, Hailes, the watchman, flung open the door, and darted into the dormitory.",Libri_3752,neutral,LibriTTS_R
raw_datasets/LibriTTS_R/Speaker_3752/3752_neutral_00_01142.wav,"""Silence!"" cried Troke.",Libri_3752,neutral,LibriTTS_R
raw_datasets/LibriTTS_R/Speaker_3752/3752_neutral_00_01143.wav,"The toil was severe, and the companionship uncouth, but despite his blistered hands and aching back, he had not experienced anything so very terrible after all.",Libri_3752,neutral,LibriTTS_R
raw_datasets/LibriTTS_R/Speaker_3752/3752_neutral_00_01144.wav,"Oh, for God's sake, mr North!""",Libri_3752,neutral,LibriTTS_R
raw_datasets/LibriTTS_R/Speaker_3752/3752_neutral_00_01145.wav,"""Your blessed hide'll feel for this, see if it don't.""",Libri_3752,neutral,LibriTTS_R
raw_datasets/LibriTTS_R/Speaker_3752/3752_neutral_00_01146.wav,"Kirkland was put into a separate cell that night; and Troke, by way of assuring him a good night's rest, told him that he was to have ""fifty"" in the morning.",Libri_3752,neutral,LibriTTS_R
raw_datasets/LibriTTS_R/Speaker_3752/3752_neutral_00_01147.wav,"I'll blank soon cure you of that!"" and forthwith ordered him to the chain gang for ""insubordination"".",Libri_3752,neutral,LibriTTS_R
raw_datasets/LibriTTS_R/Speaker_1919/1919_neutral_00_01148.wav,PICKLED CUCUMBERS.,Libri_1919,neutral,LibriTTS_R
raw_datasets/LibriTTS_R/Speaker_1919/1919_neutral_00_01149.wav,"The next day, drain them well for six hours, put them into a jar, pour boiling vinegar over them, and keep them in a warm place.",Libri_1919,neutral,LibriTTS_R
raw_datasets/LibriTTS_R/Speaker_1919/1919_neutral_00_01150.wav,"In a short time, boil up the vinegar again, add pepper and ginger in the above proportion, and instantly cover them up.",Libri_1919,neutral,LibriTTS_R
raw_datasets/LibriTTS_R/Speaker_1919/1919_neutral_00_01151.wav,"Tie them down with bladder, and in a few days they will be fit for use.",Libri_1919,neutral,LibriTTS_R
raw_datasets/LibriTTS_R/Speaker_1919/1919_neutral_00_01152.wav,[Illustration: LONG PEPPER.],Libri_1919,neutral,LibriTTS_R
raw_datasets/LibriTTS_R/Speaker_1919/1919_neutral_00_01153.wav,The romans indulged in them to a most extravagant degree.,Libri_1919,neutral,LibriTTS_R
raw_datasets/LibriTTS_R/Speaker_1919/1919_neutral_00_01154.wav,"CUCUMBER SAUCE, WHITE.",Libri_1919,neutral,LibriTTS_R
raw_datasets/LibriTTS_R/Speaker_1919/1919_neutral_00_01155.wav,"Let it stand four or five days, boil it all up, and when cold, strain the liquor through a piece of muslin, and store it away in small bottles well sealed.",Libri_1919,neutral,LibriTTS_R
raw_datasets/LibriTTS_R/Speaker_1919/1919_neutral_00_01156.wav,"INGREDIENTS.--Cucumbers, salt.",Libri_1919,neutral,LibriTTS_R
raw_datasets/LibriTTS_R/Speaker_1919/1919_neutral_00_01157.wav,[Illustration: THE CUCUMBER.],Libri_1919,neutral,LibriTTS_R
raw_datasets/LibriTTS_R/Speaker_1919/1919_neutral_00_01158.wav,"If they are not a fine green, change the water again, cover them as before, and make them hot.",Libri_1919,neutral,LibriTTS_R
raw_datasets/LibriTTS_R/Speaker_1919/1919_neutral_00_01159.wav,"Boil the syrup once in two or three days for three weeks; strengthen it if required, and let it be quite cold before the cucumbers are put in.",Libri_1919,neutral,LibriTTS_R
raw_datasets/LibriTTS_R/Speaker_1919/1919_neutral_00_01160.wav,"COMMON SALT.--By this we mean salt used for cooking purposes, which is found in great abundance both on land and in the waters of the ocean.",Libri_1919,neutral,LibriTTS_R
raw_datasets/LibriTTS_R/Speaker_1919/1919_neutral_00_01161.wav,"We here give an engraving of a salt mine at Northwich, Cheshire, where both salt mines and brine springs are exceedingly productive, and are believed to have been wrought so far back as during the occupation of Britain by the romans.",Libri_1919,neutral,LibriTTS_R
raw_datasets/LibriTTS_R/Speaker_1919/1919_neutral_00_01162.wav,"Beat the eggs, stir to them the milk and pounded sugar, and put the mixture into a jug.",Libri_1919,neutral,LibriTTS_R
raw_datasets/LibriTTS_R/Speaker_1919/1919_neutral_00_01163.wav,DUTCH SAUCE FOR FISH.,Libri_1919,neutral,LibriTTS_R
raw_datasets/LibriTTS_R/Speaker_1919/1919_neutral_00_01164.wav,"When it is sufficiently thick, take it off, as it should not boil.",Libri_1919,neutral,LibriTTS_R
raw_datasets/LibriTTS_R/Speaker_1919/1919_neutral_00_01165.wav,"Tarragon vinegar may be used instead of plain, and, by many, is considered far preferable.",Libri_1919,neutral,LibriTTS_R
raw_datasets/LibriTTS_R/Speaker_1919/1919_neutral_00_01166.wav,"Note.--This sauce may be poured hot over salad, and left to get quite cold, when it should be thick, smooth, and somewhat stiff.",Libri_1919,neutral,LibriTTS_R
raw_datasets/LibriTTS_R/Speaker_1919/1919_neutral_00_01167.wav,"Excellent salads may be made of hard eggs, or the remains of salt fish flaked nicely from the bone, by pouring over a little of the above mixture when hot, and allowing it to cool.",Libri_1919,neutral,LibriTTS_R
raw_datasets/LibriTTS_R/Speaker_1919/1919_neutral_00_01168.wav,"It is hardier than the orange, and, as one of the citron tribe, was brought into Europe by the Arabians.",Libri_1919,neutral,LibriTTS_R
raw_datasets/LibriTTS_R/Speaker_1919/1919_neutral_00_01169.wav,"The lemon was first cultivated in England in the beginning of the seventeenth century, and is now often to be found in our green houses.",Libri_1919,neutral,LibriTTS_R
raw_datasets/LibriTTS_R/Speaker_1919/1919_neutral_00_01170.wav,"The kind commonly sold, however, is imported from Portugal, Spain, and the Azores.",Libri_1919,neutral,LibriTTS_R
raw_datasets/LibriTTS_R/Speaker_1919/1919_neutral_00_01171.wav,"GREEN DUTCH SAUCE, or HOLLANDAISE VERTE.",Libri_1919,neutral,LibriTTS_R
raw_datasets/LibriTTS_R/Speaker_1919/1919_neutral_00_01172.wav,"Make a green colouring by pounding some parsley in a mortar, and squeezing all the juice from it.",Libri_1919,neutral,LibriTTS_R
raw_datasets/LibriTTS_R/Speaker_1919/1919_neutral_00_01173.wav,"It grows somewhat like the lily of the valley, but its height is about three feet.",Libri_1919,neutral,LibriTTS_R
raw_datasets/LibriTTS_R/Speaker_1919/1919_neutral_00_01174.wav,"In Jamaica it flowers about August or September, fading about the end of the year.",Libri_1919,neutral,LibriTTS_R
raw_datasets/LibriTTS_R/Speaker_1919/1919_neutral_00_01175.wav,EGG BALLS FOR SOUPS AND MADE DISHES.,Libri_1919,neutral,LibriTTS_R
raw_datasets/LibriTTS_R/Speaker_1919/1919_neutral_00_01176.wav,"Beat the yolks of the other two eggs; add them, with a little flour and salt, to those pounded; mix all well together, and roll into balls.",Libri_1919,neutral,LibriTTS_R
raw_datasets/LibriTTS_R/Speaker_1919/1919_neutral_00_01177.wav,EGG SAUCE FOR SALT FISH.,Libri_1919,neutral,LibriTTS_R
raw_datasets/LibriTTS_R/Speaker_1919/1919_neutral_00_01178.wav,"Strip off the shells, chop the eggs into small pieces, not, however, too fine.",Libri_1919,neutral,LibriTTS_R
raw_datasets/LibriTTS_R/Speaker_1919/1919_neutral_00_01179.wav,Lemon juice may be added at pleasure.,Libri_1919,neutral,LibriTTS_R
raw_datasets/LibriTTS_R/Speaker_1919/1919_neutral_00_01180.wav,"EPICUREAN SAUCE FOR STEAKS, CHOPS, GRAVIES, o r FISH.",Libri_1919,neutral,LibriTTS_R
raw_datasets/LibriTTS_R/Speaker_1919/1919_neutral_00_01181.wav,"Strain, and bottle off for use.",Libri_1919,neutral,LibriTTS_R
raw_datasets/LibriTTS_R/Speaker_1919/1919_neutral_00_01182.wav,[Illustration: SHALOT.],Libri_1919,neutral,LibriTTS_R
raw_datasets/LibriTTS_R/Speaker_1919/1919_neutral_00_01183.wav,"It is called by old authors the ""barren onion,"" and is used in sauces and pickles, soups and made dishes, and as an accompaniment to chops and steaks.",Libri_1919,neutral,LibriTTS_R
raw_datasets/LibriTTS_R/Speaker_1919/1919_neutral_00_01184.wav,"ESPAGNOLE, o r BROWN SPANISH SAUCE.",Libri_1919,neutral,LibriTTS_R
raw_datasets/LibriTTS_R/Speaker_1919/1919_neutral_00_01185.wav,"Strain and skim off every particle of fat, and when required for use, thicken with butter and flour, or with a little roux.",Libri_1919,neutral,LibriTTS_R
raw_datasets/LibriTTS_R/Speaker_1919/1919_neutral_00_01186.wav,"Add the wine, and, if necessary, a seasoning of cayenne; when it will be ready to serve.",Libri_1919,neutral,LibriTTS_R
raw_datasets/LibriTTS_R/Speaker_1919/1919_neutral_00_01187.wav,"This sauce or gravy is used for many dishes, and with most people is a general favourite.",Libri_1919,neutral,LibriTTS_R
raw_datasets/LibriTTS_R/Speaker_1919/1919_neutral_00_01188.wav,FENNEL SAUCE FOR MACKEREL.,Libri_1919,neutral,LibriTTS_R
raw_datasets/LibriTTS_R/Speaker_1919/1919_neutral_00_01189.wav,"Simmer for a minute or two, and serve in a tureen.",Libri_1919,neutral,LibriTTS_R
raw_datasets/LibriTTS_R/Speaker_1919/1919_neutral_00_01190.wav,"It is very generally cultivated in gardens, and has much improved on its original form.",Libri_1919,neutral,LibriTTS_R
raw_datasets/LibriTTS_R/Speaker_1919/1919_neutral_00_01191.wav,"Various dishes are frequently ornamented and garnished with its graceful leaves, and these are sometimes boiled in soups, although it is more usually confined, in English cookery, to the mackerel sauce as here given.",Libri_1919,neutral,LibriTTS_R
raw_datasets/LibriTTS_R/Speaker_1919/1919_neutral_00_01192.wav,FISH SAUCE.,Libri_1919,neutral,LibriTTS_R
raw_datasets/LibriTTS_R/Speaker_1919/1919_neutral_00_01193.wav,FORCEMEAT BALLS FOR FISH SOUPS.,Libri_1919,neutral,LibriTTS_R
raw_datasets/LibriTTS_R/Speaker_1919/1919_neutral_00_01194.wav,Continue pounding till the whole is nicely amalgamated.,Libri_1919,neutral,LibriTTS_R
raw_datasets/LibriTTS_R/Speaker_1919/1919_neutral_00_01195.wav,"Warm the butter till it is in a liquid state; well whisk the eggs, and work these up with the pounded lobster meat.",Libri_1919,neutral,LibriTTS_R
raw_datasets/LibriTTS_R/Speaker_1919/1919_neutral_00_01196.wav,"Work the whole well together, and the forcemeat will be ready for use.",Libri_1919,neutral,LibriTTS_R
raw_datasets/LibriTTS_R/Speaker_1919/1919_neutral_00_01197.wav,"If the pie is not to be eaten immediately, omit the herbs and parsley, as these would prevent it from keeping.",Libri_1919,neutral,LibriTTS_R
raw_datasets/LibriTTS_R/Speaker_1919/1919_neutral_00_01198.wav,Mushrooms or truffles may be added.,Libri_1919,neutral,LibriTTS_R
raw_datasets/LibriTTS_R/Speaker_1919/1919_neutral_00_01199.wav,"MARJORAM.--Although there are several species of marjoram, that which is known as the sweet or knotted marjoram, is the one usually preferred in cookery.",Libri_1919,neutral,LibriTTS_R
raw_datasets/LibriTTS_R/Speaker_1919/1919_neutral_00_01200.wav,"It is a native of Portugal, and when its leaves are used as a seasoning herb, they have an agreeable aromatic flavour.",Libri_1919,neutral,LibriTTS_R
raw_datasets/LibriTTS_R/Speaker_1919/1919_neutral_00_01201.wav,"FORCEMEAT FOR PIKE, CARP, HADDOCK, AND VARIOUS KINDS OF FISH.",Libri_1919,neutral,LibriTTS_R
raw_datasets/LibriTTS_R/Speaker_1919/1919_neutral_00_01202.wav,"Oysters or anchovies may be added to this forcemeat, and will be found a great improvement.",Libri_1919,neutral,LibriTTS_R
raw_datasets/LibriTTS_R/Speaker_1919/1919_neutral_00_01203.wav,"of bread crumbs, two eggs.",Libri_1919,neutral,LibriTTS_R
raw_datasets/LibriTTS_R/Speaker_1919/1919_neutral_00_01204.wav,"Now beat and strain the eggs, work these up with the other ingredients, and the forcemeat will be ready for use.",Libri_1919,neutral,LibriTTS_R
raw_datasets/LibriTTS_R/Speaker_1919/1919_neutral_00_01205.wav,"As we have stated before, no one flavour should predominate greatly, and the forcemeat should be of sufficient body to cut with a knife, and yet not dry and heavy.",Libri_1919,neutral,LibriTTS_R
raw_datasets/LibriTTS_R/Speaker_1919/1919_neutral_00_01206.wav,"Boil for five minutes, mince it very small, and mix it with the other ingredients.",Libri_1919,neutral,LibriTTS_R
raw_datasets/LibriTTS_R/Speaker_1919/1919_neutral_00_01207.wav,[Illustration: BASIL.],Libri_1919,neutral,LibriTTS_R
raw_datasets/LibriTTS_R/Speaker_1919/1919_neutral_00_01208.wav,"It will be well to state, in the beginning of this recipe, that French forcemeat, or quenelles, consist of the blending of three separate processes; namely, panada, udder, and whatever meat you intend using.",Libri_1919,neutral,LibriTTS_R
raw_datasets/LibriTTS_R/Speaker_1919/1919_neutral_00_01209.wav,PANADA.,Libri_1919,neutral,LibriTTS_R
raw_datasets/LibriTTS_R/Speaker_1919/1919_neutral_00_01210.wav,"When done, moisten with two teacupfuls of white stock, boil for twenty minutes, and strain the whole through a sieve over the panada in the other stewpan. Place it over the fire, keep constantly stirring, to prevent its burning, and when quite dry, put in a small piece of butter.",Libri_1919,neutral,LibriTTS_R
raw_datasets/LibriTTS_R/Speaker_1919/1919_neutral_00_01211.wav,"Let this again dry up by stirring over the fire; then add the yolks of two eggs, mix well, put the panada to cool on a clean plate, and use it when required.",Libri_1919,neutral,LibriTTS_R
raw_datasets/LibriTTS_R/Speaker_1919/1919_neutral_00_01212.wav,"That portion which passes through the strainer is one of the three ingredients of which French forcemeats are generally composed; but many cooks substitute butter for this, being a less troublesome and more expeditious mode of preparation.",Libri_1919,neutral,LibriTTS_R
raw_datasets/LibriTTS_R/Speaker_1919/1919_neutral_00_01213.wav,[Illustration: PESTLE AND MORTAR.],Libri_1919,neutral,LibriTTS_R
raw_datasets/LibriTTS_R/Speaker_1919/1919_neutral_00_01214.wav,"They are made of iron, and, in that material, can be bought cheap; but as these are not available, for all purposes, we should recommend, as more economical in the end, those made of Wedgwood, although these are considerably more expensive than the former.",Libri_1919,neutral,LibriTTS_R
raw_datasets/LibriTTS_R/Speaker_1919/1919_neutral_00_01215.wav,"When the whole is well blended together, mould it into balls, or whatever shape is intended, roll them in flour, and poach in boiling water, to which a little salt should have been added.",Libri_1919,neutral,LibriTTS_R
raw_datasets/LibriTTS_R/Speaker_1919/1919_neutral_00_01216.wav,"If the quenelles are not firm enough, add the yolk of another egg, but omit the white, which only makes them hollow and puffy inside.",Libri_1919,neutral,LibriTTS_R
raw_datasets/LibriTTS_R/Speaker_1919/1919_neutral_00_01217.wav,"In the preparation of this recipe, it would be well to bear in mind that the ingredients are to be well pounded and seasoned, and must be made hard or soft according to the dishes they are intended for.",Libri_1919,neutral,LibriTTS_R
raw_datasets/LibriTTS_R/Speaker_1919/1919_neutral_00_01218.wav,"For brown or white ragouts they should be firm, and when the quenelles are used very small, extreme delicacy will be necessary in their preparation.",Libri_1919,neutral,LibriTTS_R
raw_datasets/LibriTTS_R/Speaker_1919/1919_neutral_00_01219.wav,FRIED BREAD CRUMBS.,Libri_1919,neutral,LibriTTS_R
raw_datasets/LibriTTS_R/Speaker_1919/1919_neutral_00_01220.wav,"Cut the bread into thin slices, place them in a cool oven overnight, and when thoroughly dry and crisp, roll them down into fine crumbs.",Libri_1919,neutral,LibriTTS_R
raw_datasets/LibriTTS_R/Speaker_1919/1919_neutral_00_01221.wav,"When quite crisp, they are ready for use.",Libri_1919,neutral,LibriTTS_R
raw_datasets/LibriTTS_R/Speaker_1919/1919_neutral_00_01222.wav,"Fry them in the same manner as the bread crumbs, in clear boiling lard, or clarified dripping, and drain them until thoroughly crisp before the fire.",Libri_1919,neutral,LibriTTS_R
raw_datasets/LibriTTS_R/Speaker_1919/1919_neutral_00_01223.wav,"When variety is desired, fry some of a pale colour, and others of a darker hue.",Libri_1919,neutral,LibriTTS_R
raw_datasets/LibriTTS_R/Speaker_1919/1919_neutral_00_01224.wav,FRIED BREAD FOR BORDERS.,Libri_1919,neutral,LibriTTS_R
raw_datasets/LibriTTS_R/Speaker_1919/1919_neutral_00_01225.wav,"Proceed as above, by frying some slices of bread cut in any fanciful shape.",Libri_1919,neutral,LibriTTS_R
raw_datasets/LibriTTS_R/Speaker_1919/1919_neutral_00_01226.wav,"When quite crisp, dip one side of the sippet into the beaten white of an egg mixed with a little flour, and place it on the edge of the dish.",Libri_1919,neutral,LibriTTS_R
raw_datasets/LibriTTS_R/Speaker_1919/1919_neutral_00_01227.wav,"Continue in this manner till the border is completed, arranging the sippets a pale and a dark one alternately.",Libri_1919,neutral,LibriTTS_R
raw_datasets/LibriTTS_R/Speaker_1919/1919_neutral_00_01228.wav,"Put the udder into a stewpan with sufficient water to cover it; let it stew gently till quite done, when take it out to cool.",Libri_1919,neutral,LibriTTS_R
raw_datasets/LibriTTS_R/Speaker_1919/1919_neutral_00_01229.wav,"The fleshy creeping roots, which form the ginger of commerce, are in a proper state to be dug when the stalks are entirely withered.",Libri_1919,neutral,LibriTTS_R
raw_datasets/LibriTTS_R/Speaker_1919/1919_neutral_00_01230.wav,"Place the jug in a saucepan of boiling water; keep stirring well until it thickens, but do not allow it to boil, or it will curdle. Serve the sauce in a tureen, stir in the brandy, and grate a little nutmeg over the top.",Libri_1919,neutral,LibriTTS_R
raw_datasets/LibriTTS_R/Speaker_1919/1919_neutral_00_01231.wav,Veal Quenelles.,Libri_1919,neutral,LibriTTS_R
raw_datasets/LibriTTS_R/Speaker_1919/1919_neutral_00_01232.wav,"When they are a good colour, take them off the fire and let them cool; cut them in quarters, take out the seeds and pulp, and put them into cold water.",Libri_1919,neutral,LibriTTS_R
raw_datasets/LibriTTS_R/Speaker_1919/1919_neutral_00_01233.wav,"Great attention must be paid to the directions in the commencement of this recipe, as, if these are not properly carried out, the result will be far from satisfactory.",Libri_1919,neutral,LibriTTS_R
raw_datasets/LibriTTS_R/Speaker_1919/1919_neutral_00_01234.wav,"FORCEMEAT, or QUENELLES, FOR TURTLE SOUP.",Libri_1919,neutral,LibriTTS_R
raw_datasets/LibriTTS_R/Speaker_1919/1919_neutral_00_01235.wav,"It is a bulbous root, and when full grown, its leaves wither in July.",Libri_1919,neutral,LibriTTS_R
raw_datasets/LibriTTS_R/Speaker_1919/1919_neutral_00_01236.wav,"Originally, the most valuable of these were found in the Spice Islands, or Moluccas, of the Indian Ocean, and were highly prized by the nations of antiquity.",Libri_1919,neutral,LibriTTS_R
raw_datasets/LibriTTS_R/Speaker_1919/1919_neutral_00_01237.wav,"When the three ingredients are properly prepared, pound them altogether in a mortar for some time; for the more quenelles are pounded, the more delicate they are.",Libri_1919,neutral,LibriTTS_R
raw_datasets/LibriTTS_R/Speaker_1919/1919_neutral_00_01238.wav,"Pound well, and bind with one or two eggs which have been previously beaten and strained.",Libri_1919,neutral,LibriTTS_R
raw_datasets/LibriTTS_R/Speaker_1919/1919_neutral_00_01239.wav,Boiled Calf's Udder for French Forcemeats.,Libri_1919,neutral,LibriTTS_R
raw_datasets/LibriTTS_R/Speaker_1919/1919_neutral_00_01240.wav,Some also come from saint Helena; but those from Spain are esteemed the best.,Libri_1919,neutral,LibriTTS_R
raw_datasets/LibriTTS_R/Speaker_1919/1919_neutral_00_01241.wav,"Put some lard, or clarified dripping, into a frying pan; bring it to the boiling point, throw in the crumbs, and fry them very quickly. Directly they are done, lift them out with a slice, and drain them before the fire from all greasy moisture.",Libri_1919,neutral,LibriTTS_R
raw_datasets/LibriTTS_R/Speaker_1919/1919_neutral_00_01242.wav,"Let them remain for two days, changing the water twice each day, to draw out the salt.",Libri_1919,neutral,LibriTTS_R
raw_datasets/LibriTTS_R/Speaker_1919/1919_neutral_00_01243.wav,PESTLE AND MORTAR.--No cookery can be perfectly performed without the aid of the useful instruments shown in the engraving.,Libri_1919,neutral,LibriTTS_R
raw_datasets/LibriTTS_R/Speaker_1919/1919_neutral_00_01244.wav,four hundred.,Libri_1919,neutral,LibriTTS_R
raw_datasets/LibriTTS_R/Speaker_1919/1919_neutral_00_01245.wav,Boil them before they are put into the soup or other dish they may be intended for.,Libri_1919,neutral,LibriTTS_R
raw_datasets/LibriTTS_R/Speaker_1919/1919_neutral_00_01246.wav,"Now wash them well in fresh water, and dress as usual with pepper, vinegar, and oil.",Libri_1919,neutral,LibriTTS_R
raw_datasets/LibriTTS_R/Speaker_1919/1919_neutral_00_01247.wav,FORCEMEAT FOR BAKED PIKE.,Libri_1919,neutral,LibriTTS_R
raw_datasets/LibriTTS_R/Speaker_1919/1919_neutral_00_01248.wav,"The winter sweet marjoram used for the same purposes, is a native of Greece, and the pot marjoram is another variety brought from Sicily.",Libri_1919,neutral,LibriTTS_R
raw_datasets/LibriTTS_R/Speaker_1919/1919_neutral_00_01249.wav,"Any one with the slightest pretensions to refined cookery, must, in this particular, implicitly follow the example of our friends across the Channel.",Libri_1919,neutral,LibriTTS_R
raw_datasets/LibriTTS_R/Speaker_1919/1919_neutral_00_01250.wav,"The long pepper is less aromatic than the black, but its oil is more pungent.",Libri_1919,neutral,LibriTTS_R
raw_datasets/LibriTTS_R/Speaker_1919/1919_neutral_00_01251.wav,"If it should be in an unsound state, it must be on no account made use of.",Libri_1919,neutral,LibriTTS_R
raw_datasets/LibriTTS_R/Speaker_6313/6313_neutral_00_01252.wav,CHAPTER twelve,Libri_6313,neutral,LibriTTS_R
raw_datasets/LibriTTS_R/Speaker_6313/6313_neutral_00_01253.wav,ROUGH RIDERS IN THE SADDLE,Libri_6313,neutral,LibriTTS_R
raw_datasets/LibriTTS_R/Speaker_6313/6313_neutral_00_01254.wav,He no doubt would bring food of some kind with him.,Libri_6313,neutral,LibriTTS_R
raw_datasets/LibriTTS_R/Speaker_6313/6313_neutral_00_01255.wav,"The fire would be ready and thus no time would be lost in preparing the first meal of the day, which, in this case, would be breakfast, dinner and supper all in one.",Libri_6313,neutral,LibriTTS_R
raw_datasets/LibriTTS_R/Speaker_6313/6313_neutral_00_01256.wav,"The boys awaited the guide's approach with impatience, some pacing back and forth, while others coaxed the fire into a roaring blaze, at the same time confiding to each other how hungry they were.",Libri_6313,neutral,LibriTTS_R
raw_datasets/LibriTTS_R/Speaker_6313/6313_neutral_00_01257.wav,"It was a gladsome sound to this band of hungry boys, whose ordinarily healthy appetites, under the bracing mountain air and the long fast, had taken on what the Professor described as a ""razor edge.""",Libri_6313,neutral,LibriTTS_R
raw_datasets/LibriTTS_R/Speaker_6313/6313_neutral_00_01258.wav,"""Now you may go,"" he nodded.",Libri_6313,neutral,LibriTTS_R
raw_datasets/LibriTTS_R/Speaker_6313/6313_neutral_00_01259.wav,"With a shout, the boys dashed pell mell to meet the pack train, and, falling in behind the slow moving burros, urged them on with derisive shouts and sundry resounding slaps on the animals' flanks.",Libri_6313,neutral,LibriTTS_R
raw_datasets/LibriTTS_R/Speaker_6313/6313_neutral_00_01260.wav,"""Had anything to eat!"" asked the guide.",Libri_6313,neutral,LibriTTS_R
raw_datasets/LibriTTS_R/Speaker_6313/6313_neutral_00_01261.wav,"""Not enough to give us indigestion,"" answered Ned.",Libri_6313,neutral,LibriTTS_R
raw_datasets/LibriTTS_R/Speaker_6313/6313_neutral_00_01262.wav,"""Cold water is the most nourishing thing we've touched since last night.""",Libri_6313,neutral,LibriTTS_R
raw_datasets/LibriTTS_R/Speaker_6313/6313_neutral_00_01263.wav,"""But I left you a rabbit.",Libri_6313,neutral,LibriTTS_R
raw_datasets/LibriTTS_R/Speaker_6313/6313_neutral_00_01264.wav,"Didn't you find it?""",Libri_6313,neutral,LibriTTS_R
raw_datasets/LibriTTS_R/Speaker_6313/6313_neutral_00_01265.wav,"""We did not.",Libri_6313,neutral,LibriTTS_R
raw_datasets/LibriTTS_R/Speaker_6313/6313_neutral_00_01266.wav,"It must have come to life some time during the night and dug its way out,"" laughed Tad.",Libri_6313,neutral,LibriTTS_R
raw_datasets/LibriTTS_R/Speaker_6313/6313_neutral_00_01267.wav,"""And we've got a surprise for you,"" announced Stacy, swelling with pride.",Libri_6313,neutral,LibriTTS_R
raw_datasets/LibriTTS_R/Speaker_6313/6313_neutral_00_01268.wav,"""You'll see when you get to camp,"" answered Chunky.",Libri_6313,neutral,LibriTTS_R
raw_datasets/LibriTTS_R/Speaker_6313/6313_neutral_00_01269.wav,"""I don't need guns to hunt with.",Libri_6313,neutral,LibriTTS_R
raw_datasets/LibriTTS_R/Speaker_6313/6313_neutral_00_01270.wav,"A stout club for mine.""",Libri_6313,neutral,LibriTTS_R
raw_datasets/LibriTTS_R/Speaker_6313/6313_neutral_00_01271.wav,"By the time the meal was ready the tents had been pitched and the boys had returned from the spring, rubbing their faces with their coarse towels, their cheeks glowing and their eyes sparkling in anticipation of the feast.",Libri_6313,neutral,LibriTTS_R
raw_datasets/LibriTTS_R/Speaker_6313/6313_neutral_00_01272.wav,"Chunky reached the table first, greedily surveying what had been placed on it.",Libri_6313,neutral,LibriTTS_R
raw_datasets/LibriTTS_R/Speaker_6313/6313_neutral_00_01273.wav,"What do you think of that?""",Libri_6313,neutral,LibriTTS_R
raw_datasets/LibriTTS_R/Speaker_6313/6313_neutral_00_01274.wav,"""Honey?",Libri_6313,neutral,LibriTTS_R
raw_datasets/LibriTTS_R/Speaker_6313/6313_neutral_00_01275.wav,"Why, mr Thomas, where did you get honey?"" asked Walter.",Libri_6313,neutral,LibriTTS_R
raw_datasets/LibriTTS_R/Speaker_6313/6313_neutral_00_01276.wav,"""Found a bee tree on my way back, and cut it down.",Libri_6313,neutral,LibriTTS_R
raw_datasets/LibriTTS_R/Speaker_6313/6313_neutral_00_01277.wav,"""We'll take all chances,"" advised Ned.",Libri_6313,neutral,LibriTTS_R
raw_datasets/LibriTTS_R/Speaker_6313/6313_neutral_00_01278.wav,"""But what's this!",Libri_6313,neutral,LibriTTS_R
raw_datasets/LibriTTS_R/Speaker_6313/6313_neutral_00_01279.wav,"It looks like jam.""",Libri_6313,neutral,LibriTTS_R
raw_datasets/LibriTTS_R/Speaker_6313/6313_neutral_00_01280.wav,"""Yes; wild plum jam,"" answered the guide.",Libri_6313,neutral,LibriTTS_R
raw_datasets/LibriTTS_R/Speaker_6313/6313_neutral_00_01281.wav,"""Now, fall to, young gentlemen,"" directed the Professor.",Libri_6313,neutral,LibriTTS_R
raw_datasets/LibriTTS_R/Speaker_6313/6313_neutral_00_01282.wav,"""I am free to admit that I am hungry, too.",Libri_6313,neutral,LibriTTS_R
raw_datasets/LibriTTS_R/Speaker_6313/6313_neutral_00_01283.wav,"I think I shall help myself to some of that wild plum jam and biscuit, first It reminds me of old times.",Libri_6313,neutral,LibriTTS_R
raw_datasets/LibriTTS_R/Speaker_6313/6313_neutral_00_01284.wav,"We sometimes had jam when I was with the German----""",Libri_6313,neutral,LibriTTS_R
raw_datasets/LibriTTS_R/Speaker_6313/6313_neutral_00_01285.wav,"""Army,"" added Ned.",Libri_6313,neutral,LibriTTS_R
raw_datasets/LibriTTS_R/Speaker_6313/6313_neutral_00_01286.wav,"""Yes.""",Libri_6313,neutral,LibriTTS_R
raw_datasets/LibriTTS_R/Speaker_6313/6313_neutral_00_01287.wav,Chunky did even better than that.,Libri_6313,neutral,LibriTTS_R
raw_datasets/LibriTTS_R/Speaker_6313/6313_neutral_00_01288.wav,"He buried his biscuit under a layer of jam, over which he spread a thick coating of honey.",Libri_6313,neutral,LibriTTS_R
raw_datasets/LibriTTS_R/Speaker_6313/6313_neutral_00_01289.wav,Ned fixed him with a stern eye.,Libri_6313,neutral,LibriTTS_R
raw_datasets/LibriTTS_R/Speaker_6313/6313_neutral_00_01290.wav,"""Remember, sir, that a certain amount of dignity befits the office of president of the Pony Riders Club,"" he said.",Libri_6313,neutral,LibriTTS_R
raw_datasets/LibriTTS_R/Speaker_6313/6313_neutral_00_01291.wav,Chunky colored.,Libri_6313,neutral,LibriTTS_R
raw_datasets/LibriTTS_R/Speaker_6313/6313_neutral_00_01292.wav,"""It's good, anyway.""",Libri_6313,neutral,LibriTTS_R
raw_datasets/LibriTTS_R/Speaker_6313/6313_neutral_00_01293.wav,"""Then, I think I'll try some myself,"" announced Ned, helping himself liberally to the honey and jam.",Libri_6313,neutral,LibriTTS_R
raw_datasets/LibriTTS_R/Speaker_6313/6313_neutral_00_01294.wav,"""I'd lose my dignity for a mouthful of that, any day,"" he decided after having sampled the combination. ""President Brown, I withdraw my criticism.",Libri_6313,neutral,LibriTTS_R
raw_datasets/LibriTTS_R/Speaker_6313/6313_neutral_00_01295.wav,I offer you my humble apologies.,Libri_6313,neutral,LibriTTS_R
raw_datasets/LibriTTS_R/Speaker_6313/6313_neutral_00_01296.wav,"Next thing we know you'll be providing us with bear steak.""",Libri_6313,neutral,LibriTTS_R
raw_datasets/LibriTTS_R/Speaker_6313/6313_neutral_00_01297.wav,"""Are there bears up here?""",Libri_6313,neutral,LibriTTS_R
raw_datasets/LibriTTS_R/Speaker_6313/6313_neutral_00_01298.wav,"""I reckon there are,"" smiled the guide.",Libri_6313,neutral,LibriTTS_R
raw_datasets/LibriTTS_R/Speaker_6313/6313_neutral_00_01299.wav,"I came near losing my life too, and----""",Libri_6313,neutral,LibriTTS_R
raw_datasets/LibriTTS_R/Speaker_6313/6313_neutral_00_01300.wav,"""A cave?"" interrupted Tad.",Libri_6313,neutral,LibriTTS_R
raw_datasets/LibriTTS_R/Speaker_6313/6313_neutral_00_01301.wav,"Besides this, there are many abandoned mines up the range further.",Libri_6313,neutral,LibriTTS_R
raw_datasets/LibriTTS_R/Speaker_6313/6313_neutral_00_01302.wav,"""All you want.",Libri_6313,neutral,LibriTTS_R
raw_datasets/LibriTTS_R/Speaker_6313/6313_neutral_00_01303.wav,This announcement filled the boys with excitement.,Libri_6313,neutral,LibriTTS_R
raw_datasets/LibriTTS_R/Speaker_6313/6313_neutral_00_01304.wav,"""That depends.",Libri_6313,neutral,LibriTTS_R
raw_datasets/LibriTTS_R/Speaker_6313/6313_neutral_00_01305.wav,Perhaps Tuesday.,Libri_6313,neutral,LibriTTS_R
raw_datasets/LibriTTS_R/Speaker_6313/6313_neutral_00_01306.wav,We shall need a dog.,Libri_6313,neutral,LibriTTS_R
raw_datasets/LibriTTS_R/Speaker_6313/6313_neutral_00_01307.wav,"But I know an old settler who will lend us his dog, if it is not out.",Libri_6313,neutral,LibriTTS_R
raw_datasets/LibriTTS_R/Speaker_6313/6313_neutral_00_01308.wav,"Of course, dogs can't follow the trail of an animal as well, now, as they could with snow on the ground.",Libri_6313,neutral,LibriTTS_R
raw_datasets/LibriTTS_R/Speaker_6313/6313_neutral_00_01309.wav,"But this dog, you will find, is a wonder.",Libri_6313,neutral,LibriTTS_R
raw_datasets/LibriTTS_R/Speaker_6313/6313_neutral_00_01310.wav,"""I think I'll ride my own pony and let the dog walk,"" announced Ned.",Libri_6313,neutral,LibriTTS_R
raw_datasets/LibriTTS_R/Speaker_6313/6313_neutral_00_01311.wav,"Supper having been finished, the party gathered about the camp fire for their evening chat, after which, admonishing Stacy to keep within his tent and not to go borrowing trouble, the boys turned in for a sound sleep.",Libri_6313,neutral,LibriTTS_R
raw_datasets/LibriTTS_R/Speaker_6313/6313_neutral_00_01312.wav,"As yet, they had been unable to attempt any fancy riding with their ponies, owing to the rugged nature of the country through which they had been journeying.",Libri_6313,neutral,LibriTTS_R
raw_datasets/LibriTTS_R/Speaker_6313/6313_neutral_00_01313.wav,"The guide said that, by making a detour in their journey that day, they would cross table lands several acres in extent and covered with grass.",Libri_6313,neutral,LibriTTS_R
raw_datasets/LibriTTS_R/Speaker_6313/6313_neutral_00_01314.wav,"The trail is so plainly marked that he can't miss it.""",Libri_6313,neutral,LibriTTS_R
raw_datasets/LibriTTS_R/Speaker_6313/6313_neutral_00_01315.wav,"The boys were now all anxiety to start, while the ponies, after their Sunday rest, were almost as full of life as were their owners.",Libri_6313,neutral,LibriTTS_R
raw_datasets/LibriTTS_R/Speaker_6313/6313_neutral_00_01316.wav,"The little animals were becoming more sure footed every day, and Ned said that, before the trip was finished, ""Jimmie"" would be able to walk a slack rope.",Libri_6313,neutral,LibriTTS_R
raw_datasets/LibriTTS_R/Speaker_6313/6313_neutral_00_01317.wav,"An early start was made, so that the party reached the promised table lands shortly before ten o'clock in the forenoon.",Libri_6313,neutral,LibriTTS_R
raw_datasets/LibriTTS_R/Speaker_6313/6313_neutral_00_01318.wav,A temporary camp was quickly pitched.,Libri_6313,neutral,LibriTTS_R
raw_datasets/LibriTTS_R/Speaker_6313/6313_neutral_00_01319.wav,"At their urgent request, Professor Zepplin told the boys to go ahead and enjoy themselves.",Libri_6313,neutral,LibriTTS_R
raw_datasets/LibriTTS_R/Speaker_6313/6313_neutral_00_01320.wav,"""I guess I had better go along to see that you do not.""",Libri_6313,neutral,LibriTTS_R
raw_datasets/LibriTTS_R/Speaker_6313/6313_neutral_00_01321.wav,"They assured him that nothing was further from their intention, and quickly casting aside guns and cartridge belts, they threw themselves into their saddles again for a jolly romp.",Libri_6313,neutral,LibriTTS_R
raw_datasets/LibriTTS_R/Speaker_6313/6313_neutral_00_01322.wav,"The great, green field, surrounded on all sides by tall trees, made the place an ideal one for their purpose.",Libri_6313,neutral,LibriTTS_R
raw_datasets/LibriTTS_R/Speaker_6313/6313_neutral_00_01323.wav,"""Suppose we start with a race?",Libri_6313,neutral,LibriTTS_R
raw_datasets/LibriTTS_R/Speaker_6313/6313_neutral_00_01324.wav,We'll race the length of the field and back.,Libri_6313,neutral,LibriTTS_R
raw_datasets/LibriTTS_R/Speaker_6313/6313_neutral_00_01325.wav,"We'll do it three times, and the one who wins two times out of three will be it.""",Libri_6313,neutral,LibriTTS_R
raw_datasets/LibriTTS_R/Speaker_6313/6313_neutral_00_01326.wav,To this all agreed.,Libri_6313,neutral,LibriTTS_R
raw_datasets/LibriTTS_R/Speaker_6313/6313_neutral_00_01327.wav,Walter Perkins won the heat.,Libri_6313,neutral,LibriTTS_R
raw_datasets/LibriTTS_R/Speaker_6313/6313_neutral_00_01328.wav,The next two heats were different.,Libri_6313,neutral,LibriTTS_R
raw_datasets/LibriTTS_R/Speaker_6313/6313_neutral_00_01329.wav,This time the battle lay between Tad Butler and Ned Rector.,Libri_6313,neutral,LibriTTS_R
raw_datasets/LibriTTS_R/Speaker_6313/6313_neutral_00_01330.wav,"It was a beautiful race, the little Indian ponies seeming to enter thoroughly into the spirit of the contest, stretching themselves out to their full lengths, and, with heads on a level with their backs, fairly flew across the great plot of green.",Libri_6313,neutral,LibriTTS_R
raw_datasets/LibriTTS_R/Speaker_6313/6313_neutral_00_01331.wav,Up to within a moment of the finish of the second heat the two ponies were racing neck and neck.,Libri_6313,neutral,LibriTTS_R
raw_datasets/LibriTTS_R/Speaker_6313/6313_neutral_00_01332.wav,"Tad hitched in his saddle a little, throwing the greater part of his weight on the stirrups.",Libri_6313,neutral,LibriTTS_R
raw_datasets/LibriTTS_R/Speaker_6313/6313_neutral_00_01333.wav,He slapped Texas sharply on the flank with the flat of his hand.,Libri_6313,neutral,LibriTTS_R
raw_datasets/LibriTTS_R/Speaker_6313/6313_neutral_00_01334.wav,"Texas seemed to leap clear of the ground, planting himself on all fours just over the line, the winner by a neck.",Libri_6313,neutral,LibriTTS_R
raw_datasets/LibriTTS_R/Speaker_6313/6313_neutral_00_01335.wav,The third heat was merely a repetition of the second.,Libri_6313,neutral,LibriTTS_R
raw_datasets/LibriTTS_R/Speaker_6313/6313_neutral_00_01336.wav,"By this time, the boys had come to feel fully as much at home in the saddle as they formerly had been out of it.",Libri_6313,neutral,LibriTTS_R
raw_datasets/LibriTTS_R/Speaker_6313/6313_neutral_00_01337.wav,"Even Stacy Brown, though he did not sit his saddle with the same grace that marked the riding of Tad Butler and Ned Rector, more practiced horsemen, was nevertheless no mean rider.",Libri_6313,neutral,LibriTTS_R
raw_datasets/LibriTTS_R/Speaker_6313/6313_neutral_00_01338.wav,"Galloping into camp the boy fetched his sombrero, which he carried well out into the field and tossed away.",Libri_6313,neutral,LibriTTS_R
raw_datasets/LibriTTS_R/Speaker_6313/6313_neutral_00_01339.wav,All at once he dropped to the saddle and slipped the left foot from the stirrup.,Libri_6313,neutral,LibriTTS_R
raw_datasets/LibriTTS_R/Speaker_6313/6313_neutral_00_01340.wav,"Grasping the pommel with the left hand, he appeared to dive head first toward the ground.",Libri_6313,neutral,LibriTTS_R
raw_datasets/LibriTTS_R/Speaker_6313/6313_neutral_00_01341.wav,"""Huh!",Libri_6313,neutral,LibriTTS_R
raw_datasets/LibriTTS_R/Speaker_6313/6313_neutral_00_01342.wav,That's nothing.,Libri_6313,neutral,LibriTTS_R
raw_datasets/LibriTTS_R/Speaker_6313/6313_neutral_00_01343.wav,"I can do that myself,"" he grunted.",Libri_6313,neutral,LibriTTS_R
raw_datasets/LibriTTS_R/Speaker_6313/6313_neutral_00_01344.wav,"""I've seen them do that in the wild west shows too many times not to know how myself.""",Libri_6313,neutral,LibriTTS_R
raw_datasets/LibriTTS_R/Speaker_6313/6313_neutral_00_01345.wav,"Walter smiled, with a twinkle in his eyes.",Libri_6313,neutral,LibriTTS_R
raw_datasets/LibriTTS_R/Speaker_6313/6313_neutral_00_01346.wav,"""Why not show us, then?"" he said.",Libri_6313,neutral,LibriTTS_R
raw_datasets/LibriTTS_R/Speaker_6313/6313_neutral_00_01347.wav,"""I will,"" replied Chunky, confidently.",Libri_6313,neutral,LibriTTS_R
raw_datasets/LibriTTS_R/Speaker_6313/6313_neutral_00_01348.wav,"""Got your life insured?"" asked Ned.",Libri_6313,neutral,LibriTTS_R
raw_datasets/LibriTTS_R/Speaker_6313/6313_neutral_00_01349.wav,"""If you haven't I would advise you to go easy.",Libri_6313,neutral,LibriTTS_R
raw_datasets/LibriTTS_R/Speaker_6313/6313_neutral_00_01350.wav,"""Don't you worry about me, Ned Rector.",Libri_6313,neutral,LibriTTS_R
raw_datasets/LibriTTS_R/Speaker_6313/6313_neutral_00_01351.wav,Guess I know how to ride.,Libri_6313,neutral,LibriTTS_R
raw_datasets/LibriTTS_R/Speaker_6313/6313_neutral_00_01352.wav,"Let me have that hat, Tad,"" he demanded as the latter came trotting up to the group.",Libri_6313,neutral,LibriTTS_R
raw_datasets/LibriTTS_R/Speaker_6313/6313_neutral_00_01353.wav,"Stacy, his face flushed, determination plainly showing in his eyes, stretched forth his hand for the sombrero.",Libri_6313,neutral,LibriTTS_R
raw_datasets/LibriTTS_R/Speaker_6313/6313_neutral_00_01354.wav,"Riding bravely out into the field, he tossed it to the ground.",Libri_6313,neutral,LibriTTS_R
raw_datasets/LibriTTS_R/Speaker_6313/6313_neutral_00_01355.wav,Stacy dismounted and removed the hat carefully to one side.,Libri_6313,neutral,LibriTTS_R
raw_datasets/LibriTTS_R/Speaker_6313/6313_neutral_00_01356.wav,"I couldn't get it,"" explained Chunky.",Libri_6313,neutral,LibriTTS_R
raw_datasets/LibriTTS_R/Speaker_6313/6313_neutral_00_01357.wav,"""Why don't you move the pony?",Libri_6313,neutral,LibriTTS_R
raw_datasets/LibriTTS_R/Speaker_6313/6313_neutral_00_01358.wav,"You don't have to move the hat, you ninny.""",Libri_6313,neutral,LibriTTS_R
raw_datasets/LibriTTS_R/Speaker_6313/6313_neutral_00_01359.wav,"""Be careful, Chunky,"" warned Walter.",Libri_6313,neutral,LibriTTS_R
raw_datasets/LibriTTS_R/Speaker_6313/6313_neutral_00_01360.wav,"""He's got to learn,"" declared Tad.",Libri_6313,neutral,LibriTTS_R
raw_datasets/LibriTTS_R/Speaker_6313/6313_neutral_00_01361.wav,Then Chunky essayed the feat.,Libri_6313,neutral,LibriTTS_R
raw_datasets/LibriTTS_R/Speaker_6313/6313_neutral_00_01362.wav,"At the moment when he freed his left foot from the stirrup, he threw his body sharply to the right, reaching for the hat without taking the precaution to grasp the pommel.",Libri_6313,neutral,LibriTTS_R
raw_datasets/LibriTTS_R/Speaker_6313/6313_neutral_00_01363.wav,"As a result, instead of stopping when he reached the hat, the boy kept on going.",Libri_6313,neutral,LibriTTS_R
raw_datasets/LibriTTS_R/Speaker_6313/6313_neutral_00_01364.wav,"Fortunately, his right foot freed itself from the stirrup at the same time, or there might have been a different ending.",Libri_6313,neutral,LibriTTS_R
raw_datasets/LibriTTS_R/Speaker_6313/6313_neutral_00_01365.wav,"Chunky turned a double somersault, lay still for a moment, then struggled up, rubbing his body gingerly, as the rest of the party came hurrying up to him.",Libri_6313,neutral,LibriTTS_R
raw_datasets/LibriTTS_R/Speaker_6313/6313_neutral_00_01366.wav,"""Are you hurt?"" asked Tad apprehensively.",Libri_6313,neutral,LibriTTS_R
raw_datasets/LibriTTS_R/Speaker_6313/6313_neutral_00_01367.wav,"""We are in the bear country now.",Libri_6313,neutral,LibriTTS_R
raw_datasets/LibriTTS_R/Speaker_6313/6313_neutral_00_01368.wav,"""I'll show you,"" promised Tad.",Libri_6313,neutral,LibriTTS_R
raw_datasets/LibriTTS_R/Speaker_6313/6313_neutral_00_01369.wav,Ned took his defeat good naturedly.,Libri_6313,neutral,LibriTTS_R
raw_datasets/LibriTTS_R/Speaker_6313/6313_neutral_00_01370.wav,"""Yes, the country is full of caves.",Libri_6313,neutral,LibriTTS_R
raw_datasets/LibriTTS_R/Speaker_6313/6313_neutral_00_01371.wav,"""Hooray, fellows!"" he shouted.",Libri_6313,neutral,LibriTTS_R
raw_datasets/LibriTTS_R/Speaker_6313/6313_neutral_00_01372.wav,"""What I want to know, is, when do we go hunting?"" asked Ned.",Libri_6313,neutral,LibriTTS_R
raw_datasets/LibriTTS_R/Speaker_6313/6313_neutral_00_01373.wav,"All agreed that Tad's superior horsemanship, alone, had won the race for him.",Libri_6313,neutral,LibriTTS_R
raw_datasets/LibriTTS_R/Speaker_6313/6313_neutral_00_01374.wav,"Running to the edge of the cliff, he leaned over and listened intently.",Libri_6313,neutral,LibriTTS_R
raw_datasets/LibriTTS_R/Speaker_6313/6313_neutral_00_01375.wav,A moment more and he too caught the plaintive cry for help from below.,Libri_6313,neutral,LibriTTS_R
raw_datasets/LibriTTS_R/Speaker_6313/6313_neutral_00_01376.wav,"""Keep back!",Libri_6313,neutral,LibriTTS_R
raw_datasets/LibriTTS_R/Speaker_6313/6313_neutral_00_01377.wav,"""You'll all be over if you don't have a care.",Libri_6313,neutral,LibriTTS_R
raw_datasets/LibriTTS_R/Speaker_6313/6313_neutral_00_01378.wav,"""What is it?"" demanded the Professor breathlessly.",Libri_6313,neutral,LibriTTS_R
raw_datasets/LibriTTS_R/Speaker_6313/6313_neutral_00_01379.wav,"""It's Master Walt,"" snapped the guide.",Libri_6313,neutral,LibriTTS_R
raw_datasets/LibriTTS_R/Speaker_6313/6313_neutral_00_01380.wav,Don't move an inch.,Libri_6313,neutral,LibriTTS_R
raw_datasets/LibriTTS_R/Speaker_6313/6313_neutral_00_01381.wav,"I'm going back for a torch,"" he commanded, leaping by them on his way to the camp fire.",Libri_6313,neutral,LibriTTS_R
raw_datasets/LibriTTS_R/Speaker_6313/6313_neutral_00_01382.wav,"""Where-is-he?"" stammered the Professor, not observing that the guide had left them.",Libri_6313,neutral,LibriTTS_R
raw_datasets/LibriTTS_R/Speaker_6313/6313_neutral_00_01383.wav,"""Down there, sir,"" explained Tad, pointing to the ledge of rock over which Walter had fallen.",Libri_6313,neutral,LibriTTS_R
raw_datasets/LibriTTS_R/Speaker_6313/6313_neutral_00_01384.wav,"""I know-I know-but----""",Libri_6313,neutral,LibriTTS_R
raw_datasets/LibriTTS_R/Speaker_6313/6313_neutral_00_01385.wav,"""I heard him call.",Libri_6313,neutral,LibriTTS_R
raw_datasets/LibriTTS_R/Speaker_6313/6313_neutral_00_01386.wav,Walt's alive!,Libri_6313,neutral,LibriTTS_R
raw_datasets/LibriTTS_R/Speaker_6313/6313_neutral_00_01387.wav,"But I don't know how we are going to get him.""",Libri_6313,neutral,LibriTTS_R
raw_datasets/LibriTTS_R/Speaker_6313/6313_neutral_00_01388.wav,The shout of joy that had framed itself on the lips of Ned Rector and Stacy Brown died out in an indistinct murmur.,Libri_6313,neutral,LibriTTS_R
raw_datasets/LibriTTS_R/Speaker_6313/6313_neutral_00_01389.wav,"""Is it possible!",Libri_6313,neutral,LibriTTS_R
raw_datasets/LibriTTS_R/Speaker_6313/6313_neutral_00_01390.wav,"What are we going to do, Thomas-how are we to rescue the boy?""",Libri_6313,neutral,LibriTTS_R
raw_datasets/LibriTTS_R/Speaker_6313/6313_neutral_00_01391.wav,"""See anything?"" asked Tad tremulously, creeping to his side.",Libri_6313,neutral,LibriTTS_R
raw_datasets/LibriTTS_R/Speaker_6313/6313_neutral_00_01392.wav,"""Looks like a clump of bushes down there.",Libri_6313,neutral,LibriTTS_R
raw_datasets/LibriTTS_R/Speaker_6313/6313_neutral_00_01393.wav,"Can you make it out?""",Libri_6313,neutral,LibriTTS_R
raw_datasets/LibriTTS_R/Speaker_6313/6313_neutral_00_01394.wav,"""no",Libri_6313,neutral,LibriTTS_R
raw_datasets/LibriTTS_R/Speaker_6313/6313_neutral_00_01395.wav,All I can see is rocks and shadows.,Libri_6313,neutral,LibriTTS_R
raw_datasets/LibriTTS_R/Speaker_6313/6313_neutral_00_01396.wav,"Where is it that you think you see bushes?""",Libri_6313,neutral,LibriTTS_R
raw_datasets/LibriTTS_R/Speaker_6313/6313_neutral_00_01397.wav,"""Over there to the right, just near the edge of the light space made by the torch light,"" answered the guide.",Libri_6313,neutral,LibriTTS_R
raw_datasets/LibriTTS_R/Speaker_6313/6313_neutral_00_01398.wav,"""Yes,"" agreed Tad, ""that does look like bushes.",Libri_6313,neutral,LibriTTS_R
raw_datasets/LibriTTS_R/Speaker_6313/6313_neutral_00_01399.wav,"""All right, old man.",Libri_6313,neutral,LibriTTS_R
raw_datasets/LibriTTS_R/Speaker_6313/6313_neutral_00_01400.wav,Stick tight and don't get scared.,Libri_6313,neutral,LibriTTS_R
raw_datasets/LibriTTS_R/Speaker_6313/6313_neutral_00_01401.wav,"We'll have you out of that in no time.""",Libri_6313,neutral,LibriTTS_R
raw_datasets/LibriTTS_R/Speaker_6313/6313_neutral_00_01402.wav,"""Don't move around.",Libri_6313,neutral,LibriTTS_R
raw_datasets/LibriTTS_R/Speaker_6313/6313_neutral_00_01403.wav,"Lie perfectly still,"" warned the guide.",Libri_6313,neutral,LibriTTS_R
raw_datasets/LibriTTS_R/Speaker_6313/6313_neutral_00_01404.wav,"""Are you hurt?""",Libri_6313,neutral,LibriTTS_R
raw_datasets/LibriTTS_R/Speaker_6313/6313_neutral_00_01405.wav,To this question Walter made some reply that was unintelligible to them.,Libri_6313,neutral,LibriTTS_R
raw_datasets/LibriTTS_R/Speaker_6313/6313_neutral_00_01406.wav,"""Now, what are we going to do, I'd like to know?"" asked Ned.",Libri_6313,neutral,LibriTTS_R
raw_datasets/LibriTTS_R/Speaker_6313/6313_neutral_00_01407.wav,"""It's a tough job.",Libri_6313,neutral,LibriTTS_R
raw_datasets/LibriTTS_R/Speaker_6313/6313_neutral_00_01408.wav,"""Why not get a rope and let it down to him,"" suggested Tad.",Libri_6313,neutral,LibriTTS_R
raw_datasets/LibriTTS_R/Speaker_6313/6313_neutral_00_01409.wav,"""Yes, that's the only way we can do it.",Libri_6313,neutral,LibriTTS_R
raw_datasets/LibriTTS_R/Speaker_6313/6313_neutral_00_01410.wav,"Hurry!""",Libri_6313,neutral,LibriTTS_R
raw_datasets/LibriTTS_R/Speaker_6313/6313_neutral_00_01411.wav,"The mountaineer quickly formed a loop in one end of the rope, making it large enough to permit of its slipping over the shoulders of a man.",Libri_6313,neutral,LibriTTS_R
raw_datasets/LibriTTS_R/Speaker_6313/6313_neutral_00_01412.wav,"""Hello, down there!",Libri_6313,neutral,LibriTTS_R
raw_datasets/LibriTTS_R/Speaker_6313/6313_neutral_00_01413.wav,Let me know when the rope reaches you.,Libri_6313,neutral,LibriTTS_R
raw_datasets/LibriTTS_R/Speaker_6313/6313_neutral_00_01414.wav,"Can you slip it over your shoulders and under your arms?"" called the guide.",Libri_6313,neutral,LibriTTS_R
raw_datasets/LibriTTS_R/Speaker_6313/6313_neutral_00_01415.wav,They gazed at each other in perplexity.,Libri_6313,neutral,LibriTTS_R
raw_datasets/LibriTTS_R/Speaker_6313/6313_neutral_00_01416.wav,"""Has-he---gone?"" asked the Professor weakly.",Libri_6313,neutral,LibriTTS_R
raw_datasets/LibriTTS_R/Speaker_6313/6313_neutral_00_01417.wav,"""no",Libri_6313,neutral,LibriTTS_R
raw_datasets/LibriTTS_R/Speaker_6313/6313_neutral_00_01418.wav,"""Fainted, probably.",Libri_6313,neutral,LibriTTS_R
raw_datasets/LibriTTS_R/Speaker_6313/6313_neutral_00_01419.wav,"He ain't very strong, you know.",Libri_6313,neutral,LibriTTS_R
raw_datasets/LibriTTS_R/Speaker_6313/6313_neutral_00_01420.wav,And that tumble's enough to knock the sense out of a full grown man.,Libri_6313,neutral,LibriTTS_R
raw_datasets/LibriTTS_R/Speaker_6313/6313_neutral_00_01421.wav,"Ain't no use to expect him to hook himself onto the line, even if he does wake up,"" decided the guide with emphasis, beginning to haul up the lariat, which he coiled neatly on the rock in front of him.",Libri_6313,neutral,LibriTTS_R
raw_datasets/LibriTTS_R/Speaker_6313/6313_neutral_00_01422.wav,"""Then what are we going to do?",Libri_6313,neutral,LibriTTS_R
raw_datasets/LibriTTS_R/Speaker_6313/6313_neutral_00_01423.wav,"We've got to get Walt up here, even if I have to jump over after him,"" said Tad firmly.",Libri_6313,neutral,LibriTTS_R
raw_datasets/LibriTTS_R/Speaker_6313/6313_neutral_00_01424.wav,"""Right you are, young man.",Libri_6313,neutral,LibriTTS_R
raw_datasets/LibriTTS_R/Speaker_6313/6313_neutral_00_01425.wav,But talking won't do it.,Libri_6313,neutral,LibriTTS_R
raw_datasets/LibriTTS_R/Speaker_6313/6313_neutral_00_01426.wav,"""What would you suggest!""",Libri_6313,neutral,LibriTTS_R
raw_datasets/LibriTTS_R/Speaker_6313/6313_neutral_00_01427.wav,"""In that case, you will have to go yourself, Thomas,"" decided the Professor sharply.",Libri_6313,neutral,LibriTTS_R
raw_datasets/LibriTTS_R/Speaker_6313/6313_neutral_00_01428.wav,"""I am the one to go after Walt, if anyone has to.",Libri_6313,neutral,LibriTTS_R
raw_datasets/LibriTTS_R/Speaker_6313/6313_neutral_00_01429.wav,"I'll go down, mr Thomas.""",Libri_6313,neutral,LibriTTS_R
raw_datasets/LibriTTS_R/Speaker_6313/6313_neutral_00_01430.wav,"""Master Tad is right,"" decided the guide, gazing at the two boys approvingly.",Libri_6313,neutral,LibriTTS_R
raw_datasets/LibriTTS_R/Speaker_6313/6313_neutral_00_01431.wav,"""It will be better for him to go, if he will----""",Libri_6313,neutral,LibriTTS_R
raw_datasets/LibriTTS_R/Speaker_6313/6313_neutral_00_01432.wav,"""And he most certainly will,"" interrupted Tad, advancing a step.",Libri_6313,neutral,LibriTTS_R
raw_datasets/LibriTTS_R/Speaker_6313/6313_neutral_00_01433.wav,"""I protest!"" shouted the Professor.",Libri_6313,neutral,LibriTTS_R
